Sortplan Id,L1 Office Name,L2 Office Name,Hub Level,Circel Name,From Pin,To Pin
25588,2CBPO NSH,2CBPO NSH,L1,APS CIRCLE,900099,900099
25588,NSH Gurgaon,FARIDABAD  ICH,L2,Haryana Circle,121001,121015
25588,NSH Gurgaon,FARIDABAD  ICH,L2,Haryana Circle,121101,123999
25588,NSH Gurgaon,Rewari ICH,L2,Haryana Circle,123001,123001
25588,NSH Gurgaon,Rewari ICH,L2,Haryana Circle,123021,123021
25588,NSH Gurgaon,Rewari ICH,L2,Haryana Circle,123023,123024
25588,NSH Gurgaon,Rewari ICH,L2,Haryana Circle,123027,123029
25588,NSH Gurgaon,Rewari ICH,L2,Haryana Circle,123034,123035
25588,NSH Gurgaon,Rewari ICH,L2,Haryana Circle,123101,123103
25588,NSH Gurgaon,Rewari ICH,L2,Haryana Circle,123106,123106
25588,NSH Gurgaon,Rewari ICH,L2,Haryana Circle,123110,123110
25588,NSH Gurgaon,Rewari ICH,L2,Haryana Circle,123301,123303
25588,NSH Gurgaon,Rewari ICH,L2,Haryana Circle,123401,123401
25588,NSH Gurgaon,Rewari ICH,L2,Haryana Circle,123411,123412
25588,NSH Gurgaon,Rewari ICH,L2,Haryana Circle,123501,123501
25588,Rohtak NSH,Hisar ICH,L2,Haryana Circle,125001,125001
25588,Rohtak NSH,Hisar ICH,L2,Haryana Circle,125002,125999
25588,Rohtak NSH,ICH Sonepat,L2,Haryana Circle,131001,131001
25588,Rohtak NSH,ICH Sonepat,L2,Haryana Circle,131002,131999
25588,Chandigarh NSH,Patiala ICH,L2,Punjab Circle,140401,140404
25588,Chandigarh NSH,Patiala ICH,L2,Punjab Circle,140405,140408
25588,Chandigarh NSH,Patiala ICH,L2,Punjab Circle,140409,140412
25588,Chandigarh NSH,Patiala ICH,L2,Punjab Circle,140414,140499
25588,Chandigarh NSH,Patiala ICH,L2,Punjab Circle,140600,140602
25588,Chandigarh NSH,Patiala ICH,L2,Punjab Circle,140605,140699
25588,Chandigarh NSH,Patiala ICH,L2,Punjab Circle,140700,140799
25588,Chandigarh NSH,Patiala ICH,L2,Punjab Circle,140701,140701
25588,Chandigarh NSH,Patiala ICH,L2,Punjab Circle,140702,140702
25588,Chandigarh NSH,Patiala ICH,L2,Punjab Circle,140802,140802
25588,Chandigarh NSH,Patiala ICH,L2,Punjab Circle,141411,141411
25588,Chandigarh NSH,Patiala ICH,L2,Punjab Circle,141801,141801
25588,Ludhiana NSH,Ferozepur ICH,L2,Punjab Circle,142001,142001
25588,Ludhiana NSH,Ferozepur ICH,L2,Punjab Circle,142002,142003
25588,Ludhiana NSH,Ferozepur ICH,L2,Punjab Circle,142011,142011
25588,Ludhiana NSH,Ferozepur ICH,L2,Punjab Circle,142037,142040
25588,Ludhiana NSH,Ferozepur ICH,L2,Punjab Circle,142041,142044
25588,Ludhiana NSH,Ferozepur ICH,L2,Punjab Circle,142045,142045
25588,Ludhiana NSH,Ferozepur ICH,L2,Punjab Circle,142046,142046
25588,Ludhiana NSH,Ferozepur ICH,L2,Punjab Circle,142047,142047
25588,Ludhiana NSH,Ferozepur ICH,L2,Punjab Circle,142048,142049
25588,Ludhiana NSH,Ferozepur ICH,L2,Punjab Circle,142050,142050
25588,Ludhiana NSH,Ferozepur ICH,L2,Punjab Circle,142052,142052
25588,Ludhiana NSH,Ferozepur ICH,L2,Punjab Circle,142053,142057
25588,Ludhiana NSH,Ferozepur ICH,L2,Punjab Circle,142058,142058
25588,Ludhiana NSH,Ferozepur ICH,L2,Punjab Circle,142060,142060
25588,Chandigarh NSH,Patiala ICH,L2,Punjab Circle,147000,147299
25588,Chandigarh NSH,Patiala ICH,L2,Punjab Circle,147001,147001
25588,Chandigarh NSH,Patiala ICH,L2,Punjab Circle,147002,147002
25588,Chandigarh NSH,Patiala ICH,L2,Punjab Circle,147003,147003
25588,Chandigarh NSH,Patiala ICH,L2,Punjab Circle,147004,147004
25588,Chandigarh NSH,Patiala ICH,L2,Punjab Circle,147005,147005
25588,Chandigarh NSH,Patiala ICH,L2,Punjab Circle,147006,147006
25588,Chandigarh NSH,Patiala ICH,L2,Punjab Circle,147007,147007
25588,Chandigarh NSH,Patiala ICH,L2,Punjab Circle,147021,147021
25588,Chandigarh NSH,Patiala ICH,L2,Punjab Circle,147102,147102
25588,Chandigarh NSH,Patiala ICH,L2,Punjab Circle,147103,147103
25588,Chandigarh NSH,Patiala ICH,L2,Punjab Circle,147104,147104
25588,Chandigarh NSH,Patiala ICH,L2,Punjab Circle,147105,147105
25588,Chandigarh NSH,Patiala ICH,L2,Punjab Circle,147111,147111
25588,Chandigarh NSH,Patiala ICH,L2,Punjab Circle,147201,147201
25588,Chandigarh NSH,Patiala ICH,L2,Punjab Circle,147202,147202
25588,Chandigarh NSH,Patiala ICH,L2,Punjab Circle,147203,147203
25588,Chandigarh NSH,Patiala ICH,L2,Punjab Circle,147301,147301
25588,Ludhiana NSH,Bathinda ICH,L2,Punjab Circle,151001,151005
25588,Ludhiana NSH,Bathinda ICH,L2,Punjab Circle,151007,151007
25588,Ludhiana NSH,Bathinda ICH,L2,Punjab Circle,151101,151106
25588,Ludhiana NSH,Bathinda ICH,L2,Punjab Circle,151108,151108
25588,Ludhiana NSH,Bathinda ICH,L2,Punjab Circle,151111,151111
25588,Ludhiana NSH,Bathinda ICH,L2,Punjab Circle,151201,151212
25588,Ludhiana NSH,Bathinda ICH,L2,Punjab Circle,151213,151213
25588,Ludhiana NSH,Bathinda ICH,L2,Punjab Circle,151214,151214
25588,Ludhiana NSH,Bathinda ICH,L2,Punjab Circle,151215,151215
25588,Ludhiana NSH,Bathinda ICH,L2,Punjab Circle,151301,151302
25588,Ludhiana NSH,Bathinda ICH,L2,Punjab Circle,151401,151401
25588,Ludhiana NSH,Bathinda ICH,L2,Punjab Circle,151501,151510
25588,Ludhiana NSH,Bathinda ICH,L2,Punjab Circle,151511,151511
25588,Ludhiana NSH,Ferozepur ICH,L2,Punjab Circle,152001,152005
25588,Ludhiana NSH,Ferozepur ICH,L2,Punjab Circle,152020,152024
25588,Ludhiana NSH,Bathinda ICH,L2,Punjab Circle,152025,152026
25588,Ludhiana NSH,Ferozepur ICH,L2,Punjab Circle,152028,152028
25588,Ludhiana NSH,Bathinda ICH,L2,Punjab Circle,152031,152032
25588,Ludhiana NSH,Ferozepur ICH,L2,Punjab Circle,152033,152033
25588,Ludhiana NSH,Bathinda ICH,L2,Punjab Circle,152101,152101
25588,Ludhiana NSH,Bathinda ICH,L2,Punjab Circle,152107,152107
25588,Ludhiana NSH,Bathinda ICH,L2,Punjab Circle,152112,152115
25588,Ludhiana NSH,Bathinda ICH,L2,Punjab Circle,152116,152118
25588,Ludhiana NSH,Bathinda ICH,L2,Punjab Circle,152121,152122
25588,Ludhiana NSH,Ferozepur ICH,L2,Punjab Circle,152123,152124
25588,Ludhiana NSH,Bathinda ICH,L2,Punjab Circle,152128,152132
25588,Shimla NSH,Rampur Bsr ICH,L2,Himachal Pradesh Circle,172001,172001
25588,Shimla NSH,Rampur Bsr ICH,L2,Himachal Pradesh Circle,172002,172002
25588,Shimla NSH,Rampur Bsr ICH,L2,Himachal Pradesh Circle,172201,172201
25588,Ambala NSH,ICH KALKA,L2,Himachal Pradesh Circle,173102,173102
25588,Ambala NSH,ICH KALKA,L2,Himachal Pradesh Circle,173104,173104
25588,Ambala NSH,ICH KALKA,L2,Himachal Pradesh Circle,173201,173202
25588,Ambala NSH,ICH KALKA,L2,Himachal Pradesh Circle,173204,173211
25588,Ambala NSH,ICH KALKA,L2,Himachal Pradesh Circle,173212,173212
25588,Ambala NSH,ICH KALKA,L2,Himachal Pradesh Circle,173213,173215
25588,Ambala NSH,ICH KALKA,L2,Himachal Pradesh Circle,173217,173218
25588,Ambala NSH,ICH KALKA,L2,Himachal Pradesh Circle,173220,173223
25588,Ambala NSH,ICH KALKA,L2,Himachal Pradesh Circle,173225,173225
25588,Ambala NSH,ICH KALKA,L2,Himachal Pradesh Circle,173229,173230
25588,Ambala NSH,ICH KALKA,L2,Himachal Pradesh Circle,173233,173236
25588,Ambala NSH,ICH KALKA,L2,Himachal Pradesh Circle,174101,174103
25588,Ambala NSH,IC HUB MANDI,L2,Himachal Pradesh Circle,175001,175001
25588,Ambala NSH,IC HUB MANDI,L2,Himachal Pradesh Circle,175002,175199
25588,Agra NSH,Aligarh ICH,L2,Uttar Pradesh Circle,202001,202002
25588,Agra NSH,Aligarh ICH,L2,Uttar Pradesh Circle,202116,202116
25588,Agra NSH,Aligarh ICH,L2,Uttar Pradesh Circle,202121,202143
25588,Agra NSH,Aligarh ICH,L2,Uttar Pradesh Circle,202145,202145
25588,Agra NSH,Aligarh ICH,L2,Uttar Pradesh Circle,202146,202146
25588,Agra NSH,Aligarh ICH,L2,Uttar Pradesh Circle,202150,202150
25588,Agra NSH,Aligarh ICH,L2,Uttar Pradesh Circle,202155,202155
25588,Agra NSH,Aligarh ICH,L2,Uttar Pradesh Circle,202165,202165
25588,Agra NSH,Aligarh ICH,L2,Uttar Pradesh Circle,202170,202170
25588,Agra NSH,Aligarh ICH,L2,Uttar Pradesh Circle,202280,202282
25588,Agra NSH,Aligarh ICH,L2,Uttar Pradesh Circle,204101,204102
25588,Agra NSH,Aligarh ICH,L2,Uttar Pradesh Circle,204211,204216
25588,Agra NSH,Aligarh ICH,L2,Uttar Pradesh Circle,204217,204217
25588,Kanpur NSH,Etawah ICH,L2,Uttar Pradesh Circle,205001,205001
25588,Kanpur NSH,Etawah ICH,L2,Uttar Pradesh Circle,205119,205119
25588,Kanpur NSH,Etawah ICH,L2,Uttar Pradesh Circle,205121,205121
25588,Kanpur NSH,Etawah ICH,L2,Uttar Pradesh Circle,205126,205126
25588,Kanpur NSH,Etawah ICH,L2,Uttar Pradesh Circle,205130,205130
25588,Kanpur NSH,Etawah ICH,L2,Uttar Pradesh Circle,205135,205135
25588,Kanpur NSH,Etawah ICH,L2,Uttar Pradesh Circle,205141,205142
25588,Kanpur NSH,Etawah ICH,L2,Uttar Pradesh Circle,205145,205145
25588,Kanpur NSH,Etawah ICH,L2,Uttar Pradesh Circle,205147,205147
25588,Kanpur NSH,Etawah ICH,L2,Uttar Pradesh Circle,205151,205151
25588,Kanpur NSH,Etawah ICH,L2,Uttar Pradesh Circle,205247,205247
25588,Kanpur NSH,Etawah ICH,L2,Uttar Pradesh Circle,205261,205265
25588,Kanpur NSH,Etawah ICH,L2,Uttar Pradesh Circle,205267,205268
25588,Kanpur NSH,Etawah ICH,L2,Uttar Pradesh Circle,205301,205301
25588,Kanpur NSH,Etawah ICH,L2,Uttar Pradesh Circle,205302,205302
25588,Kanpur NSH,Etawah ICH,L2,Uttar Pradesh Circle,205303,205304
25588,Ghaziabad NSH,Meerut Cantt RMS ICH,L2,Uttar Pradesh Circle,205609,205609
25588,Kanpur NSH,Etawah ICH,L2,Uttar Pradesh Circle,206001,206003
25588,Kanpur NSH,Etawah ICH,L2,Uttar Pradesh Circle,206120,206131
25588,Kanpur NSH,Etawah ICH,L2,Uttar Pradesh Circle,206151,206151
25588,Kanpur NSH,Etawah ICH,L2,Uttar Pradesh Circle,206241,206251
25588,Kanpur NSH,Etawah ICH,L2,Uttar Pradesh Circle,206252,206253
25588,Kanpur NSH,Etawah ICH,L2,Uttar Pradesh Circle,206255,206255
25588,Kanpur NSH,Etawah ICH,L2,Uttar Pradesh Circle,206301,206303
25588,Bareilly ICH,Kasganj Rms ICH,L2,Uttar Pradesh Circle,207001,207003
25588,Bareilly ICH,Kasganj Rms ICH,L2,Uttar Pradesh Circle,207120,207125
25588,Bareilly ICH,Kasganj Rms ICH,L2,Uttar Pradesh Circle,207241,207250
25588,Bareilly ICH,Kasganj Rms ICH,L2,Uttar Pradesh Circle,207301,207302
25588,Bareilly ICH,Kasganj Rms ICH,L2,Uttar Pradesh Circle,207401,207403
25588,Kanpur NSH,Farrukhabad ICH,L2,Uttar Pradesh Circle,209501,209505
25588,Kanpur NSH,Farrukhabad ICH,L2,Uttar Pradesh Circle,209601,209602
25588,Kanpur NSH,Farrukhabad ICH,L2,Uttar Pradesh Circle,209621,209622
25588,Kanpur NSH,Farrukhabad ICH,L2,Uttar Pradesh Circle,209625,209625
25588,Kanpur NSH,Farrukhabad ICH,L2,Uttar Pradesh Circle,209651,209652
25588,Kanpur NSH,Farrukhabad ICH,L2,Uttar Pradesh Circle,209715,209715
25588,Kanpur NSH,Farrukhabad ICH,L2,Uttar Pradesh Circle,209720,209729
25588,Kanpur NSH,Farrukhabad ICH,L2,Uttar Pradesh Circle,209731,209736
25588,Kanpur NSH,Farrukhabad ICH,L2,Uttar Pradesh Circle,209738,209739
25588,Kanpur NSH,Farrukhabad ICH,L2,Uttar Pradesh Circle,209743,209743
25588,Kanpur NSH,Farrukhabad ICH,L2,Uttar Pradesh Circle,209745,209745
25588,Kanpur NSH,Farrukhabad ICH,L2,Uttar Pradesh Circle,209747,209747
25588,Kanpur NSH,Farrukhabad ICH,L2,Uttar Pradesh Circle,209749,209749
25588,Kanpur NSH,Banda ICH,L2,Uttar Pradesh Circle,210001,210001
25588,Kanpur NSH,Banda ICH,L2,Uttar Pradesh Circle,210120,210122
25588,Kanpur NSH,Banda ICH,L2,Uttar Pradesh Circle,210123,210123
25588,Kanpur NSH,Banda ICH,L2,Uttar Pradesh Circle,210125,210126
25588,Kanpur NSH,Banda ICH,L2,Uttar Pradesh Circle,210128,210129
25588,Kanpur NSH,Banda ICH,L2,Uttar Pradesh Circle,210201,210203
25588,Kanpur NSH,Banda ICH,L2,Uttar Pradesh Circle,210204,210209
25588,Kanpur NSH,Banda ICH,L2,Uttar Pradesh Circle,210301,210301
25588,Kanpur NSH,Banda ICH,L2,Uttar Pradesh Circle,210341,210341
25588,Kanpur NSH,Banda ICH,L2,Uttar Pradesh Circle,210421,210433
25588,Kanpur NSH,Banda ICH,L2,Uttar Pradesh Circle,210501,210502
25588,Kanpur NSH,Banda ICH,L2,Uttar Pradesh Circle,210504,210507
25588,Varanasi NSH,Mau ICH,L2,Uttar Pradesh Circle,221601,221603
25588,Varanasi NSH,Mau ICH,L2,Uttar Pradesh Circle,221701,221718
25588,Varanasi NSH,Jaunpur ICH,L2,Uttar Pradesh Circle,222001,222002
25588,Varanasi NSH,Jaunpur ICH,L2,Uttar Pradesh Circle,222003,222003
25588,Varanasi NSH,Jaunpur ICH,L2,Uttar Pradesh Circle,222101,222101
25588,Varanasi NSH,Jaunpur ICH,L2,Uttar Pradesh Circle,222105,222105
25588,Varanasi NSH,Jaunpur ICH,L2,Uttar Pradesh Circle,222109,222109
25588,Varanasi NSH,Jaunpur ICH,L2,Uttar Pradesh Circle,222125,222129
25588,Varanasi NSH,Jaunpur ICH,L2,Uttar Pradesh Circle,222131,222133
25588,Varanasi NSH,Jaunpur ICH,L2,Uttar Pradesh Circle,222135,222139
25588,Varanasi NSH,Jaunpur ICH,L2,Uttar Pradesh Circle,222141,222146
25588,Varanasi NSH,Jaunpur ICH,L2,Uttar Pradesh Circle,222148,222149
25588,Varanasi NSH,Jaunpur ICH,L2,Uttar Pradesh Circle,222161,222162
25588,Varanasi NSH,Jaunpur ICH,L2,Uttar Pradesh Circle,222165,222165
25588,Varanasi NSH,Jaunpur ICH,L2,Uttar Pradesh Circle,222170,222170
25588,Varanasi NSH,Jaunpur ICH,L2,Uttar Pradesh Circle,222175,222175
25588,Varanasi NSH,Jaunpur ICH,L2,Uttar Pradesh Circle,222180,222181
25588,Varanasi NSH,Jaunpur ICH,L2,Uttar Pradesh Circle,222201,222204
25588,Varanasi NSH,Jaunpur ICH,L2,Uttar Pradesh Circle,223101,223105
25588,Varanasi NSH,Mau ICH,L2,Uttar Pradesh Circle,223221,223227
25588,Lucknow NSH,Ayodhya ICH,L2,Uttar Pradesh Circle,224001,224001
25588,Lucknow NSH,Ayodhya ICH,L2,Uttar Pradesh Circle,224116,224123
25588,Lucknow NSH,Ayodhya ICH,L2,Uttar Pradesh Circle,224125,224127
25588,Lucknow NSH,Ayodhya ICH,L2,Uttar Pradesh Circle,224129,224129
25588,Lucknow NSH,Ayodhya ICH,L2,Uttar Pradesh Circle,224132,224133
25588,Lucknow NSH,Ayodhya ICH,L2,Uttar Pradesh Circle,224135,224135
25588,Lucknow NSH,Ayodhya ICH,L2,Uttar Pradesh Circle,224137,224139
25588,Lucknow NSH,Ayodhya ICH,L2,Uttar Pradesh Circle,224141,224141
25588,Lucknow NSH,Ayodhya ICH,L2,Uttar Pradesh Circle,224143,224143
25588,Lucknow NSH,Ayodhya ICH,L2,Uttar Pradesh Circle,224145,224147
25588,Lucknow NSH,Ayodhya ICH,L2,Uttar Pradesh Circle,224149,224149
25588,Lucknow NSH,Ayodhya ICH,L2,Uttar Pradesh Circle,224151,224153
25588,Lucknow NSH,Ayodhya ICH,L2,Uttar Pradesh Circle,224155,224155
25588,Lucknow NSH,Ayodhya ICH,L2,Uttar Pradesh Circle,224157,224159
25588,Lucknow NSH,Ayodhya ICH,L2,Uttar Pradesh Circle,224161,224161
25588,Lucknow NSH,Ayodhya ICH,L2,Uttar Pradesh Circle,224164,224164
25588,Lucknow NSH,Ayodhya ICH,L2,Uttar Pradesh Circle,224168,224168
25588,Lucknow NSH,Ayodhya ICH,L2,Uttar Pradesh Circle,224171,224172
25588,Lucknow NSH,Ayodhya ICH,L2,Uttar Pradesh Circle,224176,224176
25588,Lucknow NSH,Ayodhya ICH,L2,Uttar Pradesh Circle,224181,224183
25588,Lucknow NSH,Ayodhya ICH,L2,Uttar Pradesh Circle,224186,224186
25588,Lucknow NSH,Ayodhya ICH,L2,Uttar Pradesh Circle,224188,224190
25588,Lucknow NSH,Ayodhya ICH,L2,Uttar Pradesh Circle,224195,224195
25588,Lucknow NSH,Ayodhya ICH,L2,Uttar Pradesh Circle,224201,224210
25588,Lucknow NSH,Ayodhya ICH,L2,Uttar Pradesh Circle,224225,224225
25588,Lucknow NSH,Ayodhya ICH,L2,Uttar Pradesh Circle,224227,224232
25588,Lucknow NSH,Ayodhya ICH,L2,Uttar Pradesh Circle,224234,224235
25588,Lucknow NSH,Ayodhya ICH,L2,Uttar Pradesh Circle,224238,224238
25588,Lucknow NSH,Ayodhya ICH,L2,Uttar Pradesh Circle,224284,224284
25588,Lucknow NSH,Raebareli ICH,L2,Uttar Pradesh Circle,229001,229001
25588,Lucknow NSH,Raebareli ICH,L2,Uttar Pradesh Circle,229010,229010
25588,Lucknow NSH,Raebareli ICH,L2,Uttar Pradesh Circle,229103,229103
25588,Lucknow NSH,Raebareli ICH,L2,Uttar Pradesh Circle,229120,229120
25588,Lucknow NSH,Raebareli ICH,L2,Uttar Pradesh Circle,229121,229130
25588,Lucknow NSH,Raebareli ICH,L2,Uttar Pradesh Circle,229135,229135
25588,Lucknow NSH,Raebareli ICH,L2,Uttar Pradesh Circle,229201,229210
25588,Lucknow NSH,Raebareli ICH,L2,Uttar Pradesh Circle,229211,229212
25588,Lucknow NSH,Raebareli ICH,L2,Uttar Pradesh Circle,229215,229216
25588,Lucknow NSH,Raebareli ICH,L2,Uttar Pradesh Circle,229301,229311
25588,Lucknow NSH,Raebareli ICH,L2,Uttar Pradesh Circle,229316,229316
25588,Lucknow NSH,Raebareli ICH,L2,Uttar Pradesh Circle,229801,229802
25588,Prayagraj NSH,Mirzapur ICH,L2,Uttar Pradesh Circle,231001,231001
25588,Prayagraj NSH,Mirzapur ICH,L2,Uttar Pradesh Circle,231205,231213
25588,Prayagraj NSH,Mirzapur ICH,L2,Uttar Pradesh Circle,231215,231226
25588,Prayagraj NSH,Mirzapur ICH,L2,Uttar Pradesh Circle,231301,231307
25588,Prayagraj NSH,Mirzapur ICH,L2,Uttar Pradesh Circle,231309,231309
25588,Prayagraj NSH,Mirzapur ICH,L2,Uttar Pradesh Circle,231311,231314
25588,Prayagraj NSH,Mirzapur ICH,L2,Uttar Pradesh Circle,231501,231501
25588,Bareilly ICH,Shahjahanpur ICH,L2,Uttar Pradesh Circle,241001,241001
25588,Bareilly ICH,Shahjahanpur ICH,L2,Uttar Pradesh Circle,241121,241127
25588,Bareilly ICH,Shahjahanpur ICH,L2,Uttar Pradesh Circle,241201,241204
25588,Bareilly ICH,Shahjahanpur ICH,L2,Uttar Pradesh Circle,241301,241305
25588,Bareilly ICH,Shahjahanpur ICH,L2,Uttar Pradesh Circle,241401,241407
25588,Bareilly ICH,Shahjahanpur ICH,L2,Uttar Pradesh Circle,242001,242001
25588,Bareilly ICH,Shahjahanpur ICH,L2,Uttar Pradesh Circle,242042,242042
25588,Bareilly ICH,Shahjahanpur ICH,L2,Uttar Pradesh Circle,242123,242123
25588,Bareilly ICH,Shahjahanpur ICH,L2,Uttar Pradesh Circle,242127,242127
25588,Bareilly ICH,Shahjahanpur ICH,L2,Uttar Pradesh Circle,242220,242221
25588,Bareilly ICH,Shahjahanpur ICH,L2,Uttar Pradesh Circle,242223,242223
25588,Bareilly ICH,Shahjahanpur ICH,L2,Uttar Pradesh Circle,242226,242226
25588,Bareilly ICH,Shahjahanpur ICH,L2,Uttar Pradesh Circle,242301,242301
25588,Bareilly ICH,Shahjahanpur ICH,L2,Uttar Pradesh Circle,242303,242303
25588,Bareilly ICH,Shahjahanpur ICH,L2,Uttar Pradesh Circle,242305,242307
25588,Bareilly ICH,Shahjahanpur ICH,L2,Uttar Pradesh Circle,242401,242401
25588,Bareilly ICH,Shahjahanpur ICH,L2,Uttar Pradesh Circle,242405,242407
25588,Ghaziabad NSH,Meerut Cantt RMS ICH,L2,Uttar Pradesh Circle,245206,245206
25588,Dehradun NSH,Pauri ICH,L2,Uttarakhand Circle,246001,246285
25588,Dehradun NSH,Rudraprayag ICH,L2,Uttarakhand Circle,246141,246141
25588,Dehradun NSH,Rudraprayag ICH,L2,Uttarakhand Circle,246171,246171
25588,Dehradun NSH,Rudraprayag ICH,L2,Uttarakhand Circle,246401,246495
25588,Saharanpur ICH,Najibabad ICH,L2,Uttar Pradesh Circle,246701,246701
25588,Saharanpur ICH,Najibabad ICH,L2,Uttar Pradesh Circle,246721,246729
25588,Saharanpur ICH,Najibabad ICH,L2,Uttar Pradesh Circle,246731,246737
25588,Saharanpur ICH,Najibabad ICH,L2,Uttar Pradesh Circle,246745,246747
25588,Saharanpur ICH,Najibabad ICH,L2,Uttar Pradesh Circle,246749,246749
25588,Saharanpur ICH,Najibabad ICH,L2,Uttar Pradesh Circle,246761,246764
25588,Dehradun NSH,Haridwar ICH,L2,Uttarakhand Circle,247656,247656
25588,Dehradun NSH,Haridwar ICH,L2,Uttarakhand Circle,247661,247661
25588,Dehradun NSH,Haridwar ICH,L2,Uttarakhand Circle,247663,247663
25588,Dehradun NSH,Haridwar ICH,L2,Uttarakhand Circle,247664,247668
25588,Dehradun NSH,Haridwar ICH,L2,Uttarakhand Circle,247670,247671
25588,Saharanpur ICH,Muzaffarnagar ICH,L2,Uttar Pradesh Circle,247771,247778
25588,Dehradun NSH,Haridwar ICH,L2,Uttarakhand Circle,249001,249001
25588,Dehradun NSH,Haridwar ICH,L2,Uttarakhand Circle,249121,249126
25588,Dehradun NSH,Haridwar ICH,L2,Uttarakhand Circle,249128,249128
25588,Dehradun NSH,Haridwar ICH,L2,Uttarakhand Circle,249130,249132
25588,Dehradun NSH,Haridwar ICH,L2,Uttarakhand Circle,249135,249135
25588,Dehradun NSH,Haridwar ICH,L2,Uttarakhand Circle,249137,249137
25588,Dehradun NSH,Haridwar ICH,L2,Uttarakhand Circle,249141,249141
25588,Dehradun NSH,Haridwar ICH,L2,Uttarakhand Circle,249145,249146
25588,Dehradun NSH,Haridwar ICH,L2,Uttarakhand Circle,249148,249148
25588,Dehradun NSH,Haridwar ICH,L2,Uttarakhand Circle,249151,249152
25588,Dehradun NSH,Haridwar ICH,L2,Uttarakhand Circle,249155,249155
25588,Dehradun NSH,Haridwar ICH,L2,Uttarakhand Circle,249161,249161
25588,Dehradun NSH,Haridwar ICH,L2,Uttarakhand Circle,249165,249165
25588,Dehradun NSH,Haridwar ICH,L2,Uttarakhand Circle,249171,249171
25588,Dehradun NSH,Haridwar ICH,L2,Uttarakhand Circle,249175,249175
25588,Dehradun NSH,Haridwar ICH,L2,Uttarakhand Circle,249180,249181
25588,Dehradun NSH,Haridwar ICH,L2,Uttarakhand Circle,249185,249186
25588,Dehradun NSH,Haridwar ICH,L2,Uttarakhand Circle,249192,249196
25588,Dehradun NSH,Haridwar ICH,L2,Uttarakhand Circle,249199,249199
25588,Dehradun NSH,Pauri ICH,L2,Uttarakhand Circle,249301,249306
25588,Dehradun NSH,Haridwar ICH,L2,Uttarakhand Circle,249401,249405
25588,Dehradun NSH,Haridwar ICH,L2,Uttarakhand Circle,249407,249408
25588,Dehradun NSH,Haridwar ICH,L2,Uttarakhand Circle,249410,249411
25588,Ghaziabad NSH,Meerut Cantt RMS ICH,L2,Uttar Pradesh Circle,250001,250005
25588,Ghaziabad NSH,Meerut Cantt RMS ICH,L2,Uttar Pradesh Circle,250101,250101
25588,Ghaziabad NSH,Meerut Cantt RMS ICH,L2,Uttar Pradesh Circle,250103,250104
25588,Ghaziabad NSH,Meerut Cantt RMS ICH,L2,Uttar Pradesh Circle,250106,250106
25588,Ghaziabad NSH,Meerut Cantt RMS ICH,L2,Uttar Pradesh Circle,250110,250110
25588,Ghaziabad NSH,Meerut Cantt RMS ICH,L2,Uttar Pradesh Circle,250205,250205
25588,Ghaziabad NSH,Meerut Cantt RMS ICH,L2,Uttar Pradesh Circle,250221,250223
25588,Ghaziabad NSH,Meerut Cantt RMS ICH,L2,Uttar Pradesh Circle,250341,250342
25588,Ghaziabad NSH,Meerut Cantt RMS ICH,L2,Uttar Pradesh Circle,250344,250345
25588,Ghaziabad NSH,Meerut Cantt RMS ICH,L2,Uttar Pradesh Circle,250401,250402
25588,Ghaziabad NSH,Meerut Cantt RMS ICH,L2,Uttar Pradesh Circle,250404,250404
25588,Ghaziabad NSH,Meerut Cantt RMS ICH,L2,Uttar Pradesh Circle,250406,250406
25588,Ghaziabad NSH,Meerut Cantt RMS ICH,L2,Uttar Pradesh Circle,250501,250502
25588,Ghaziabad NSH,Meerut Cantt RMS ICH,L2,Uttar Pradesh Circle,250601,250601
25588,Ghaziabad NSH,Meerut Cantt RMS ICH,L2,Uttar Pradesh Circle,250606,250606
25588,Ghaziabad NSH,Meerut Cantt RMS ICH,L2,Uttar Pradesh Circle,250609,250609
25588,Ghaziabad NSH,Meerut Cantt RMS ICH,L2,Uttar Pradesh Circle,250611,250626
25588,Saharanpur ICH,Muzaffarnagar ICH,L2,Uttar Pradesh Circle,251001,251003
25588,Saharanpur ICH,Muzaffarnagar ICH,L2,Uttar Pradesh Circle,251201,251203
25588,Saharanpur ICH,Muzaffarnagar ICH,L2,Uttar Pradesh Circle,251301,251301
25588,Saharanpur ICH,Muzaffarnagar ICH,L2,Uttar Pradesh Circle,251305,251311
25588,Saharanpur ICH,Muzaffarnagar ICH,L2,Uttar Pradesh Circle,251314,251320
25588,Saharanpur ICH,Muzaffarnagar ICH,L2,Uttar Pradesh Circle,251327,251327
25588,Lucknow NSH,Kheri ICH,L2,Uttar Pradesh Circle,261001,261001
25588,Lucknow NSH,Kheri ICH,L2,Uttar Pradesh Circle,261121,261121
25588,Lucknow NSH,Kheri ICH,L2,Uttar Pradesh Circle,261125,261125
25588,Lucknow NSH,Kheri ICH,L2,Uttar Pradesh Circle,261131,261131
25588,Lucknow NSH,Kheri ICH,L2,Uttar Pradesh Circle,261135,261136
25588,Lucknow NSH,Kheri ICH,L2,Uttar Pradesh Circle,261141,261141
25588,Lucknow NSH,Kheri ICH,L2,Uttar Pradesh Circle,261145,261145
25588,Lucknow NSH,Kheri ICH,L2,Uttar Pradesh Circle,261151,261151
25588,Lucknow NSH,Kheri ICH,L2,Uttar Pradesh Circle,261201,261208
25588,Lucknow NSH,Kheri ICH,L2,Uttar Pradesh Circle,261301,261303
25588,Lucknow NSH,Kheri ICH,L2,Uttar Pradesh Circle,261401,261405
25588,Lucknow NSH,Kheri ICH,L2,Uttar Pradesh Circle,261501,261502
25588,Lucknow NSH,Kheri ICH,L2,Uttar Pradesh Circle,261505,261506
25588,Lucknow NSH,Kheri ICH,L2,Uttar Pradesh Circle,262701,262702
25588,Lucknow NSH,Kheri ICH,L2,Uttar Pradesh Circle,262721,262728
25588,Lucknow NSH,Kheri ICH,L2,Uttar Pradesh Circle,262801,262802
25588,Lucknow NSH,Kheri ICH,L2,Uttar Pradesh Circle,262803,262805
25588,Lucknow NSH,Kheri ICH,L2,Uttar Pradesh Circle,262901,262908
25588,Gorakhpur ICH,Gonda ICH,L2,Uttar Pradesh Circle,271001,271003
25588,Gorakhpur ICH,Gonda ICH,L2,Uttar Pradesh Circle,271122,271126
25588,Gorakhpur ICH,Gonda ICH,L2,Uttar Pradesh Circle,271129,271129
25588,Gorakhpur ICH,Gonda ICH,L2,Uttar Pradesh Circle,271201,271206
25588,Gorakhpur ICH,Gonda ICH,L2,Uttar Pradesh Circle,271207,271210
25588,Gorakhpur ICH,Gonda ICH,L2,Uttar Pradesh Circle,271215,271215
25588,Gorakhpur ICH,Gonda ICH,L2,Uttar Pradesh Circle,271301,271311
25588,Gorakhpur ICH,Gonda ICH,L2,Uttar Pradesh Circle,271312,271313
25588,Gorakhpur ICH,Gonda ICH,L2,Uttar Pradesh Circle,271319,271319
25588,Gorakhpur ICH,Gonda ICH,L2,Uttar Pradesh Circle,271401,271403
25588,Gorakhpur ICH,Gonda ICH,L2,Uttar Pradesh Circle,271502,271504
25588,Gorakhpur ICH,Gonda ICH,L2,Uttar Pradesh Circle,271601,271602
25588,Gorakhpur ICH,Gonda ICH,L2,Uttar Pradesh Circle,271603,271604
25588,Gorakhpur ICH,Gonda ICH,L2,Uttar Pradesh Circle,271607,271607
25588,Gorakhpur ICH,Gonda ICH,L2,Uttar Pradesh Circle,271609,271609
25588,Gorakhpur ICH,Gonda ICH,L2,Uttar Pradesh Circle,271801,271804
25588,Gorakhpur ICH,Gonda ICH,L2,Uttar Pradesh Circle,271805,271806
25588,Gorakhpur ICH,Gonda ICH,L2,Uttar Pradesh Circle,271821,271821
25588,Gorakhpur ICH,Gonda ICH,L2,Uttar Pradesh Circle,271824,271825
25588,Gorakhpur ICH,Gonda ICH,L2,Uttar Pradesh Circle,271830,271831
25588,Gorakhpur ICH,Gonda ICH,L2,Uttar Pradesh Circle,271835,271835
25588,Gorakhpur ICH,Gonda ICH,L2,Uttar Pradesh Circle,271840,271841
25588,Gorakhpur ICH,Gonda ICH,L2,Uttar Pradesh Circle,271845,271845
25588,Gorakhpur ICH,Gonda ICH,L2,Uttar Pradesh Circle,271851,271851
25588,Gorakhpur ICH,Gonda ICH,L2,Uttar Pradesh Circle,271855,271855
25588,Gorakhpur ICH,Gonda ICH,L2,Uttar Pradesh Circle,271861,271861
25588,Gorakhpur ICH,Gonda ICH,L2,Uttar Pradesh Circle,271865,271865
25588,Gorakhpur ICH,Gonda ICH,L2,Uttar Pradesh Circle,271870,271872
25588,Gorakhpur ICH,Gonda ICH,L2,Uttar Pradesh Circle,271875,271875
25588,Gorakhpur ICH,Gonda ICH,L2,Uttar Pradesh Circle,271881,271882
25588,Gorakhpur ICH,Gonda ICH,L2,Uttar Pradesh Circle,271885,271885
25588,Gorakhpur ICH,Gonda ICH,L2,Uttar Pradesh Circle,271901,271904
25588,Gorakhpur ICH,Basti ICH,L2,Uttar Pradesh Circle,272001,272002
25588,Gorakhpur ICH,Basti ICH,L2,Uttar Pradesh Circle,272123,272131
25588,Gorakhpur ICH,Basti ICH,L2,Uttar Pradesh Circle,272148,272148
25588,Gorakhpur ICH,Basti ICH,L2,Uttar Pradesh Circle,272150,272155
25588,Gorakhpur ICH,Basti ICH,L2,Uttar Pradesh Circle,272161,272165
25588,Gorakhpur ICH,Basti ICH,L2,Uttar Pradesh Circle,272171,272173
25588,Gorakhpur ICH,Basti ICH,L2,Uttar Pradesh Circle,272175,272178
25588,Gorakhpur ICH,Basti ICH,L2,Uttar Pradesh Circle,272181,272182
25588,Gorakhpur ICH,Basti ICH,L2,Uttar Pradesh Circle,272189,272195
25588,Gorakhpur ICH,Basti ICH,L2,Uttar Pradesh Circle,272199,272199
25588,Gorakhpur ICH,Basti ICH,L2,Uttar Pradesh Circle,272201,272208
25588,Gorakhpur ICH,Basti ICH,L2,Uttar Pradesh Circle,272270,272271
25588,Gorakhpur ICH,Basti ICH,L2,Uttar Pradesh Circle,272301,272302
25588,Varanasi NSH,Mau ICH,L2,Uttar Pradesh Circle,275101,275105
25588,Varanasi NSH,Mau ICH,L2,Uttar Pradesh Circle,275301,275307
25588,Varanasi NSH,Mau ICH,L2,Uttar Pradesh Circle,276001,276001
25588,Varanasi NSH,Mau ICH,L2,Uttar Pradesh Circle,276121,276143
25588,Varanasi NSH,Mau ICH,L2,Uttar Pradesh Circle,276201,276208
25588,Dehradun NSH,Pauri ICH,L2,Uttarakhand Circle,276277,276277
25588,Varanasi NSH,Mau ICH,L2,Uttar Pradesh Circle,276288,276288
25588,Varanasi NSH,Mau ICH,L2,Uttar Pradesh Circle,276301,276306
25588,Varanasi NSH,Mau ICH,L2,Uttar Pradesh Circle,276401,276406
25588,Varanasi NSH,Mau ICH,L2,Uttar Pradesh Circle,277001,277001
25588,Varanasi NSH,Mau ICH,L2,Uttar Pradesh Circle,277121,277124
25588,Varanasi NSH,Mau ICH,L2,Uttar Pradesh Circle,277201,277219
25588,Varanasi NSH,Mau ICH,L2,Uttar Pradesh Circle,277301,277304
25588,Varanasi NSH,Mau ICH,L2,Uttar Pradesh Circle,277401,277403
25588,Varanasi NSH,Mau ICH,L2,Uttar Pradesh Circle,277501,277506
25588,Agra NSH,Jhansi ICH,L2,Uttar Pradesh Circle,284001,284501
25588,Agra NSH,Jhansi ICH,L2,Uttar Pradesh Circle,285001,285001
25588,Agra NSH,Jhansi ICH,L2,Uttar Pradesh Circle,285121,285130
25588,Agra NSH,Jhansi ICH,L2,Uttar Pradesh Circle,285201,285206
25588,Agra NSH,Jhansi ICH,L2,Uttar Pradesh Circle,285233,285233
25588,Jaipur NSH,Alwar ICH,L2,Rajasthan Circle,301001,301002
25588,Jaipur NSH,Alwar ICH,L2,Rajasthan Circle,301018,301028
25588,Jaipur NSH,Alwar ICH,L2,Rajasthan Circle,301030,301030
25588,Jaipur NSH,Alwar ICH,L2,Rajasthan Circle,301035,301035
25588,Jaipur NSH,Alwar ICH,L2,Rajasthan Circle,301401,301416
25588,Jaipur NSH,Alwar ICH,L2,Rajasthan Circle,301418,301418
25588,Jaipur NSH,Alwar ICH,L2,Rajasthan Circle,301427,301427
25588,Jaipur NSH,Alwar ICH,L2,Rajasthan Circle,301604,301604
25588,Jaipur NSH,Alwar ICH,L2,Rajasthan Circle,301701,301709
25588,Jaipur NSH,Alwar ICH,L2,Rajasthan Circle,301712,301714
25588,JODHPUR NSH,BIKANER ICH,L2,Rajasthan Circle,305026,305026
25588,Jaipur NSH,Bharatpur ICH,L2,Rajasthan Circle,321001,321001
25588,Jaipur NSH,Bharatpur ICH,L2,Rajasthan Circle,321021,321026
25588,Jaipur NSH,Bharatpur ICH,L2,Rajasthan Circle,321028,321028
25588,Jaipur NSH,Bharatpur ICH,L2,Rajasthan Circle,321201,321205
25588,Jaipur NSH,Bharatpur ICH,L2,Rajasthan Circle,321206,321206
25588,Jaipur NSH,Bharatpur ICH,L2,Rajasthan Circle,321301,321303
25588,Jaipur NSH,Bharatpur ICH,L2,Rajasthan Circle,321401,321411
25588,Jaipur NSH,Bharatpur ICH,L2,Rajasthan Circle,321601,321602
25588,Jaipur NSH,Alwar ICH,L2,Rajasthan Circle,321605,321607
25588,Jaipur NSH,Sawai Madhopur ICH,L2,Rajasthan Circle,321610,321611
25588,Jaipur NSH,Bharatpur ICH,L2,Rajasthan Circle,321614,321615
25588,Jaipur NSH,Alwar ICH,L2,Rajasthan Circle,321633,321633
25588,Jaipur NSH,Bharatpur ICH,L2,Rajasthan Circle,321642,321699
25588,Jaipur NSH,Sawai Madhopur ICH,L2,Rajasthan Circle,322001,322239
25588,Jaipur NSH,Sawai Madhopur ICH,L2,Rajasthan Circle,322241,322999
25588,Jaipur NSH,Kota ICH,L2,Rajasthan Circle,323001,323001
25588,Jaipur NSH,Kota ICH,L2,Rajasthan Circle,323021,323025
25588,Jaipur NSH,Kota ICH,L2,Rajasthan Circle,323026,323026
25588,Jaipur NSH,Kota ICH,L2,Rajasthan Circle,323301,323301
25588,Jaipur NSH,Kota ICH,L2,Rajasthan Circle,323303,323304
25588,Jaipur NSH,Kota ICH,L2,Rajasthan Circle,323307,323307
25588,Jaipur NSH,Kota ICH,L2,Rajasthan Circle,323601,323603
25588,Jaipur NSH,Kota ICH,L2,Rajasthan Circle,323613,323616
25588,Jaipur NSH,Kota ICH,L2,Rajasthan Circle,323801,323803
25588,Jaipur NSH,Kota ICH,L2,Rajasthan Circle,324001,324010
25588,Jaipur NSH,Kota ICH,L2,Rajasthan Circle,325001,325001
25588,Jaipur NSH,Kota ICH,L2,Rajasthan Circle,325003,325004
25588,Jaipur NSH,Kota ICH,L2,Rajasthan Circle,325009,325009
25588,Jaipur NSH,Kota ICH,L2,Rajasthan Circle,325201,325209
25588,Jaipur NSH,Kota ICH,L2,Rajasthan Circle,325214,325223
25588,Jaipur NSH,Kota ICH,L2,Rajasthan Circle,325224,325224
25588,Jaipur NSH,Kota ICH,L2,Rajasthan Circle,325601,325602
25588,Jaipur NSH,Kota ICH,L2,Rajasthan Circle,326001,326001
25588,Jaipur NSH,Kota ICH,L2,Rajasthan Circle,326021,326023
25588,Jaipur NSH,Kota ICH,L2,Rajasthan Circle,326033,326039
25588,Jaipur NSH,Kota ICH,L2,Rajasthan Circle,326501,326502
25588,Jaipur NSH,Kota ICH,L2,Rajasthan Circle,326512,326520
25588,Jaipur NSH,Kota ICH,L2,Rajasthan Circle,326529,326530
25588,Jaipur NSH,Bharatpur ICH,L2,Rajasthan Circle,328001,328001
25588,Jaipur NSH,Bharatpur ICH,L2,Rajasthan Circle,328021,328031
25588,Jaipur NSH,Bharatpur ICH,L2,Rajasthan Circle,328041,328099
25588,Jaipur NSH,Sikar ICH,L2,Rajasthan Circle,331001,331001
25588,Jaipur NSH,Sikar ICH,L2,Rajasthan Circle,331021,331031
25588,Jaipur NSH,Sikar ICH,L2,Rajasthan Circle,331301,331305
25588,Jaipur NSH,Sikar ICH,L2,Rajasthan Circle,331402,331403
25588,Jaipur NSH,Sikar ICH,L2,Rajasthan Circle,331411,331411
25588,Jaipur NSH,Sikar ICH,L2,Rajasthan Circle,331501,331507
25588,Jaipur NSH,Sikar ICH,L2,Rajasthan Circle,331517,331518
25588,Jaipur NSH,Sikar ICH,L2,Rajasthan Circle,331701,331701
25588,JODHPUR NSH,BIKANER ICH,L2,Rajasthan Circle,331801,331801
25588,Jaipur NSH,Sikar ICH,L2,Rajasthan Circle,331802,331802
25588,JODHPUR NSH,BIKANER ICH,L2,Rajasthan Circle,331803,331803
25588,JODHPUR NSH,BIKANER ICH,L2,Rajasthan Circle,331811,331811
25588,Jaipur NSH,Sikar ICH,L2,Rajasthan Circle,332001,332002
25588,Jaipur NSH,Sikar ICH,L2,Rajasthan Circle,332021,332031
25588,Jaipur NSH,Sikar ICH,L2,Rajasthan Circle,332041,332042
25588,Jaipur NSH,Sikar ICH,L2,Rajasthan Circle,332301,332305
25588,Jaipur NSH,Sikar ICH,L2,Rajasthan Circle,332307,332307
25588,Jaipur NSH,Sikar ICH,L2,Rajasthan Circle,332311,332318
25588,Jaipur NSH,Sikar ICH,L2,Rajasthan Circle,332401,332406
25588,Jaipur NSH,Sikar ICH,L2,Rajasthan Circle,332411,332411
25588,Jaipur NSH,Sikar ICH,L2,Rajasthan Circle,332601,332603
25588,Jaipur NSH,Sikar ICH,L2,Rajasthan Circle,332701,332703
25588,Jaipur NSH,Sikar ICH,L2,Rajasthan Circle,332705,332716
25588,Jaipur NSH,Sikar ICH,L2,Rajasthan Circle,332718,332719
25588,Jaipur NSH,Sikar ICH,L2,Rajasthan Circle,332721,332722
25588,Jaipur NSH,Sikar ICH,L2,Rajasthan Circle,332742,332742
25588,Jaipur NSH,Sikar ICH,L2,Rajasthan Circle,332746,332746
25588,Jaipur NSH,Sikar ICH,L2,Rajasthan Circle,333001,333001
25588,Jaipur NSH,Sikar ICH,L2,Rajasthan Circle,333011,333012
25588,Jaipur NSH,Sikar ICH,L2,Rajasthan Circle,333020,333020
25588,Jaipur NSH,Sikar ICH,L2,Rajasthan Circle,333021,333036
25588,Jaipur NSH,Sikar ICH,L2,Rajasthan Circle,333041,333042
25588,Jaipur NSH,Sikar ICH,L2,Rajasthan Circle,333053,333053
25588,Jaipur NSH,Sikar ICH,L2,Rajasthan Circle,333055,333055
25588,Jaipur NSH,Sikar ICH,L2,Rajasthan Circle,333302,333305
25588,Jaipur NSH,Sikar ICH,L2,Rajasthan Circle,333307,333308
25588,Jaipur NSH,Sikar ICH,L2,Rajasthan Circle,333501,333504
25588,Jaipur NSH,Sikar ICH,L2,Rajasthan Circle,333514,333516
25588,Jaipur NSH,Sikar ICH,L2,Rajasthan Circle,333517,333517
25588,Jaipur NSH,Sikar ICH,L2,Rajasthan Circle,333701,333702
25588,Jaipur NSH,Sikar ICH,L2,Rajasthan Circle,333704,333705
25588,Jaipur NSH,Sikar ICH,L2,Rajasthan Circle,333707,333707
25588,Jaipur NSH,Sikar ICH,L2,Rajasthan Circle,333801,333801
25588,JODHPUR NSH,BIKANER ICH,L2,Rajasthan Circle,334001,334001
25588,JODHPUR NSH,BIKANER ICH,L2,Rajasthan Circle,334003,334004
25588,JODHPUR NSH,BIKANER ICH,L2,Rajasthan Circle,334006,334006
25588,JODHPUR NSH,BIKANER ICH,L2,Rajasthan Circle,334021,334023
25588,JODHPUR NSH,BIKANER ICH,L2,Rajasthan Circle,334024,334024
25588,JODHPUR NSH,BIKANER ICH,L2,Rajasthan Circle,334201,334202
25588,JODHPUR NSH,BIKANER ICH,L2,Rajasthan Circle,334302,334303
25588,JODHPUR NSH,BIKANER ICH,L2,Rajasthan Circle,334305,334305
25588,JODHPUR NSH,BIKANER ICH,L2,Rajasthan Circle,334401,334403
25588,JODHPUR NSH,BIKANER ICH,L2,Rajasthan Circle,334601,334604
25588,JODHPUR NSH,BIKANER ICH,L2,Rajasthan Circle,334801,334804
25588,JODHPUR NSH,BIKANER ICH,L2,Rajasthan Circle,334808,334808
25588,JODHPUR NSH,SRIGANGANAGAR ICH,L2,Rajasthan Circle,335001,335002
25588,JODHPUR NSH,SRIGANGANAGAR ICH,L2,Rajasthan Circle,335021,335025
25588,JODHPUR NSH,SRIGANGANAGAR ICH,L2,Rajasthan Circle,335027,335027
25588,JODHPUR NSH,SRIGANGANAGAR ICH,L2,Rajasthan Circle,335037,335041
25588,JODHPUR NSH,SRIGANGANAGAR ICH,L2,Rajasthan Circle,335042,335042
25588,JODHPUR NSH,SRIGANGANAGAR ICH,L2,Rajasthan Circle,335051,335051
25588,JODHPUR NSH,SRIGANGANAGAR ICH,L2,Rajasthan Circle,335061,335065
25588,JODHPUR NSH,SRIGANGANAGAR ICH,L2,Rajasthan Circle,335073,335073
25588,JODHPUR NSH,SRIGANGANAGAR ICH,L2,Rajasthan Circle,335501,335504
25588,JODHPUR NSH,SRIGANGANAGAR ICH,L2,Rajasthan Circle,335511,335513
25588,JODHPUR NSH,SRIGANGANAGAR ICH,L2,Rajasthan Circle,335521,335521
25588,JODHPUR NSH,SRIGANGANAGAR ICH,L2,Rajasthan Circle,335522,335522
25588,JODHPUR NSH,SRIGANGANAGAR ICH,L2,Rajasthan Circle,335523,335526
25588,JODHPUR NSH,SRIGANGANAGAR ICH,L2,Rajasthan Circle,335701,335705
25588,JODHPUR NSH,SRIGANGANAGAR ICH,L2,Rajasthan Circle,335707,335707
25588,JODHPUR NSH,SRIGANGANAGAR ICH,L2,Rajasthan Circle,335708,335708
25588,JODHPUR NSH,SRIGANGANAGAR ICH,L2,Rajasthan Circle,335711,335711
25588,JODHPUR NSH,SRIGANGANAGAR ICH,L2,Rajasthan Circle,335801,335805
25588,JODHPUR NSH,SRIGANGANAGAR ICH,L2,Rajasthan Circle,335901,335901
25588,JODHPUR NSH,BIKANER ICH,L2,Rajasthan Circle,341001,341001
25588,JODHPUR NSH,BIKANER ICH,L2,Rajasthan Circle,341020,341020
25588,JODHPUR NSH,BIKANER ICH,L2,Rajasthan Circle,341021,341031
25588,JODHPUR NSH,BIKANER ICH,L2,Rajasthan Circle,341301,341306
25588,JODHPUR NSH,BIKANER ICH,L2,Rajasthan Circle,341307,341307
25588,JODHPUR NSH,BIKANER ICH,L2,Rajasthan Circle,341309,341309
25588,JODHPUR NSH,BIKANER ICH,L2,Rajasthan Circle,341316,341319
25588,JODHPUR NSH,BIKANER ICH,L2,Rajasthan Circle,341501,341520
25588,JODHPUR NSH,BIKANER ICH,L2,Rajasthan Circle,341521,341521
25588,JODHPUR NSH,BIKANER ICH,L2,Rajasthan Circle,341533,341533
25588,JODHPUR NSH,BIKANER ICH,L2,Rajasthan Circle,341542,341542
25588,JODHPUR NSH,BIKANER ICH,L2,Rajasthan Circle,341551,341551
25588,JODHPUR NSH,BIKANER ICH,L2,Rajasthan Circle,342902,342902
25588,Rajkot NSH,Jamnagar ICH,L2,Gujarat Circle,360510,360540
25588,Rajkot NSH,Junagadh ICH,L2,Gujarat Circle,360545,360590
25588,Rajkot NSH,Jamnagar ICH,L2,Gujarat Circle,361001,361999
25588,Rajkot NSH,Junagadh ICH,L2,Gujarat Circle,362001,362999
25588,Rajkot NSH,Surendranagar ICH,L2,Gujarat Circle,363001,363999
25588,Rajkot NSH,Jamnagar ICH,L2,Gujarat Circle,363655,363655
25588,Rajkot NSH,Surendranagar ICH,L2,Gujarat Circle,363700,363799
25588,Rajkot NSH,Bhavnagar ICH,L2,Gujarat Circle,364001,364514
25588,Rajkot NSH,Amreli ICH,L2,Gujarat Circle,364515,364530
25588,Rajkot NSH,Bhavnagar ICH,L2,Gujarat Circle,364531,364999
25588,Rajkot NSH,Amreli ICH,L2,Gujarat Circle,365001,365999
25588,Rajkot NSH,Bhuj ICH,L2,Gujarat Circle,370001,370999
25588,Ahmedabad NSH,Himatnagar ICH,L2,Gujarat Circle,383001,383999
25588,Ahmedabad NSH,Mehsana ICH,L2,Gujarat Circle,384001,384999
25588,Ahmedabad NSH,Palanpur ICH,L2,Gujarat Circle,385001,385339
25588,Ahmedabad NSH,Mehsana ICH,L2,Gujarat Circle,385340,385340
25588,Ahmedabad NSH,Palanpur ICH,L2,Gujarat Circle,385341,385349
25588,Ahmedabad NSH,Mehsana ICH,L2,Gujarat Circle,385350,385350
25588,Ahmedabad NSH,Palanpur ICH,L2,Gujarat Circle,385351,385359
25588,Ahmedabad NSH,Mehsana ICH,L2,Gujarat Circle,385360,385360
25588,Ahmedabad NSH,Palanpur ICH,L2,Gujarat Circle,385361,385999
25588,Surat NSH,Valsad ICH,L2,Gujarat Circle,396001,396509
25588,Surat NSH,Valsad ICH,L2,Gujarat Circle,396511,396999
25588,THANE NSH,Panvel ICH,L2,Maharashtra Circle,402101,402404
25588,THANE NSH,Panvel ICH,L2,Maharashtra Circle,410101,410222
25588,Pune NSH,Satara ICH,L2,Maharashtra Circle,412801,412806
25588,Pune NSH,Solapur ICH,L2,Maharashtra Circle,413001,413008
25588,Pune NSH,Solapur ICH,L2,Maharashtra Circle,413101,413101
25588,Pune NSH,Solapur ICH,L2,Maharashtra Circle,413107,413109
25588,Pune NSH,Solapur ICH,L2,Maharashtra Circle,413111,413113
25588,Pune NSH,Solapur ICH,L2,Maharashtra Circle,413118,413118
25588,Pune NSH,Ahilyanagar ICH,L2,Maharashtra Circle,413201,413201
25588,Pune NSH,Solapur ICH,L2,Maharashtra Circle,413202,413203
25588,Pune NSH,Ahilyanagar ICH,L2,Maharashtra Circle,413204,413205
25588,Pune NSH,Solapur ICH,L2,Maharashtra Circle,413206,413206
25588,Pune NSH,Solapur ICH,L2,Maharashtra Circle,413208,413224
25588,Pune NSH,Solapur ICH,L2,Maharashtra Circle,413226,413228
25588,Pune NSH,Solapur ICH,L2,Maharashtra Circle,413248,413248
25588,Pune NSH,Solapur ICH,L2,Maharashtra Circle,413250,413253
25588,Pune NSH,Solapur ICH,L2,Maharashtra Circle,413255,413255
25588,Pune NSH,Solapur ICH,L2,Maharashtra Circle,413301,413310
25588,Pune NSH,Solapur ICH,L2,Maharashtra Circle,413314,413314
25588,Pune NSH,Solapur ICH,L2,Maharashtra Circle,413315,413315
25588,Pune NSH,Solapur ICH,L2,Maharashtra Circle,413317,413317
25588,Pune NSH,Solapur ICH,L2,Maharashtra Circle,413319,413319
25588,Pune NSH,Solapur ICH,L2,Maharashtra Circle,413322,413322
25588,Pune NSH,Solapur ICH,L2,Maharashtra Circle,413324,413324
25588,Pune NSH,Solapur ICH,L2,Maharashtra Circle,413401,413406
25588,Pune NSH,Solapur ICH,L2,Maharashtra Circle,413409,413412
25588,Pune NSH,Solapur ICH,L2,Maharashtra Circle,413501,413509
25588,Pune NSH,Latur ICH,L2,Maharashtra Circle,413510,413524
25588,Pune NSH,Solapur ICH,L2,Maharashtra Circle,413525,413526
25588,Pune NSH,Latur ICH,L2,Maharashtra Circle,413527,413527
25588,Pune NSH,Solapur ICH,L2,Maharashtra Circle,413528,413528
25588,Pune NSH,Latur ICH,L2,Maharashtra Circle,413529,413532
25588,Pune NSH,Solapur ICH,L2,Maharashtra Circle,413534,413534
25588,Pune NSH,Latur ICH,L2,Maharashtra Circle,413544,413544
25588,Pune NSH,Latur ICH,L2,Maharashtra Circle,413581,413581
25588,Pune NSH,Solapur ICH,L2,Maharashtra Circle,413582,413582
25588,Pune NSH,Solapur ICH,L2,Maharashtra Circle,413601,413606
25588,Pune NSH,Latur ICH,L2,Maharashtra Circle,413607,413607
25588,Pune NSH,Solapur ICH,L2,Maharashtra Circle,413608,413608
25588,Pune NSH,Solapur ICH,L2,Maharashtra Circle,413623,413624
25588,Pune NSH,Ahilyanagar ICH,L2,Maharashtra Circle,413701,413739
25588,Pune NSH,Ahilyanagar ICH,L2,Maharashtra Circle,414001,414201
25588,Pune NSH,Ahilyanagar ICH,L2,Maharashtra Circle,414206,414207
25588,Pune NSH,Ahilyanagar ICH,L2,Maharashtra Circle,414209,414701
25588,Pune NSH,Satara ICH,L2,Maharashtra Circle,415001,415023
25588,Pune NSH,Kolhapur ICH,L2,Maharashtra Circle,415101,415101
25588,Pune NSH,Satara ICH,L2,Maharashtra Circle,415102,415124
25588,Mumbai NSH,Ratnagiri ICH,L2,Maharashtra Circle,415202,415203
25588,Pune NSH,Satara ICH,L2,Maharashtra Circle,415205,415207
25588,Mumbai NSH,Ratnagiri ICH,L2,Maharashtra Circle,415208,415208
25588,Pune NSH,Satara ICH,L2,Maharashtra Circle,415209,415209
25588,Pune NSH,Satara ICH,L2,Maharashtra Circle,415211,415212
25588,THANE NSH,Panvel ICH,L2,Maharashtra Circle,415213,415213
25588,Mumbai NSH,Ratnagiri ICH,L2,Maharashtra Circle,415214,415214
25588,Mumbai NSH,Ratnagiri ICH,L2,Maharashtra Circle,415215,415299
25588,Pune NSH,Miraj ICH,L2,Maharashtra Circle,415301,415311
25588,Pune NSH,Satara ICH,L2,Maharashtra Circle,415312,415312
25588,Pune NSH,Miraj ICH,L2,Maharashtra Circle,415313,415415
25588,Pune NSH,Satara ICH,L2,Maharashtra Circle,415501,415540
25588,Mumbai NSH,Ratnagiri ICH,L2,Maharashtra Circle,415601,415807
25588,Pune NSH,Kolhapur ICH,L2,Maharashtra Circle,416001,416300
25588,Pune NSH,Miraj ICH,L2,Maharashtra Circle,416301,416500
25588,Pune NSH,Kolhapur ICH,L2,Maharashtra Circle,416501,416509
25588,Pune NSH,Kolhapur ICH,L2,Maharashtra Circle,416526,416527
25588,Pune NSH,Kolhapur ICH,L2,Maharashtra Circle,416551,416552
25588,Mumbai NSH,Ratnagiri ICH,L2,Maharashtra Circle,416701,416702
25588,Mumbai NSH,Ratnagiri ICH,L2,Maharashtra Circle,416704,416713
25588,Mumbai NSH,Dhule ICH,L2,Maharashtra Circle,424001,424006
25588,Mumbai NSH,Bhusawal ICH,L2,Maharashtra Circle,424101,424108
25588,Mumbai NSH,Bhusawal ICH,L2,Maharashtra Circle,424110,424300
25588,Mumbai NSH,Dhule ICH,L2,Maharashtra Circle,424301,424318
25588,Mumbai NSH,Bhusawal ICH,L2,Maharashtra Circle,425001,425402
25588,Mumbai NSH,Dhule ICH,L2,Maharashtra Circle,425403,425419
25588,Mumbai NSH,Bhusawal ICH,L2,Maharashtra Circle,425420,425420
25588,Mumbai NSH,Dhule ICH,L2,Maharashtra Circle,425421,425452
25588,Mumbai NSH,Bhusawal ICH,L2,Maharashtra Circle,425501,425524
25588,Pune NSH,Latur ICH,L2,Maharashtra Circle,431522,431522
25588,Nagpur NSH,Chandrapur ICH,L2,Maharashtra Circle,441205,441209
25588,Nagpur NSH,Chandrapur ICH,L2,Maharashtra Circle,441212,441213
25588,Nagpur NSH,Chandrapur ICH,L2,Maharashtra Circle,441215,441228
25588,Nagpur NSH,Gondia ICH,L2,Maharashtra Circle,441601,441924
25588,Nagpur NSH,Chandrapur ICH,L2,Maharashtra Circle,442401,442919
25588,Nagpur NSH,Chandrapur ICH,L2,Maharashtra Circle,442920,442920
25588,Nagpur NSH,Malkapur ICH,L2,Maharashtra Circle,443001,443404
25588,Nagpur NSH,Akola ICH,L2,Maharashtra Circle,444001,444126
25588,Nagpur NSH,Malkapur ICH,L2,Maharashtra Circle,444201,444301
25588,Nagpur NSH,Akola ICH,L2,Maharashtra Circle,444302,444302
25588,Nagpur NSH,Malkapur ICH,L2,Maharashtra Circle,444303,444310
25588,Nagpur NSH,Akola ICH,L2,Maharashtra Circle,444311,444311
25588,Nagpur NSH,Malkapur ICH,L2,Maharashtra Circle,444312,444312
25588,Nagpur NSH,Akola ICH,L2,Maharashtra Circle,444401,444511
25588,Nagpur NSH,Amravati ICH,L2,Maharashtra Circle,444601,444915
25588,Nagpur NSH,Yeotmal ICH,L2,Maharashtra Circle,445001,445402
25588,Indore NSH,KHANDWA ICH,L2,Madhya Pradesh Circle,450001,451999
25588,Indore NSH,Ujjain ICH,L2,Madhya Pradesh Circle,456001,456776
25588,Indore NSH,Ratlam ICH,L2,Madhya Pradesh Circle,457001,457993
25588,Indore NSH,Ratlam ICH,L2,Madhya Pradesh Circle,458001,458990
25588,Bhopal NSH,Itarsi ICH,L2,Madhya Pradesh Circle,460001,460668
25588,Bhopal NSH,Itarsi ICH,L2,Madhya Pradesh Circle,461001,461990
25588,Indore NSH,Ujjain ICH,L2,Madhya Pradesh Circle,465000,465599
25588,Jabalpur ICH,Sagar ICH,L2,Madhya Pradesh Circle,470001,470881
25588,Gwalior ICH,Guna ICH,L2,Madhya Pradesh Circle,473001,473999
25588,Jabalpur ICH,Chhindwara ICH,L2,Madhya Pradesh Circle,480001,480449
25588,Jabalpur ICH,BALAGHAT ICH,L2,Madhya Pradesh Circle,481001,481556
25588,Jabalpur ICH,Katni ICH,L2,Madhya Pradesh Circle,483222,483222
25588,Jabalpur ICH,Katni ICH,L2,Madhya Pradesh Circle,483225,483225
25588,Jabalpur ICH,Katni ICH,L2,Madhya Pradesh Circle,483330,483332
25588,Jabalpur ICH,Katni ICH,L2,Madhya Pradesh Circle,483334,483334
25588,Jabalpur ICH,Katni ICH,L2,Madhya Pradesh Circle,483336,483336
25588,Jabalpur ICH,Katni ICH,L2,Madhya Pradesh Circle,483440,483440
25588,Jabalpur ICH,Katni ICH,L2,Madhya Pradesh Circle,483442,483442
25588,Jabalpur ICH,Katni ICH,L2,Madhya Pradesh Circle,483501,483501
25588,Jabalpur ICH,Katni ICH,L2,Madhya Pradesh Circle,483504,483504
25588,Jabalpur ICH,Katni ICH,L2,Madhya Pradesh Circle,483770,483770
25588,Jabalpur ICH,Katni ICH,L2,Madhya Pradesh Circle,483773,483773
25588,Jabalpur ICH,Katni ICH,L2,Madhya Pradesh Circle,483775,483775
25588,Jabalpur ICH,Katni ICH,L2,Madhya Pradesh Circle,483880,483880
25588,Jabalpur ICH,Katni ICH,L2,Madhya Pradesh Circle,483990,483990
25588,Jabalpur ICH,Katni ICH,L2,Madhya Pradesh Circle,484001,484001
25588,Jabalpur ICH,Katni ICH,L2,Madhya Pradesh Circle,484110,484110
25588,Jabalpur ICH,Katni ICH,L2,Madhya Pradesh Circle,484113,484114
25588,Jabalpur ICH,Katni ICH,L2,Madhya Pradesh Circle,484116,484117
25588,Jabalpur ICH,Katni ICH,L2,Madhya Pradesh Circle,484120,484120
25588,Jabalpur ICH,Katni ICH,L2,Madhya Pradesh Circle,484220,484220
25588,Jabalpur ICH,Katni ICH,L2,Madhya Pradesh Circle,484224,484224
25588,Jabalpur ICH,Katni ICH,L2,Madhya Pradesh Circle,484330,484330
25588,Jabalpur ICH,Katni ICH,L2,Madhya Pradesh Circle,484334,484334
25588,Jabalpur ICH,Katni ICH,L2,Madhya Pradesh Circle,484336,484336
25588,Jabalpur ICH,Katni ICH,L2,Madhya Pradesh Circle,484440,484440
25588,Jabalpur ICH,Katni ICH,L2,Madhya Pradesh Circle,484444,484444
25588,Jabalpur ICH,Katni ICH,L2,Madhya Pradesh Circle,484446,484447
25588,Jabalpur ICH,Katni ICH,L2,Madhya Pradesh Circle,484551,484551
25588,Jabalpur ICH,Katni ICH,L2,Madhya Pradesh Circle,484555,484555
25588,Jabalpur ICH,Katni ICH,L2,Madhya Pradesh Circle,484660,484661
25588,Jabalpur ICH,Katni ICH,L2,Madhya Pradesh Circle,484664,484665
25588,Jabalpur ICH,Katni ICH,L2,Madhya Pradesh Circle,484669,484771
25588,Jabalpur ICH,Katni ICH,L2,Madhya Pradesh Circle,484774,484774
25588,Jabalpur ICH,Katni ICH,L2,Madhya Pradesh Circle,484776,484776
25588,Jabalpur ICH,Katni ICH,L2,Madhya Pradesh Circle,484886,484887
25588,Jabalpur ICH,Satna ICH,L2,Madhya Pradesh Circle,485001,485881
25588,Jabalpur ICH,Satna ICH,L2,Madhya Pradesh Circle,486001,486556
25588,Jabalpur ICH,Satna ICH,L2,Madhya Pradesh Circle,486661,486892
25588,Jabalpur ICH,Satna ICH,L2,Madhya Pradesh Circle,488001,488448
25588,Raipur NSH,Durg ICH,L2,Chhattisgarh Circle,490001,491999
25588,Raipur NSH,Jagdalpur ICH,L2,Chhattisgarh Circle,494001,494999
25588,BILASPUR NSH,Bilaspur ICH,L2,Chhattisgarh Circle,495001,495999
25588,BILASPUR NSH,Raigarh ICH,L2,Chhattisgarh Circle,496001,496999
25588,BILASPUR NSH,AMBIKAPUR ICH,L2,Chhattisgarh Circle,497001,497999
25588,Hyderabad NSH,ICH Nizamabad,L2,Telangana Circle,503001,503322
25588,Hyderabad NSH,ICH Nalgonda,L2,Telangana Circle,508001,508999
25588,Hyderabad NSH,ICH Mahabubnagar,L2,Telangana Circle,509001,509412
25588,Vijayawada NSH,Guntur ICH,L2,Andhra Pradesh Circle,522001,522999
25588,Vijayawada NSH,Ongole ICH,L2,Andhra Pradesh Circle,523001,523999
25588,Tirupathi NSH,Nellore ICH,L2,Andhra Pradesh Circle,524001,524999
25588,Visakhapatnam NSH,Srikakulam ICH,L2,Andhra Pradesh Circle,532001,532999
25588,Visakhapatnam NSH,Rajahmundry ICH,L2,Andhra Pradesh Circle,533001,533999
25588,Visakhapatnam NSH,Eluru ICH,L2,Andhra Pradesh Circle,534001,534999
25588,Visakhapatnam NSH,Vizianagaram ICH,L2,Andhra Pradesh Circle,535001,535600
25588,Bengaluru NSH,Tumakuru ICH,L2,Karnataka Circle,561202,561202
25588,Bengaluru NSH,BANGARPET ICH,L2,Karnataka Circle,563101,563103
25588,Bengaluru NSH,BANGARPET ICH,L2,Karnataka Circle,563111,563999
25588,Bengaluru NSH,Tumakuru ICH,L2,Karnataka Circle,572101,572228
25588,Hubballi Dharwad NSH,Kumta ICH,L2,Karnataka Circle,581301,581308
25588,Hubballi Dharwad NSH,Kumta ICH,L2,Karnataka Circle,581314,581314
25588,Hubballi Dharwad NSH,Kumta ICH,L2,Karnataka Circle,581316,581317
25588,Hubballi Dharwad NSH,Kumta ICH,L2,Karnataka Circle,581319,581321
25588,Hubballi Dharwad NSH,Kumta ICH,L2,Karnataka Circle,581323,581324
25588,Hubballi Dharwad NSH,Kumta ICH,L2,Karnataka Circle,581326,581328
25588,Hubballi Dharwad NSH,Kumta ICH,L2,Karnataka Circle,581330,581330
25588,Hubballi Dharwad NSH,Kumta ICH,L2,Karnataka Circle,581332,581335
25588,Hubballi Dharwad NSH,Kumta ICH,L2,Karnataka Circle,581338,581339
25588,Hubballi Dharwad NSH,Kumta ICH,L2,Karnataka Circle,581341,581345
25588,Hubballi Dharwad NSH,Kumta ICH,L2,Karnataka Circle,581348,581348
25588,Hubballi Dharwad NSH,Kumta ICH,L2,Karnataka Circle,581350,581354
25588,Hubballi Dharwad NSH,Kumta ICH,L2,Karnataka Circle,581357,581357
25588,Hubballi Dharwad NSH,Kumta ICH,L2,Karnataka Circle,581360,581362
25588,Hubballi Dharwad NSH,Kumta ICH,L2,Karnataka Circle,581384,581384
25588,Hubballi Dharwad NSH,Kumta ICH,L2,Karnataka Circle,581396,581396
25588,Hubballi Dharwad NSH,Kumta ICH,L2,Karnataka Circle,581400,581400
25588,Hubballi Dharwad NSH,Kumta ICH,L2,Karnataka Circle,581421,581421
25588,Hubballi Dharwad NSH,Kumta ICH,L2,Karnataka Circle,581423,581423
25588,Hubballi Dharwad NSH,Kumta ICH,L2,Karnataka Circle,581440,581440
25588,Bengaluru NSH,BALLARI ICH,L2,Karnataka Circle,583000,583999
25588,Hubballi Dharwad NSH,Hosapete ICH,L2,Karnataka Circle,583100,583999
25588,Kalaburagi ICH,Raichur ICH,L2,Karnataka Circle,584101,584203
25588,Hubballi Dharwad NSH,Vijayapura ICH,L2,Karnataka Circle,586101,586217
25588,Hubballi Dharwad NSH,Bagalkot ICH,L2,Karnataka Circle,587101,587330
25588,Chennai NSH,Chengalpattu ICH,L2,Tamilnadu Circle,603001,603406
25588,Chennai NSH,Villupuram ICH,L2,Tamilnadu Circle,604000,605999
25588,Chennai NSH,Villupuram ICH,L2,Tamilnadu Circle,604001,604601
25588,Chennai NSH,Villupuram ICH,L2,Tamilnadu Circle,605001,605602
25588,Chennai NSH,Villupuram ICH,L2,Tamilnadu Circle,605603,605803
25588,Chennai NSH,Vridhachalam ICH,L2,Tamilnadu Circle,606000,606199
25588,Chennai NSH,Vridhachalam ICH,L2,Tamilnadu Circle,606001,606003
25588,Chennai NSH,Vridhachalam ICH,L2,Tamilnadu Circle,606103,606115
25588,Chennai NSH,Villupuram ICH,L2,Tamilnadu Circle,606200,606299
25588,Chennai NSH,Villupuram ICH,L2,Tamilnadu Circle,606201,606213
25588,Chennai NSH,Vridhachalam ICH,L2,Tamilnadu Circle,606300,606399
25588,Chennai NSH,Vridhachalam ICH,L2,Tamilnadu Circle,606301,606305
25588,Chennai NSH,Villupuram ICH,L2,Tamilnadu Circle,606400,606499
25588,Chennai NSH,Villupuram ICH,L2,Tamilnadu Circle,606401,606402
25588,Chennai NSH,Villupuram ICH,L2,Tamilnadu Circle,606600,606999
25588,Chennai NSH,Villupuram ICH,L2,Tamilnadu Circle,606601,606908
25588,Chennai NSH,Vridhachalam ICH,L2,Tamilnadu Circle,607000,607099
25588,Chennai NSH,Vridhachalam ICH,L2,Tamilnadu Circle,607001,607006
25588,Chennai NSH,Vridhachalam ICH,L2,Tamilnadu Circle,607101,607106
25588,Chennai NSH,Villupuram ICH,L2,Tamilnadu Circle,607107,607107
25588,Chennai NSH,Vridhachalam ICH,L2,Tamilnadu Circle,607108,607109
25588,Chennai NSH,Vridhachalam ICH,L2,Tamilnadu Circle,607112,607112
25588,Chennai NSH,Villupuram ICH,L2,Tamilnadu Circle,607201,607204
25588,Chennai NSH,Vridhachalam ICH,L2,Tamilnadu Circle,607205,607205
25588,Chennai NSH,Villupuram ICH,L2,Tamilnadu Circle,607209,607209
25588,Chennai NSH,Vridhachalam ICH,L2,Tamilnadu Circle,607300,607899
25588,Chennai NSH,Vridhachalam ICH,L2,Tamilnadu Circle,607301,607308
25588,Chennai NSH,Vridhachalam ICH,L2,Tamilnadu Circle,607401,607401
25588,Chennai NSH,Villupuram ICH,L2,Tamilnadu Circle,607402,607403
25588,Chennai NSH,Vridhachalam ICH,L2,Tamilnadu Circle,607801,607807
25588,Chennai NSH,Vridhachalam ICH,L2,Tamilnadu Circle,608000,608999
25588,Chennai NSH,Vridhachalam ICH,L2,Tamilnadu Circle,608001,608901
25588,Trichy ICH,Mayiladuturai ICH,L2,Tamilnadu Circle,609001,609805
25588,Trichy ICH,Mayiladuturai ICH,L2,Tamilnadu Circle,610001,611112
25588,Trichy ICH,Thanjavur ICH,L2,Tamilnadu Circle,612001,612002
25588,Trichy ICH,Thanjavur ICH,L2,Tamilnadu Circle,612101,612106
25588,Trichy ICH,Thanjavur ICH,L2,Tamilnadu Circle,612201,612204
25588,Trichy ICH,Thanjavur ICH,L2,Tamilnadu Circle,612301,612303
25588,Trichy ICH,Thanjavur ICH,L2,Tamilnadu Circle,612401,612402
25588,Trichy ICH,Thanjavur ICH,L2,Tamilnadu Circle,612501,612504
25588,Trichy ICH,Thanjavur ICH,L2,Tamilnadu Circle,612601,612605
25588,Trichy ICH,Thanjavur ICH,L2,Tamilnadu Circle,612610,612610
25588,Trichy ICH,Thanjavur ICH,L2,Tamilnadu Circle,612701,612703
25588,Trichy ICH,Thanjavur ICH,L2,Tamilnadu Circle,612801,612804
25588,Trichy ICH,Thanjavur ICH,L2,Tamilnadu Circle,612901,612904
25588,Trichy ICH,Thanjavur ICH,L2,Tamilnadu Circle,612905,612906
25588,Trichy ICH,Thanjavur ICH,L2,Tamilnadu Circle,613001,613010
25588,Trichy ICH,Thanjavur ICH,L2,Tamilnadu Circle,613101,613105
25588,Trichy ICH,Thanjavur ICH,L2,Tamilnadu Circle,613201,613205
25588,Trichy ICH,Thanjavur ICH,L2,Tamilnadu Circle,613301,613301
25588,Trichy ICH,Thanjavur ICH,L2,Tamilnadu Circle,613303,613303
25588,Trichy ICH,Thanjavur ICH,L2,Tamilnadu Circle,613401,613403
25588,Trichy ICH,Thanjavur ICH,L2,Tamilnadu Circle,613501,613504
25588,Trichy ICH,Thanjavur ICH,L2,Tamilnadu Circle,613601,613602
25588,Trichy ICH,Thanjavur ICH,L2,Tamilnadu Circle,613701,613705
25588,Trichy ICH,Thanjavur ICH,L2,Tamilnadu Circle,614001,614001
25588,Trichy ICH,Thanjavur ICH,L2,Tamilnadu Circle,614013,614020
25588,Trichy ICH,Thanjavur ICH,L2,Tamilnadu Circle,614101,614103
25588,Trichy ICH,Thanjavur ICH,L2,Tamilnadu Circle,614201,614208
25588,Trichy ICH,Thanjavur ICH,L2,Tamilnadu Circle,614210,614211
25588,Trichy ICH,Thanjavur ICH,L2,Tamilnadu Circle,614301,614303
25588,Trichy ICH,Thanjavur ICH,L2,Tamilnadu Circle,614401,614404
25588,Trichy ICH,Thanjavur ICH,L2,Tamilnadu Circle,614601,614602
25588,Trichy ICH,Thanjavur ICH,L2,Tamilnadu Circle,614612,614615
25588,Trichy ICH,Thanjavur ICH,L2,Tamilnadu Circle,614623,614623
25588,Trichy ICH,Thanjavur ICH,L2,Tamilnadu Circle,614625,614626
25588,Trichy ICH,Thanjavur ICH,L2,Tamilnadu Circle,614628,614628
25588,Trichy ICH,Thanjavur ICH,L2,Tamilnadu Circle,614701,614701
25588,Trichy ICH,Mayiladuturai ICH,L2,Tamilnadu Circle,614702,614717
25588,Trichy ICH,Thanjavur ICH,L2,Tamilnadu Circle,614723,614723
25588,Trichy ICH,Mayiladuturai ICH,L2,Tamilnadu Circle,614738,614738
25588,Trichy ICH,Thanjavur ICH,L2,Tamilnadu Circle,614802,614804
25588,Trichy ICH,Mayiladuturai ICH,L2,Tamilnadu Circle,614806,614810
25588,Trichy ICH,Thanjavur ICH,L2,Tamilnadu Circle,614901,614906
25588,Madurai NSH,ICH Dindigul,L2,Tamilnadu Circle,624000,624999
25588,Madurai NSH,ICH Dindigul,L2,Tamilnadu Circle,624001,624005
25588,Madurai NSH,ICH Dindigul,L2,Tamilnadu Circle,624101,624101
25588,Madurai NSH,ICH Dindigul,L2,Tamilnadu Circle,624103,624103
25588,Madurai NSH,ICH Dindigul,L2,Tamilnadu Circle,624201,624202
25588,Madurai NSH,ICH Dindigul,L2,Tamilnadu Circle,624204,624204
25588,Madurai NSH,ICH Dindigul,L2,Tamilnadu Circle,624206,624206
25588,Madurai NSH,ICH Dindigul,L2,Tamilnadu Circle,624208,624208
25588,Madurai NSH,ICH Dindigul,L2,Tamilnadu Circle,624210,624212
25588,Madurai NSH,ICH Dindigul,L2,Tamilnadu Circle,624215,624216
25588,Madurai NSH,ICH Dindigul,L2,Tamilnadu Circle,624219,624220
25588,Madurai NSH,ICH Dindigul,L2,Tamilnadu Circle,624301,624304
25588,Madurai NSH,ICH Dindigul,L2,Tamilnadu Circle,624306,624308
25588,Madurai NSH,ICH Dindigul,L2,Tamilnadu Circle,624401,624403
25588,Madurai NSH,ICH Dindigul,L2,Tamilnadu Circle,624601,624601
25588,Madurai NSH,ICH Dindigul,L2,Tamilnadu Circle,624610,624610
25588,Madurai NSH,ICH Dindigul,L2,Tamilnadu Circle,624612,624612
25588,Madurai NSH,ICH Dindigul,L2,Tamilnadu Circle,624701,624712
25588,Madurai NSH,ICH Dindigul,L2,Tamilnadu Circle,624801,624802
25588,Madurai NSH,Virudhunagar ICH,L2,Tamilnadu Circle,626001,626005
25588,Madurai NSH,Virudhunagar ICH,L2,Tamilnadu Circle,626101,626119
25588,Madurai NSH,Virudhunagar ICH,L2,Tamilnadu Circle,626121,626142
25588,Madurai NSH,Virudhunagar ICH,L2,Tamilnadu Circle,626149,626149
25588,Madurai NSH,Virudhunagar ICH,L2,Tamilnadu Circle,626161,626161
25588,Madurai NSH,Virudhunagar ICH,L2,Tamilnadu Circle,626188,626189
25588,Madurai NSH,Virudhunagar ICH,L2,Tamilnadu Circle,626201,626205
25588,Madurai NSH,Virudhunagar ICH,L2,Tamilnadu Circle,626607,626607
25588,Madurai NSH,Virudhunagar ICH,L2,Tamilnadu Circle,626612,626612
25588,Madurai NSH,Tuticorin ICH,L2,Tamilnadu Circle,628001,628008
25588,Madurai NSH,Tuticorin ICH,L2,Tamilnadu Circle,628101,628105
25588,Madurai NSH,Tuticorin ICH,L2,Tamilnadu Circle,628151,628152
25588,Madurai NSH,Tuticorin ICH,L2,Tamilnadu Circle,628201,628213
25588,Madurai NSH,Tuticorin ICH,L2,Tamilnadu Circle,628215,628219
25588,Madurai NSH,Tuticorin ICH,L2,Tamilnadu Circle,628229,628229
25588,Madurai NSH,Tuticorin ICH,L2,Tamilnadu Circle,628251,628252
25588,Madurai NSH,Tuticorin ICH,L2,Tamilnadu Circle,628301,628304
25588,Madurai NSH,Tuticorin ICH,L2,Tamilnadu Circle,628401,628402
25588,Madurai NSH,Tuticorin ICH,L2,Tamilnadu Circle,628501,628503
25588,Madurai NSH,Tuticorin ICH,L2,Tamilnadu Circle,628552,628552
25588,Madurai NSH,Tuticorin ICH,L2,Tamilnadu Circle,628601,628601
25588,Madurai NSH,Tuticorin ICH,L2,Tamilnadu Circle,628612,628623
25588,Madurai NSH,Tuticorin ICH,L2,Tamilnadu Circle,628653,628653
25588,Madurai NSH,Tuticorin ICH,L2,Tamilnadu Circle,628656,628656
25588,Madurai NSH,Tuticorin ICH,L2,Tamilnadu Circle,628701,628704
25588,Madurai NSH,Tuticorin ICH,L2,Tamilnadu Circle,628712,628712
25588,Madurai NSH,Tuticorin ICH,L2,Tamilnadu Circle,628714,628714
25588,Madurai NSH,Tuticorin ICH,L2,Tamilnadu Circle,628716,628716
25588,Madurai NSH,Tuticorin ICH,L2,Tamilnadu Circle,628718,628718
25588,Madurai NSH,Tuticorin ICH,L2,Tamilnadu Circle,628720,628722
25588,Madurai NSH,Tuticorin ICH,L2,Tamilnadu Circle,628751,628753
25588,Madurai NSH,Tuticorin ICH,L2,Tamilnadu Circle,628801,628802
25588,Madurai NSH,Tuticorin ICH,L2,Tamilnadu Circle,628809,628809
25588,Madurai NSH,Tuticorin ICH,L2,Tamilnadu Circle,628851,628851
25588,Madurai NSH,Tuticorin ICH,L2,Tamilnadu Circle,628901,628908
25588,Madurai NSH,Tuticorin ICH,L2,Tamilnadu Circle,628952,628952
25588,Madurai NSH,Karaikudi ICH,L2,Tamilnadu Circle,630001,630006
25588,Madurai NSH,Karaikudi ICH,L2,Tamilnadu Circle,630101,630108
25588,Madurai NSH,Karaikudi ICH,L2,Tamilnadu Circle,630201,630208
25588,Madurai NSH,Karaikudi ICH,L2,Tamilnadu Circle,630210,630212
25588,Madurai NSH,Karaikudi ICH,L2,Tamilnadu Circle,630301,630303
25588,Madurai NSH,Karaikudi ICH,L2,Tamilnadu Circle,630305,630307
25588,Madurai NSH,Karaikudi ICH,L2,Tamilnadu Circle,630309,630309
25588,Madurai NSH,Karaikudi ICH,L2,Tamilnadu Circle,630311,630314
25588,Madurai NSH,Karaikudi ICH,L2,Tamilnadu Circle,630321,630321
25588,Madurai NSH,Karaikudi ICH,L2,Tamilnadu Circle,630405,630405
25588,Madurai NSH,Karaikudi ICH,L2,Tamilnadu Circle,630408,630408
25588,Madurai NSH,Karaikudi ICH,L2,Tamilnadu Circle,630410,630411
25588,Madurai NSH,Karaikudi ICH,L2,Tamilnadu Circle,630501,630502
25588,Madurai NSH,Karaikudi ICH,L2,Tamilnadu Circle,630551,630559
25588,Madurai NSH,Karaikudi ICH,L2,Tamilnadu Circle,630561,630562
25588,Madurai NSH,Karaikudi ICH,L2,Tamilnadu Circle,630566,630566
25588,Madurai NSH,Karaikudi ICH,L2,Tamilnadu Circle,630602,630602
25588,Madurai NSH,Karaikudi ICH,L2,Tamilnadu Circle,630606,630606
25588,Madurai NSH,Karaikudi ICH,L2,Tamilnadu Circle,630609,630612
25588,Madurai NSH,Karaikudi ICH,L2,Tamilnadu Circle,630702,630702
25588,Madurai NSH,Karaikudi ICH,L2,Tamilnadu Circle,630709,630710
25588,Madurai NSH,Karaikudi ICH,L2,Tamilnadu Circle,630713,630713
25588,Vellore ICH,Jolarpettai ICH,L2,Tamilnadu Circle,635001,635002
25588,Vellore ICH,Jolarpettai ICH,L2,Tamilnadu Circle,635101,635124
25588,Vellore ICH,Jolarpettai ICH,L2,Tamilnadu Circle,635126,635126
25588,Vellore ICH,Jolarpettai ICH,L2,Tamilnadu Circle,635130,635130
25588,Vellore ICH,Jolarpettai ICH,L2,Tamilnadu Circle,635203,635204
25588,Vellore ICH,Jolarpettai ICH,L2,Tamilnadu Circle,635206,635207
25588,Vellore ICH,Jolarpettai ICH,L2,Tamilnadu Circle,635304,635304
25588,Vellore ICH,Jolarpettai ICH,L2,Tamilnadu Circle,635306,635307
25588,Vellore ICH,Jolarpettai ICH,L2,Tamilnadu Circle,635601,635602
25588,Vellore ICH,Jolarpettai ICH,L2,Tamilnadu Circle,635651,635655
25588,Vellore ICH,Jolarpettai ICH,L2,Tamilnadu Circle,635701,635703
25588,Vellore ICH,Jolarpettai ICH,L2,Tamilnadu Circle,635710,635710
25588,Vellore ICH,Jolarpettai ICH,L2,Tamilnadu Circle,635751,635752
25588,Vellore ICH,Jolarpettai ICH,L2,Tamilnadu Circle,635754,635754
25588,Vellore ICH,Jolarpettai ICH,L2,Tamilnadu Circle,635801,635815
25588,Vellore ICH,Jolarpettai ICH,L2,Tamilnadu Circle,635851,635854
25588,Vellore ICH,Jolarpettai ICH,L2,Tamilnadu Circle,635901,635901
25588,Salem ICH,Erode ICH,L2,Tamilnadu Circle,638001,638012
25588,Salem ICH,Erode ICH,L2,Tamilnadu Circle,638051,638057
25588,Salem ICH,Erode ICH,L2,Tamilnadu Circle,638060,638060
25588,Salem ICH,Erode ICH,L2,Tamilnadu Circle,638101,638112
25588,Salem ICH,Erode ICH,L2,Tamilnadu Circle,638115,638116
25588,Salem ICH,Erode ICH,L2,Tamilnadu Circle,638151,638154
25588,Salem ICH,Erode ICH,L2,Tamilnadu Circle,638181,638183
25588,Salem ICH,Erode ICH,L2,Tamilnadu Circle,638301,638301
25588,Salem ICH,Erode ICH,L2,Tamilnadu Circle,638311,638316
25588,Salem ICH,Erode ICH,L2,Tamilnadu Circle,638401,638402
25588,Salem ICH,Erode ICH,L2,Tamilnadu Circle,638451,638462
25588,Salem ICH,Erode ICH,L2,Tamilnadu Circle,638476,638476
25588,Salem ICH,Erode ICH,L2,Tamilnadu Circle,638501,638506
25588,Salem ICH,Erode ICH,L2,Tamilnadu Circle,638656,638657
25588,Salem ICH,Erode ICH,L2,Tamilnadu Circle,638660,638661
25588,Salem ICH,Erode ICH,L2,Tamilnadu Circle,638672,638673
25588,Salem ICH,Erode ICH,L2,Tamilnadu Circle,638701,638703
25588,Salem ICH,Erode ICH,L2,Tamilnadu Circle,638706,638706
25588,Salem ICH,Erode ICH,L2,Tamilnadu Circle,638751,638752
25588,Salem ICH,Erode ICH,L2,Tamilnadu Circle,638812,638812
25588,Coimbatore NSH,Tirupur ICH,L2,Tamilnadu Circle,641601,641607
25588,Coimbatore NSH,Tirupur ICH,L2,Tamilnadu Circle,641652,641655
25588,Coimbatore NSH,Tirupur ICH,L2,Tamilnadu Circle,641658,641659
25588,Coimbatore NSH,Tirupur ICH,L2,Tamilnadu Circle,641662,641671
25588,Coimbatore NSH,Tirupur ICH,L2,Tamilnadu Circle,641687,641687
25588,Coimbatore NSH,Tirupur ICH,L2,Tamilnadu Circle,641697,641697
25588,Kochi NSH,KASARGOD ICH,L2,Kerala Circle,671121,671552
25588,Kozhikode ICH,TIRUR ICH,L2,Kerala Circle,676101,676123
25588,Kozhikode ICH,TIRUR ICH,L2,Kerala Circle,676301,676320
25588,Kozhikode ICH,TIRUR ICH,L2,Kerala Circle,676501,676572
25588,Thrissur ICH,Palakkad ICH,L2,Kerala Circle,678001,678762
25588,Thrissur ICH,Palakkad ICH,L2,Kerala Circle,679101,679104
25588,Thrissur ICH,Palakkad ICH,L2,Kerala Circle,679121,679123
25588,Thrissur ICH,Palakkad ICH,L2,Kerala Circle,679301,679302
25588,Thrissur ICH,Palakkad ICH,L2,Kerala Circle,679313,679313
25588,Kozhikode ICH,TIRUR ICH,L2,Kerala Circle,679328,679329
25588,Kozhikode ICH,TIRUR ICH,L2,Kerala Circle,679331,679331
25588,Kozhikode ICH,TIRUR ICH,L2,Kerala Circle,679333,679334
25588,Thrissur ICH,Palakkad ICH,L2,Kerala Circle,679335,679335
25588,Thrissur ICH,Palakkad ICH,L2,Kerala Circle,679336,679337
25588,Thrissur ICH,Palakkad ICH,L2,Kerala Circle,679501,679522
25588,Thrissur ICH,Palakkad ICH,L2,Kerala Circle,679523,679523
25588,Thrissur ICH,Palakkad ICH,L2,Kerala Circle,679533,679536
25588,Thrissur ICH,Palakkad ICH,L2,Kerala Circle,679551,679554
25588,Kozhikode ICH,TIRUR ICH,L2,Kerala Circle,679571,679587
25588,Kozhikode ICH,TIRUR ICH,L2,Kerala Circle,679591,679591
25588,Kochi NSH,Thodupuzha ICH,L2,Kerala Circle,685501,685620
25588,Kochi NSH,Kottayam ICH,L2,Kerala Circle,686001,686022
25588,Kochi NSH,Kottayam ICH,L2,Kerala Circle,686041,686041
25588,Kochi NSH,Kottayam ICH,L2,Kerala Circle,686101,686106
25588,Kochi NSH,Kottayam ICH,L2,Kerala Circle,686121,686123
25588,Kochi NSH,Kottayam ICH,L2,Kerala Circle,686141,686141
25588,Kochi NSH,Kottayam ICH,L2,Kerala Circle,686143,686144
25588,Kochi NSH,Kottayam ICH,L2,Kerala Circle,686146,686146
25588,Kochi NSH,Kottayam ICH,L2,Kerala Circle,686501,686522
25588,Kochi NSH,Kottayam ICH,L2,Kerala Circle,686531,686548
25588,Kochi NSH,Kottayam ICH,L2,Kerala Circle,686555,686555
25588,Kochi NSH,Kottayam ICH,L2,Kerala Circle,686560,686564
25588,Kochi NSH,Kottayam ICH,L2,Kerala Circle,686571,686587
25588,Kochi NSH,Kottayam ICH,L2,Kerala Circle,686601,686613
25588,Kochi NSH,Kottayam ICH,L2,Kerala Circle,686616,686616
25588,Kochi NSH,Kottayam ICH,L2,Kerala Circle,686630,686637
25588,Kochi NSH,Kottayam ICH,L2,Kerala Circle,686651,686653
25588,Kochi NSH,Thodupuzha ICH,L2,Kerala Circle,686661,686663
25588,Kochi NSH,Thodupuzha ICH,L2,Kerala Circle,686665,686665
25588,Kochi NSH,Thodupuzha ICH,L2,Kerala Circle,686667,686673
25588,Kochi NSH,Alappuzha ICH,L2,Kerala Circle,688001,688999
25588,Trivandrum NSH,Tiruvalla ICH,L2,Kerala Circle,689000,689999
25588,Trivandrum NSH,Kollam ICH,L2,Kerala Circle,690101,690108
25588,Trivandrum NSH,Kollam ICH,L2,Kerala Circle,690110,690110
25588,Trivandrum NSH,Kollam ICH,L2,Kerala Circle,690112,690112
25588,Trivandrum NSH,Kollam ICH,L2,Kerala Circle,690501,690540
25588,Trivandrum NSH,Kollam ICH,L2,Kerala Circle,690542,690542
25588,Trivandrum NSH,Kollam ICH,L2,Kerala Circle,690544,690544
25588,Trivandrum NSH,Kollam ICH,L2,Kerala Circle,690546,690548
25588,Trivandrum NSH,Kollam ICH,L2,Kerala Circle,690558,690559
25588,Trivandrum NSH,Kollam ICH,L2,Kerala Circle,690561,690561
25588,Trivandrum NSH,Kollam ICH,L2,Kerala Circle,690571,690574
25588,Trivandrum NSH,Kollam ICH,L2,Kerala Circle,691001,691016
25588,Trivandrum NSH,Kollam ICH,L2,Kerala Circle,691019,691021
25588,Trivandrum NSH,Kollam ICH,L2,Kerala Circle,691301,691312
25588,Trivandrum NSH,Kollam ICH,L2,Kerala Circle,691319,691319
25588,Trivandrum NSH,Kollam ICH,L2,Kerala Circle,691322,691322
25588,Trivandrum NSH,Kollam ICH,L2,Kerala Circle,691331,691334
25588,Trivandrum NSH,Kollam ICH,L2,Kerala Circle,691500,691512
25588,Trivandrum NSH,Kollam ICH,L2,Kerala Circle,691515,691516
25588,Trivandrum NSH,Kollam ICH,L2,Kerala Circle,691520,691527
25588,Trivandrum NSH,Kollam ICH,L2,Kerala Circle,691530,691538
25588,Trivandrum NSH,Kollam ICH,L2,Kerala Circle,691540,691541
25588,Trivandrum NSH,Kollam ICH,L2,Kerala Circle,691543,691543
25588,Trivandrum NSH,Kollam ICH,L2,Kerala Circle,691551,691557
25588,Trivandrum NSH,Kollam ICH,L2,Kerala Circle,691559,691560
25588,Trivandrum NSH,Kollam ICH,L2,Kerala Circle,691566,691566
25588,Trivandrum NSH,Kollam ICH,L2,Kerala Circle,691571,691574
25588,Trivandrum NSH,Kollam ICH,L2,Kerala Circle,691576,691579
25588,Trivandrum NSH,Kollam ICH,L2,Kerala Circle,691581,691585
25588,Trivandrum NSH,Kollam ICH,L2,Kerala Circle,691589,691602
25588,Kolkata NSH,Sealdah ICH,L2,West Bengal Circle,700014,700014
25588,Kolkata NSH,Howrah ICH,L2,West Bengal Circle,711000,712999
25588,Kharagpur ICH,Panskura ICH,L2,West Bengal Circle,721130,721130
25588,Kharagpur ICH,Panskura ICH,L2,West Bengal Circle,721134,721134
25588,Kharagpur ICH,Panskura ICH,L2,West Bengal Circle,721137,721137
25588,Kharagpur ICH,Panskura ICH,L2,West Bengal Circle,721139,721139
25588,Kharagpur ICH,Panskura ICH,L2,West Bengal Circle,721148,721148
25588,Kharagpur ICH,Panskura ICH,L2,West Bengal Circle,721151,721154
25588,Kharagpur ICH,Panskura ICH,L2,West Bengal Circle,721158,721158
25588,Kharagpur ICH,Panskura ICH,L2,West Bengal Circle,721171,721172
25588,Kharagpur ICH,Panskura ICH,L2,West Bengal Circle,721600,721699
25588,Kharagpur ICH,Bankura ICH,L2,West Bengal Circle,722101,722208
25588,Kharagpur ICH,Purulia ICH,L2,West Bengal Circle,723101,723215
25588,Kolkata NSH,Sainthia ICH,L2,West Bengal Circle,731101,731304
25588,Siliguri NSH,Malda ICH,L2,West Bengal Circle,732101,733158
25588,Kolkata NSH,Ranaghat ICH,L2,West Bengal Circle,741101,741509
25588,Kolkata NSH,Berhampore ICH,L2,West Bengal Circle,742101,742410
25588,Kolkata NSH,Sealdah ICH,L2,West Bengal Circle,743122,743711
25588,Bhubaneswar NSH,ICH PURI,L2,Odisha Circle,752001,752004
25588,Bhubaneswar NSH,ICH PURI,L2,Odisha Circle,752010,752014
25588,Bhubaneswar NSH,ICH PURI,L2,Odisha Circle,752032,752032
25588,Bhubaneswar NSH,ICH PURI,L2,Odisha Circle,752045,752046
25588,Bhubaneswar NSH,ICH PURI,L2,Odisha Circle,752104,752111
25588,Bhubaneswar NSH,ICH PURI,L2,Odisha Circle,752113,752114
25588,Bhubaneswar NSH,ICH PURI,L2,Odisha Circle,752116,752116
25588,Bhubaneswar NSH,ICH PURI,L2,Odisha Circle,752118,752119
25588,Bhubaneswar NSH,Cuttack ICH,L2,Odisha Circle,752120,752120
25588,Bhubaneswar NSH,ICH PURI,L2,Odisha Circle,752121,752121
25588,Bhubaneswar NSH,Cuttack ICH,L2,Odisha Circle,753001,754011
25588,Bhubaneswar NSH,Cuttack ICH,L2,Odisha Circle,754013,754022
25588,Bhubaneswar NSH,Jajpur Road ICH,L2,Odisha Circle,754023,754024
25588,Bhubaneswar NSH,Cuttack ICH,L2,Odisha Circle,754025,754081
25588,Bhubaneswar NSH,Jajpur Road ICH,L2,Odisha Circle,754082,754082
25588,Bhubaneswar NSH,Cuttack ICH,L2,Odisha Circle,754083,754295
25588,Bhubaneswar NSH,Jajpur Road ICH,L2,Odisha Circle,754296,754296
25588,Bhubaneswar NSH,Cuttack ICH,L2,Odisha Circle,754297,754299
25588,Bhubaneswar NSH,Jajpur Road ICH,L2,Odisha Circle,755001,755060
25588,Bhubaneswar NSH,Cuttack ICH,L2,Odisha Circle,755061,755061
25588,Bhubaneswar NSH,Jajpur Road ICH,L2,Odisha Circle,755062,755062
25588,Bhubaneswar NSH,Balasore ICH,L2,Odisha Circle,756001,756999
25588,Bhubaneswar NSH,ICH Baripada,L2,Odisha Circle,757001,757003
25588,Bhubaneswar NSH,ICH Baripada,L2,Odisha Circle,757004,757024
25588,Bhubaneswar NSH,Balasore ICH,L2,Odisha Circle,757025,757100
25588,Bhubaneswar NSH,ICH Baripada,L2,Odisha Circle,757026,757027
25588,Bhubaneswar NSH,ICH Baripada,L2,Odisha Circle,757030,757048
25588,Bhubaneswar NSH,ICH Baripada,L2,Odisha Circle,757049,757049
25588,Bhubaneswar NSH,ICH Baripada,L2,Odisha Circle,757050,757051
25588,Bhubaneswar NSH,ICH Baripada,L2,Odisha Circle,757053,757055
25588,Bhubaneswar NSH,ICH Baripada,L2,Odisha Circle,757057,757081
25588,Bhubaneswar NSH,ICH Baripada,L2,Odisha Circle,757083,757099
25588,Bhubaneswar NSH,ICH Baripada,L2,Odisha Circle,757101,757106
25588,Bhubaneswar NSH,ICH Baripada,L2,Odisha Circle,757107,757107
25588,Bhubaneswar NSH,ICH Baripada,L2,Odisha Circle,757108,757999
25588,Bhubaneswar NSH,Jajpur Road ICH,L2,Odisha Circle,758001,758999
25588,Bhubaneswar NSH,Dhenkanal ICH,L2,Odisha Circle,759001,759148
25588,Bhubaneswar NSH,Dhenkanal ICH,L2,Odisha Circle,759149,759151
25588,Berhampur ICH,Jeypore(K) ICH,L2,Odisha Circle,763001,765034
25588,Sambalpur ICH,Balangir ICH,L2,Odisha Circle,766001,766999
25588,Sambalpur ICH,Balangir ICH,L2,Odisha Circle,767001,767999
25588,Sambalpur ICH,ICH Jharsuguda,L2,Odisha Circle,768201,768204
25588,Sambalpur ICH,ICH Jharsuguda,L2,Odisha Circle,768210,768222
25588,Sambalpur ICH,ICH Jharsuguda,L2,Odisha Circle,768224,768228
25588,Sambalpur ICH,ICH Jharsuguda,L2,Odisha Circle,768233,768234
25588,Sambalpur ICH,ICH Jharsuguda,L2,Odisha Circle,770001,770002
25588,Sambalpur ICH,ICH Jharsuguda,L2,Odisha Circle,770011,770015
25588,Sambalpur ICH,ICH Jharsuguda,L2,Odisha Circle,770019,770022
25588,Sambalpur ICH,ICH Jharsuguda,L2,Odisha Circle,770024,770025
25588,Sambalpur ICH,ICH Jharsuguda,L2,Odisha Circle,770072,770076
25588,Guwahati NSH,Nagaon ICH,L2,Assam Circle,782001,782003
25588,Guwahati NSH,Nagaon ICH,L2,Assam Circle,782101,782107
25588,Guwahati NSH,Nagaon ICH,L2,Assam Circle,782120,782127
25588,Guwahati NSH,Nagaon ICH,L2,Assam Circle,782135,782144
25588,Guwahati NSH,Nagaon ICH,L2,Assam Circle,782411,782413
25588,Guwahati NSH,Nagaon ICH,L2,Assam Circle,782425,782429
25588,Guwahati NSH,Nagaon ICH,L2,Assam Circle,782435,782435
25588,Guwahati NSH,Nagaon ICH,L2,Assam Circle,782439,782442
25588,Guwahati NSH,Nagaon ICH,L2,Assam Circle,782445,782448
25588,Guwahati NSH,Nagaon ICH,L2,Assam Circle,782450,782450
25588,Guwahati NSH,Nagaon ICH,L2,Assam Circle,782460,782462
25588,Guwahati NSH,Nagaon ICH,L2,Assam Circle,782470,782470
25588,Guwahati NSH,Nagaon ICH,L2,Assam Circle,782480,782482
25588,Guwahati NSH,Nagaon ICH,L2,Assam Circle,782485,782486
25588,Guwahati NSH,Nagaon ICH,L2,Assam Circle,782490,782490
25588,Guwahati NSH,NEW BONGAIGAON ICH,L2,Assam Circle,783301,783376
25588,Guwahati NSH,NEW BONGAIGAON ICH,L2,Assam Circle,783380,783394
25588,Guwahati NSH,Tezpur ICH,L2,Assam Circle,784001,784105
25588,Guwahati NSH,Tezpur ICH,L2,Assam Circle,784110,784529
25588,Dibrugarh ICH,Jorhat ICH,L2,Assam Circle,785001,785001
25588,Dibrugarh ICH,Jorhat ICH,L2,Assam Circle,785004,785010
25588,Dibrugarh ICH,Jorhat ICH,L2,Assam Circle,785013,785015
25588,Dibrugarh ICH,Jorhat ICH,L2,Assam Circle,785101,785102
25588,Dibrugarh ICH,Jorhat ICH,L2,Assam Circle,785104,785108
25588,Dibrugarh ICH,Jorhat ICH,L2,Assam Circle,785110,785112
25588,Dibrugarh ICH,Jorhat ICH,L2,Assam Circle,785601,785603
25588,Dibrugarh ICH,Jorhat ICH,L2,Assam Circle,785609,785616
25588,Dibrugarh ICH,Jorhat ICH,L2,Assam Circle,785618,785619
25588,Dibrugarh ICH,Jorhat ICH,L2,Assam Circle,785621,785622
25588,Dibrugarh ICH,Jorhat ICH,L2,Assam Circle,785625,785626
25588,Dibrugarh ICH,Jorhat ICH,L2,Assam Circle,785630,785636
25588,Dibrugarh ICH,Jorhat ICH,L2,Assam Circle,785640,785640
25588,Dibrugarh ICH,Jorhat ICH,L2,Assam Circle,785661,785667
25588,Dibrugarh ICH,Jorhat ICH,L2,Assam Circle,785669,785674
25588,Dibrugarh ICH,,L2,Assam Circle,785675,785676
25588,Dibrugarh ICH,Jorhat ICH,L2,Assam Circle,785680,785686
25588,Dibrugarh ICH,Jorhat ICH,L2,Assam Circle,785688,785693
25588,Dibrugarh ICH,Jorhat ICH,L2,Assam Circle,785696,785701
25588,Dibrugarh ICH,Jorhat ICH,L2,Assam Circle,785703,785705
25588,Dibrugarh ICH,Jorhat ICH,L2,Assam Circle,785720,785720
25588,Guwahati NSH,Silchar ICH,L2,Assam Circle,788001,788015
25588,Guwahati NSH,Silchar ICH,L2,Assam Circle,788025,788026
25588,Guwahati NSH,Silchar ICH,L2,Assam Circle,788030,788031
25588,Guwahati NSH,Silchar ICH,L2,Assam Circle,788098,788099
25588,Guwahati NSH,Silchar ICH,L2,Assam Circle,788101,788104
25588,Guwahati NSH,Silchar ICH,L2,Assam Circle,788106,788121
25588,Guwahati NSH,Silchar ICH,L2,Assam Circle,788123,788123
25588,Guwahati NSH,Silchar ICH,L2,Assam Circle,788126,788127
25588,Guwahati NSH,Silchar ICH,L2,Assam Circle,788150,788152
25588,Guwahati NSH,Silchar ICH,L2,Assam Circle,788155,788156
25588,Guwahati NSH,Silchar ICH,L2,Assam Circle,788160,788166
25588,Guwahati NSH,Silchar ICH,L2,Assam Circle,788168,788168
25588,Guwahati NSH,Silchar ICH,L2,Assam Circle,788701,788702
25588,Guwahati NSH,Silchar ICH,L2,Assam Circle,788709,788713
25588,Guwahati NSH,Silchar ICH,L2,Assam Circle,788719,788720
25588,Guwahati NSH,Silchar ICH,L2,Assam Circle,788722,788728
25588,Guwahati NSH,Silchar ICH,L2,Assam Circle,788733,788737
25588,Guwahati NSH,Silchar ICH,L2,Assam Circle,788781,788781
25588,Guwahati NSH,Silchar ICH,L2,Assam Circle,788801,788806
25588,Guwahati NSH,Silchar ICH,L2,Assam Circle,788834,788834
25588,Guwahati NSH,Silchar ICH,L2,Assam Circle,788835,788931
25588,Guwahati NSH,Tezpur ICH,L2,Assam Circle,790000,790999
25588,Dibrugarh ICH,,L2,Assam Circle,792001,792001
25588,Dibrugarh ICH,,L2,Assam Circle,792055,792056
25588,Dibrugarh ICH,,L2,Assam Circle,792101,792105
25588,Dibrugarh ICH,,L2,Assam Circle,792110,792111
25588,Dibrugarh ICH,,L2,Assam Circle,792120,792123
25588,Dibrugarh ICH,,L2,Assam Circle,792129,792131
25588,Patna NSH,Kiul ICH,L2,Bihar Circle,803109,803109
25588,Patna NSH,Kiul ICH,L2,Bihar Circle,805101,805112
25588,Patna NSH,Kiul ICH,L2,Bihar Circle,805121,805131
25588,Patna NSH,Kiul ICH,L2,Bihar Circle,811101,811107
25588,Patna NSH,Kiul ICH,L2,Bihar Circle,811112,811112
25588,Patna NSH,Kiul ICH,L2,Bihar Circle,811201,811202
25588,Patna NSH,Kiul ICH,L2,Bihar Circle,811211,811214
25588,Patna NSH,Kiul ICH,L2,Bihar Circle,811301,811305
25588,Patna NSH,Kiul ICH,L2,Bihar Circle,811307,811317
25588,Patna NSH,Bhagalpur ICH,L2,Bihar Circle,812001,812007
25588,Patna NSH,Bhagalpur ICH,L2,Bihar Circle,813101,813110
25588,Patna NSH,Bhagalpur ICH,L2,Bihar Circle,813201,813207
25588,Dhanbad ICH,BDeoghar ICH,L2,Jharkhand Circle,813208,813208
25588,Patna NSH,Bhagalpur ICH,L2,Bihar Circle,813209,813214
25588,Patna NSH,Bhagalpur ICH,L2,Bihar Circle,813221,813222
25588,Dhanbad ICH,BDeoghar ICH,L2,Jharkhand Circle,814101,814103
25588,Dhanbad ICH,BDeoghar ICH,L2,Jharkhand Circle,814110,814114
25588,Dhanbad ICH,BDeoghar ICH,L2,Jharkhand Circle,814115,814116
25588,Dhanbad ICH,BDeoghar ICH,L2,Jharkhand Circle,814118,814120
25588,Patna NSH,Bhagalpur ICH,L2,Bihar Circle,814131,814131
25588,Dhanbad ICH,BDeoghar ICH,L2,Jharkhand Circle,814133,814133
25588,Dhanbad ICH,BDeoghar ICH,L2,Jharkhand Circle,814141,814158
25588,Dhanbad ICH,BDeoghar ICH,L2,Jharkhand Circle,814160,814160
25588,Dhanbad ICH,BDeoghar ICH,L2,Jharkhand Circle,814165,814167
25588,Dhanbad ICH,BDeoghar ICH,L2,Jharkhand Circle,815351,815355
25588,Dhanbad ICH,BDeoghar ICH,L2,Jharkhand Circle,815357,815357
25588,Dhanbad ICH,BDeoghar ICH,L2,Jharkhand Circle,815359,815359
25588,Dhanbad ICH,BDeoghar ICH,L2,Jharkhand Circle,816101,816110
25588,Dhanbad ICH,BDeoghar ICH,L2,Jharkhand Circle,816115,816118
25588,Dhanbad ICH,BDeoghar ICH,L2,Jharkhand Circle,816120,816120
25588,Dhanbad ICH,BDeoghar ICH,L2,Jharkhand Circle,816129,816129
25588,Ranchi NSH,Daltonganj ICH,L2,Jharkhand Circle,822101,822102
25588,Ranchi NSH,Daltonganj ICH,L2,Jharkhand Circle,822110,822126
25588,Ranchi NSH,Daltonganj ICH,L2,Jharkhand Circle,822128,822129
25588,Ranchi NSH,Daltonganj ICH,L2,Jharkhand Circle,822131,822134
25588,Dhanbad ICH,ICH Koderma,L2,Jharkhand Circle,825103,825103
25588,Dhanbad ICH,,L2,Jharkhand Circle,825104,825108
25588,Dhanbad ICH,ICH Koderma,L2,Jharkhand Circle,825109,825109
25588,Dhanbad ICH,,L2,Jharkhand Circle,825110,825131
25588,Dhanbad ICH,ICH Koderma,L2,Jharkhand Circle,825132,825132
25588,Dhanbad ICH,ICH Koderma,L2,Jharkhand Circle,825318,825318
25588,Dhanbad ICH,ICH Koderma,L2,Jharkhand Circle,825323,825323
25588,Dhanbad ICH,ICH Koderma,L2,Jharkhand Circle,825401,825401
25588,Dhanbad ICH,ICH Koderma,L2,Jharkhand Circle,825403,825409
25588,Dhanbad ICH,ICH Koderma,L2,Jharkhand Circle,825410,825410
25588,Dhanbad ICH,ICH Koderma,L2,Jharkhand Circle,825413,825414
25588,Dhanbad ICH,ICH Koderma,L2,Jharkhand Circle,825418,825418
25588,Dhanbad ICH,,L2,Jharkhand Circle,825419,825420
25588,Dhanbad ICH,ICH Koderma,L2,Jharkhand Circle,825421,825421
25588,Patna NSH,Chhapra ICH,L2,Bihar Circle,841101,841101
25588,Patna NSH,Chhapra ICH,L2,Bihar Circle,841201,841228
25588,Patna NSH,Chhapra ICH,L2,Bihar Circle,841231,841245
25588,Patna NSH,Chhapra ICH,L2,Bihar Circle,841286,841287
25588,Patna NSH,Chhapra ICH,L2,Bihar Circle,841301,841302
25588,Patna NSH,Chhapra ICH,L2,Bihar Circle,841305,841305
25588,Patna NSH,Chhapra ICH,L2,Bihar Circle,841311,841313
25588,Patna NSH,Chhapra ICH,L2,Bihar Circle,841316,841316
25588,Patna NSH,Chhapra ICH,L2,Bihar Circle,841401,841428
25588,Patna NSH,Chhapra ICH,L2,Bihar Circle,841434,841443
25588,Patna NSH,Chhapra ICH,L2,Bihar Circle,841446,841446
25588,Patna NSH,Chhapra ICH,L2,Bihar Circle,841447,841447
25588,Patna NSH,Chhapra ICH,L2,Bihar Circle,841460,841460
25588,Patna NSH,Chhapra ICH,L2,Bihar Circle,841501,841509
25588,Muzaffarpur ICH,ICH Motihari,L2,Bihar Circle,845101,845107
25588,Muzaffarpur ICH,ICH Motihari,L2,Bihar Circle,845301,845315
25588,Muzaffarpur ICH,ICH Motihari,L2,Bihar Circle,845401,845459
25588,Muzaffarpur ICH,ICH Darbhanga,L2,Bihar Circle,846001,846009
25588,Muzaffarpur ICH,ICH Darbhanga,L2,Bihar Circle,847101,847109
25588,Muzaffarpur ICH,ICH Darbhanga,L2,Bihar Circle,847201,847204
25588,Muzaffarpur ICH,ICH Darbhanga,L2,Bihar Circle,847211,847215
25588,Muzaffarpur ICH,ICH Darbhanga,L2,Bihar Circle,847221,847240
25588,Muzaffarpur ICH,ICH Darbhanga,L2,Bihar Circle,847301,847308
25588,Muzaffarpur ICH,ICH Darbhanga,L2,Bihar Circle,847401,847405
25588,Muzaffarpur ICH,ICH Darbhanga,L2,Bihar Circle,847407,847411
25588,Muzaffarpur ICH,ICH Darbhanga,L2,Bihar Circle,847422,847424
25588,Muzaffarpur ICH,ICH Darbhanga,L2,Bihar Circle,847427,847429
25588,Muzaffarpur ICH,ICH Darbhanga,L2,Bihar Circle,847451,847452
25588,Muzaffarpur ICH,ICH Darbhanga,L2,Bihar Circle,852133,852133
25588,Patna NSH,Bhagalpur ICH,L2,Bihar Circle,853201,853206
25588,New Delhi NSH,New Delhi NSH,L1,Delhi Circle,110001,110999
25588,NSH Gurgaon,NSH Gurgaon,L1,Haryana Circle,122000,123999
25588,Rohtak NSH,Rohtak NSH,L1,Haryana Circle,124000,131999
25588,Rohtak NSH,Rohtak NSH,L1,Haryana Circle,124001,124001
25588,Rohtak NSH,Rohtak NSH,L1,Haryana Circle,124002,124999
25588,Rohtak NSH,Rohtak NSH,L1,Haryana Circle,126101,127999
25588,Karnal ICH,Karnal ICH,L1,Haryana Circle,132000,132999
25588,Karnal ICH,Karnal ICH,L1,Haryana Circle,132001,132001
25588,Karnal ICH,Karnal ICH,L1,Haryana Circle,132022,132024
25588,Karnal ICH,Karnal ICH,L1,Haryana Circle,132036,132037
25588,Karnal ICH,Karnal ICH,L1,Haryana Circle,132039,132041
25588,Karnal ICH,Karnal ICH,L1,Haryana Circle,132046,132046
25588,Karnal ICH,Karnal ICH,L1,Haryana Circle,132054,132054
25588,Karnal ICH,Karnal ICH,L1,Haryana Circle,132101,132108
25588,Karnal ICH,Karnal ICH,L1,Haryana Circle,132113,132114
25588,Karnal ICH,Karnal ICH,L1,Haryana Circle,132116,132117
25588,Karnal ICH,Karnal ICH,L1,Haryana Circle,132122,132122
25588,Karnal ICH,Karnal ICH,L1,Haryana Circle,132140,132140
25588,Karnal ICH,Karnal ICH,L1,Haryana Circle,132145,132145
25588,Karnal ICH,Karnal ICH,L1,Haryana Circle,132155,132155
25588,Karnal ICH,Karnal ICH,L1,Haryana Circle,132157,132157
25588,Ambala NSH,Ambala NSH,L1,Haryana Circle,133000,135999
25588,Ambala NSH,Ambala NSH,L1,Haryana Circle,133001,133010
25588,Ambala NSH,Ambala NSH,L1,Haryana Circle,133011,135999
25588,Karnal ICH,Karnal ICH,L1,Haryana Circle,136000,136999
25588,Karnal ICH,Karnal ICH,L1,Haryana Circle,136026,136027
25588,Karnal ICH,Karnal ICH,L1,Haryana Circle,136030,136030
25588,Karnal ICH,Karnal ICH,L1,Haryana Circle,136033,136035
25588,Karnal ICH,Karnal ICH,L1,Haryana Circle,136038,136038
25588,Karnal ICH,Karnal ICH,L1,Haryana Circle,136042,136044
25588,Karnal ICH,Karnal ICH,L1,Haryana Circle,136117,136119
25588,Karnal ICH,Karnal ICH,L1,Haryana Circle,136120,136121
25588,Karnal ICH,Karnal ICH,L1,Haryana Circle,136128,136132
25588,Karnal ICH,Karnal ICH,L1,Haryana Circle,136134,136136
25588,Karnal ICH,Karnal ICH,L1,Haryana Circle,136156,136156
25588,Chandigarh NSH,Chandigarh NSH,L1,Punjab Circle,140000,140399
25588,Chandigarh NSH,Chandigarh NSH,L1,Punjab Circle,140101,140101
25588,Chandigarh NSH,Chandigarh NSH,L1,Punjab Circle,140102,140102
25588,Chandigarh NSH,Chandigarh NSH,L1,Punjab Circle,140103,140103
25588,Chandigarh NSH,Chandigarh NSH,L1,Punjab Circle,140108,140108
25588,Chandigarh NSH,Chandigarh NSH,L1,Punjab Circle,140109,140109
25588,Chandigarh NSH,Chandigarh NSH,L1,Punjab Circle,140110,140110
25588,Chandigarh NSH,Chandigarh NSH,L1,Punjab Circle,140111,140111
25588,Chandigarh NSH,Chandigarh NSH,L1,Punjab Circle,140112,140112
25588,Chandigarh NSH,Chandigarh NSH,L1,Punjab Circle,140114,140114
25588,Chandigarh NSH,Chandigarh NSH,L1,Punjab Circle,140115,140115
25588,Chandigarh NSH,Chandigarh NSH,L1,Punjab Circle,140116,140116
25588,Chandigarh NSH,Chandigarh NSH,L1,Punjab Circle,140117,140117
25588,Chandigarh NSH,Chandigarh NSH,L1,Punjab Circle,140118,140118
25588,Chandigarh NSH,Chandigarh NSH,L1,Punjab Circle,140119,140119
25588,Chandigarh NSH,Chandigarh NSH,L1,Punjab Circle,140123,140123
25588,Chandigarh NSH,Chandigarh NSH,L1,Punjab Circle,140124,140124
25588,Chandigarh NSH,Chandigarh NSH,L1,Punjab Circle,140125,140125
25588,Chandigarh NSH,Chandigarh NSH,L1,Punjab Circle,140126,140126
25588,Chandigarh NSH,Chandigarh NSH,L1,Punjab Circle,140128,140128
25588,Chandigarh NSH,Chandigarh NSH,L1,Punjab Circle,140133,140133
25588,Chandigarh NSH,Chandigarh NSH,L1,Punjab Circle,140201,140201
25588,Chandigarh NSH,Chandigarh NSH,L1,Punjab Circle,140301,140301
25588,Chandigarh NSH,Chandigarh NSH,L1,Punjab Circle,140306,140306
25588,Chandigarh NSH,Chandigarh NSH,L1,Punjab Circle,140307,140307
25588,Chandigarh NSH,Chandigarh NSH,L1,Punjab Circle,140413,140413
25588,Chandigarh NSH,Chandigarh NSH,L1,Punjab Circle,140500,140599
25588,Chandigarh NSH,Chandigarh NSH,L1,Punjab Circle,140501,140501
25588,Chandigarh NSH,Chandigarh NSH,L1,Punjab Circle,140506,140506
25588,Chandigarh NSH,Chandigarh NSH,L1,Punjab Circle,140507,140507
25588,Chandigarh NSH,Chandigarh NSH,L1,Punjab Circle,140603,140604
25588,Ludhiana NSH,Ludhiana NSH,L1,Punjab Circle,140800,140899
25588,Chandigarh NSH,Chandigarh NSH,L1,Punjab Circle,140900,140999
25588,Chandigarh NSH,Chandigarh NSH,L1,Punjab Circle,140901,140901
25588,Ludhiana NSH,Ludhiana NSH,L1,Punjab Circle,141000,142999
25588,Ludhiana NSH,Ludhiana NSH,L1,Punjab Circle,141001,141001
25588,Ludhiana NSH,Ludhiana NSH,L1,Punjab Circle,141002,141002
25588,Ludhiana NSH,Ludhiana NSH,L1,Punjab Circle,141003,141003
25588,Ludhiana NSH,Ludhiana NSH,L1,Punjab Circle,141004,141004
25588,Ludhiana NSH,Ludhiana NSH,L1,Punjab Circle,141006,141006
25588,Ludhiana NSH,Ludhiana NSH,L1,Punjab Circle,141007,141007
25588,Ludhiana NSH,Ludhiana NSH,L1,Punjab Circle,141008,141008
25588,Ludhiana NSH,Ludhiana NSH,L1,Punjab Circle,141010,141010
25588,Ludhiana NSH,Ludhiana NSH,L1,Punjab Circle,141012,141012
25588,Ludhiana NSH,Ludhiana NSH,L1,Punjab Circle,141013,141013
25588,Ludhiana NSH,Ludhiana NSH,L1,Punjab Circle,141014,141014
25588,Ludhiana NSH,Ludhiana NSH,L1,Punjab Circle,141015,141015
25588,Ludhiana NSH,Ludhiana NSH,L1,Punjab Circle,141016,141016
25588,Ludhiana NSH,Ludhiana NSH,L1,Punjab Circle,141101,141101
25588,Ludhiana NSH,Ludhiana NSH,L1,Punjab Circle,141102,141102
25588,Ludhiana NSH,Ludhiana NSH,L1,Punjab Circle,141103,141103
25588,Ludhiana NSH,Ludhiana NSH,L1,Punjab Circle,141104,141104
25588,Ludhiana NSH,Ludhiana NSH,L1,Punjab Circle,141105,141105
25588,Ludhiana NSH,Ludhiana NSH,L1,Punjab Circle,141106,141106
25588,Ludhiana NSH,Ludhiana NSH,L1,Punjab Circle,141107,141107
25588,Ludhiana NSH,Ludhiana NSH,L1,Punjab Circle,141108,141108
25588,Ludhiana NSH,Ludhiana NSH,L1,Punjab Circle,141109,141109
25588,Ludhiana NSH,Ludhiana NSH,L1,Punjab Circle,141110,141110
25588,Ludhiana NSH,Ludhiana NSH,L1,Punjab Circle,141112,141112
25588,Ludhiana NSH,Ludhiana NSH,L1,Punjab Circle,141113,141113
25588,Ludhiana NSH,Ludhiana NSH,L1,Punjab Circle,141114,141114
25588,Ludhiana NSH,Ludhiana NSH,L1,Punjab Circle,141115,141115
25588,Ludhiana NSH,Ludhiana NSH,L1,Punjab Circle,141116,141116
25588,Ludhiana NSH,Ludhiana NSH,L1,Punjab Circle,141117,141117
25588,Ludhiana NSH,Ludhiana NSH,L1,Punjab Circle,141118,141118
25588,Ludhiana NSH,Ludhiana NSH,L1,Punjab Circle,141119,141119
25588,Ludhiana NSH,Ludhiana NSH,L1,Punjab Circle,141120,141120
25588,Ludhiana NSH,Ludhiana NSH,L1,Punjab Circle,141121,141121
25588,Ludhiana NSH,Ludhiana NSH,L1,Punjab Circle,141122,141122
25588,Ludhiana NSH,Ludhiana NSH,L1,Punjab Circle,141123,141123
25588,Ludhiana NSH,Ludhiana NSH,L1,Punjab Circle,141125,141125
25588,Ludhiana NSH,Ludhiana NSH,L1,Punjab Circle,141126,141126
25588,Ludhiana NSH,Ludhiana NSH,L1,Punjab Circle,141127,141127
25588,Ludhiana NSH,Ludhiana NSH,L1,Punjab Circle,141201,141201
25588,Ludhiana NSH,Ludhiana NSH,L1,Punjab Circle,141202,141202
25588,Ludhiana NSH,Ludhiana NSH,L1,Punjab Circle,141203,141203
25588,Ludhiana NSH,Ludhiana NSH,L1,Punjab Circle,141204,141204
25588,Ludhiana NSH,Ludhiana NSH,L1,Punjab Circle,141205,141205
25588,Ludhiana NSH,Ludhiana NSH,L1,Punjab Circle,141206,141206
25588,Ludhiana NSH,Ludhiana NSH,L1,Punjab Circle,141401,141401
25588,Ludhiana NSH,Ludhiana NSH,L1,Punjab Circle,141412,141412
25588,Ludhiana NSH,Ludhiana NSH,L1,Punjab Circle,141413,141413
25588,Ludhiana NSH,Ludhiana NSH,L1,Punjab Circle,141414,141414
25588,Ludhiana NSH,Ludhiana NSH,L1,Punjab Circle,141415,141415
25588,Ludhiana NSH,Ludhiana NSH,L1,Punjab Circle,141416,141416
25588,Ludhiana NSH,Ludhiana NSH,L1,Punjab Circle,141417,141417
25588,Ludhiana NSH,Ludhiana NSH,L1,Punjab Circle,141418,141418
25588,Ludhiana NSH,Ludhiana NSH,L1,Punjab Circle,141419,141419
25588,Ludhiana NSH,Ludhiana NSH,L1,Punjab Circle,141421,141421
25588,Ludhiana NSH,Ludhiana NSH,L1,Punjab Circle,142021,142021
25588,Ludhiana NSH,Ludhiana NSH,L1,Punjab Circle,142022,142022
25588,Ludhiana NSH,Ludhiana NSH,L1,Punjab Circle,142023,142023
25588,Ludhiana NSH,Ludhiana NSH,L1,Punjab Circle,142024,142024
25588,Ludhiana NSH,Ludhiana NSH,L1,Punjab Circle,142025,142025
25588,Ludhiana NSH,Ludhiana NSH,L1,Punjab Circle,142026,142026
25588,Ludhiana NSH,Ludhiana NSH,L1,Punjab Circle,142027,142027
25588,Ludhiana NSH,Ludhiana NSH,L1,Punjab Circle,142029,142029
25588,Ludhiana NSH,Ludhiana NSH,L1,Punjab Circle,142030,142030
25588,Ludhiana NSH,Ludhiana NSH,L1,Punjab Circle,142031,142031
25588,Ludhiana NSH,Ludhiana NSH,L1,Punjab Circle,142032,142032
25588,Ludhiana NSH,Ludhiana NSH,L1,Punjab Circle,142033,142033
25588,Ludhiana NSH,Ludhiana NSH,L1,Punjab Circle,142034,142034
25588,Ludhiana NSH,Ludhiana NSH,L1,Punjab Circle,142035,142035
25588,Ludhiana NSH,Ludhiana NSH,L1,Punjab Circle,142036,142036
25588,Jalandhar ICH,Jalandhar ICH,L1,Punjab Circle,144000,144999
25588,Jalandhar ICH,Jalandhar ICH,L1,Punjab Circle,144001,144001
25588,Jalandhar ICH,Jalandhar ICH,L1,Punjab Circle,144002,144002
25588,Jalandhar ICH,Jalandhar ICH,L1,Punjab Circle,144005,144005
25588,Jalandhar ICH,Jalandhar ICH,L1,Punjab Circle,144008,144008
25588,Jalandhar ICH,Jalandhar ICH,L1,Punjab Circle,144020,144020
25588,Jalandhar ICH,Jalandhar ICH,L1,Punjab Circle,144024,144024
25588,Jalandhar ICH,Jalandhar ICH,L1,Punjab Circle,144025,144025
25588,Jalandhar ICH,Jalandhar ICH,L1,Punjab Circle,144026,144026
25588,Jalandhar ICH,Jalandhar ICH,L1,Punjab Circle,144028,144028
25588,Jalandhar ICH,Jalandhar ICH,L1,Punjab Circle,144029,144029
25588,Jalandhar ICH,Jalandhar ICH,L1,Punjab Circle,144030,144030
25588,Jalandhar ICH,Jalandhar ICH,L1,Punjab Circle,144031,144031
25588,Jalandhar ICH,Jalandhar ICH,L1,Punjab Circle,144032,144032
25588,Jalandhar ICH,Jalandhar ICH,L1,Punjab Circle,144033,144033
25588,Jalandhar ICH,Jalandhar ICH,L1,Punjab Circle,144034,144034
25588,Jalandhar ICH,Jalandhar ICH,L1,Punjab Circle,144035,144035
25588,Jalandhar ICH,Jalandhar ICH,L1,Punjab Circle,144036,144036
25588,Jalandhar ICH,Jalandhar ICH,L1,Punjab Circle,144037,144037
25588,Jalandhar ICH,Jalandhar ICH,L1,Punjab Circle,144039,144039
25588,Jalandhar ICH,Jalandhar ICH,L1,Punjab Circle,144040,144040
25588,Jalandhar ICH,Jalandhar ICH,L1,Punjab Circle,144041,144041
25588,Jalandhar ICH,Jalandhar ICH,L1,Punjab Circle,144042,144042
25588,Jalandhar ICH,Jalandhar ICH,L1,Punjab Circle,144043,144043
25588,Jalandhar ICH,Jalandhar ICH,L1,Punjab Circle,144044,144044
25588,Jalandhar ICH,Jalandhar ICH,L1,Punjab Circle,144101,144101
25588,Jalandhar ICH,Jalandhar ICH,L1,Punjab Circle,144102,144102
25588,Jalandhar ICH,Jalandhar ICH,L1,Punjab Circle,144103,144103
25588,Jalandhar ICH,Jalandhar ICH,L1,Punjab Circle,144104,144104
25588,Jalandhar ICH,Jalandhar ICH,L1,Punjab Circle,144105,144105
25588,Jalandhar ICH,Jalandhar ICH,L1,Punjab Circle,144106,144106
25588,Jalandhar ICH,Jalandhar ICH,L1,Punjab Circle,144201,144201
25588,Jalandhar ICH,Jalandhar ICH,L1,Punjab Circle,144202,144202
25588,Jalandhar ICH,Jalandhar ICH,L1,Punjab Circle,144204,144204
25588,Jalandhar ICH,Jalandhar ICH,L1,Punjab Circle,144205,144205
25588,Jalandhar ICH,Jalandhar ICH,L1,Punjab Circle,144206,144206
25588,Jalandhar ICH,Jalandhar ICH,L1,Punjab Circle,144207,144207
25588,Jalandhar ICH,Jalandhar ICH,L1,Punjab Circle,144208,144208
25588,Jalandhar ICH,Jalandhar ICH,L1,Punjab Circle,144209,144209
25588,Jalandhar ICH,Jalandhar ICH,L1,Punjab Circle,144210,144210
25588,Jalandhar ICH,Jalandhar ICH,L1,Punjab Circle,144211,144211
25588,Jalandhar ICH,Jalandhar ICH,L1,Punjab Circle,144212,144212
25588,Jalandhar ICH,Jalandhar ICH,L1,Punjab Circle,144213,144213
25588,Jalandhar ICH,Jalandhar ICH,L1,Punjab Circle,144214,144214
25588,Jalandhar ICH,Jalandhar ICH,L1,Punjab Circle,144216,144216
25588,Jalandhar ICH,Jalandhar ICH,L1,Punjab Circle,144221,144221
25588,Jalandhar ICH,Jalandhar ICH,L1,Punjab Circle,144222,144222
25588,Jalandhar ICH,Jalandhar ICH,L1,Punjab Circle,144223,144223
25588,Jalandhar ICH,Jalandhar ICH,L1,Punjab Circle,144224,144224
25588,Jalandhar ICH,Jalandhar ICH,L1,Punjab Circle,144301,144301
25588,Jalandhar ICH,Jalandhar ICH,L1,Punjab Circle,144302,144302
25588,Jalandhar ICH,Jalandhar ICH,L1,Punjab Circle,144303,144303
25588,Jalandhar ICH,Jalandhar ICH,L1,Punjab Circle,144305,144305
25588,Jalandhar ICH,Jalandhar ICH,L1,Punjab Circle,144306,144306
25588,Jalandhar ICH,Jalandhar ICH,L1,Punjab Circle,144311,144311
25588,Jalandhar ICH,Jalandhar ICH,L1,Punjab Circle,144401,144401
25588,Jalandhar ICH,Jalandhar ICH,L1,Punjab Circle,144402,144402
25588,Jalandhar ICH,Jalandhar ICH,L1,Punjab Circle,144403,144403
25588,Jalandhar ICH,Jalandhar ICH,L1,Punjab Circle,144404,144404
25588,Jalandhar ICH,Jalandhar ICH,L1,Punjab Circle,144405,144405
25588,Jalandhar ICH,Jalandhar ICH,L1,Punjab Circle,144406,144406
25588,Jalandhar ICH,Jalandhar ICH,L1,Punjab Circle,144407,144407
25588,Jalandhar ICH,Jalandhar ICH,L1,Punjab Circle,144408,144408
25588,Jalandhar ICH,Jalandhar ICH,L1,Punjab Circle,144409,144409
25588,Jalandhar ICH,Jalandhar ICH,L1,Punjab Circle,144410,144410
25588,Jalandhar ICH,Jalandhar ICH,L1,Punjab Circle,144411,144411
25588,Jalandhar ICH,Jalandhar ICH,L1,Punjab Circle,144415,144415
25588,Jalandhar ICH,Jalandhar ICH,L1,Punjab Circle,144416,144416
25588,Jalandhar ICH,Jalandhar ICH,L1,Punjab Circle,144417,144417
25588,Jalandhar ICH,Jalandhar ICH,L1,Punjab Circle,144418,144418
25588,Jalandhar ICH,Jalandhar ICH,L1,Punjab Circle,144419,144419
25588,Jalandhar ICH,Jalandhar ICH,L1,Punjab Circle,144421,144421
25588,Jalandhar ICH,Jalandhar ICH,L1,Punjab Circle,144422,144422
25588,Jalandhar ICH,Jalandhar ICH,L1,Punjab Circle,144501,144501
25588,Jalandhar ICH,Jalandhar ICH,L1,Punjab Circle,144502,144502
25588,Jalandhar ICH,Jalandhar ICH,L1,Punjab Circle,144503,144503
25588,Jalandhar ICH,Jalandhar ICH,L1,Punjab Circle,144504,144504
25588,Jalandhar ICH,Jalandhar ICH,L1,Punjab Circle,144505,144505
25588,Jalandhar ICH,Jalandhar ICH,L1,Punjab Circle,144506,144506
25588,Jalandhar ICH,Jalandhar ICH,L1,Punjab Circle,144507,144507
25588,Jalandhar ICH,Jalandhar ICH,L1,Punjab Circle,144508,144508
25588,Jalandhar ICH,Jalandhar ICH,L1,Punjab Circle,144509,144509
25588,Jalandhar ICH,Jalandhar ICH,L1,Punjab Circle,144510,144510
25588,Jalandhar ICH,Jalandhar ICH,L1,Punjab Circle,144511,144511
25588,Jalandhar ICH,Jalandhar ICH,L1,Punjab Circle,144512,144512
25588,Jalandhar ICH,Jalandhar ICH,L1,Punjab Circle,144513,144513
25588,Jalandhar ICH,Jalandhar ICH,L1,Punjab Circle,144514,144514
25588,Jalandhar ICH,Jalandhar ICH,L1,Punjab Circle,144515,144515
25588,Jalandhar ICH,Jalandhar ICH,L1,Punjab Circle,144516,144516
25588,Jalandhar ICH,Jalandhar ICH,L1,Punjab Circle,144517,144517
25588,Jalandhar ICH,Jalandhar ICH,L1,Punjab Circle,144518,144518
25588,Jalandhar ICH,Jalandhar ICH,L1,Punjab Circle,144519,144519
25588,Jalandhar ICH,Jalandhar ICH,L1,Punjab Circle,144520,144520
25588,Jalandhar ICH,Jalandhar ICH,L1,Punjab Circle,144521,144521
25588,Jalandhar ICH,Jalandhar ICH,L1,Punjab Circle,144522,144522
25588,Jalandhar ICH,Jalandhar ICH,L1,Punjab Circle,144523,144523
25588,Jalandhar ICH,Jalandhar ICH,L1,Punjab Circle,144524,144524
25588,Jalandhar ICH,Jalandhar ICH,L1,Punjab Circle,144525,144525
25588,Jalandhar ICH,Jalandhar ICH,L1,Punjab Circle,144526,144526
25588,Jalandhar ICH,Jalandhar ICH,L1,Punjab Circle,144527,144527
25588,Jalandhar ICH,Jalandhar ICH,L1,Punjab Circle,144528,144528
25588,Jalandhar ICH,Jalandhar ICH,L1,Punjab Circle,144529,144529
25588,Jalandhar ICH,Jalandhar ICH,L1,Punjab Circle,144530,144530
25588,Jalandhar ICH,Jalandhar ICH,L1,Punjab Circle,144531,144531
25588,Jalandhar ICH,Jalandhar ICH,L1,Punjab Circle,144532,144532
25588,Jalandhar ICH,Jalandhar ICH,L1,Punjab Circle,144533,144533
25588,Jalandhar ICH,Jalandhar ICH,L1,Punjab Circle,144601,144601
25588,Jalandhar ICH,Jalandhar ICH,L1,Punjab Circle,144602,144602
25588,Jalandhar ICH,Jalandhar ICH,L1,Punjab Circle,144603,144603
25588,Jalandhar ICH,Jalandhar ICH,L1,Punjab Circle,144606,144606
25588,Jalandhar ICH,Jalandhar ICH,L1,Punjab Circle,144620,144620
25588,Jalandhar ICH,Jalandhar ICH,L1,Punjab Circle,144621,144621
25588,Jalandhar ICH,Jalandhar ICH,L1,Punjab Circle,144622,144622
25588,Jalandhar ICH,Jalandhar ICH,L1,Punjab Circle,144623,144623
25588,Jalandhar ICH,Jalandhar ICH,L1,Punjab Circle,144624,144624
25588,Jalandhar ICH,Jalandhar ICH,L1,Punjab Circle,144625,144625
25588,Jalandhar ICH,Jalandhar ICH,L1,Punjab Circle,144626,144626
25588,Jalandhar ICH,Jalandhar ICH,L1,Punjab Circle,144628,144628
25588,Jalandhar ICH,Jalandhar ICH,L1,Punjab Circle,144629,144629
25588,Jalandhar ICH,Jalandhar ICH,L1,Punjab Circle,144630,144630
25588,Jalandhar ICH,Jalandhar ICH,L1,Punjab Circle,144631,144631
25588,Jalandhar ICH,Jalandhar ICH,L1,Punjab Circle,144632,144632
25588,Jalandhar ICH,Jalandhar ICH,L1,Punjab Circle,144633,144633
25588,Jalandhar ICH,Jalandhar ICH,L1,Punjab Circle,144701,144701
25588,Jalandhar ICH,Jalandhar ICH,L1,Punjab Circle,144702,144702
25588,Jalandhar ICH,Jalandhar ICH,L1,Punjab Circle,144703,144703
25588,Jalandhar ICH,Jalandhar ICH,L1,Punjab Circle,144801,144801
25588,Jalandhar ICH,Jalandhar ICH,L1,Punjab Circle,144802,144802
25588,Jalandhar ICH,Jalandhar ICH,L1,Punjab Circle,144803,144803
25588,Jalandhar ICH,Jalandhar ICH,L1,Punjab Circle,144804,144804
25588,Jalandhar ICH,Jalandhar ICH,L1,Punjab Circle,144805,144805
25588,Jalandhar ICH,Jalandhar ICH,L1,Punjab Circle,144806,144806
25588,Jalandhar ICH,Jalandhar ICH,L1,Punjab Circle,144819,144819
25588,Jalandhar ICH,Jalandhar ICH,L1,Punjab Circle,146000,146999
25588,Jalandhar ICH,Jalandhar ICH,L1,Punjab Circle,146001,146001
25588,Jalandhar ICH,Jalandhar ICH,L1,Punjab Circle,146021,146021
25588,Jalandhar ICH,Jalandhar ICH,L1,Punjab Circle,146022,146022
25588,Jalandhar ICH,Jalandhar ICH,L1,Punjab Circle,146023,146023
25588,Jalandhar ICH,Jalandhar ICH,L1,Punjab Circle,146024,146024
25588,Jalandhar ICH,Jalandhar ICH,L1,Punjab Circle,146101,146104
25588,Jalandhar ICH,Jalandhar ICH,L1,Punjab Circle,146105,146105
25588,Jalandhar ICH,Jalandhar ICH,L1,Punjab Circle,146106,146106
25588,Jalandhar ICH,Jalandhar ICH,L1,Punjab Circle,146107,146107
25588,Jalandhar ICH,Jalandhar ICH,L1,Punjab Circle,146108,146108
25588,Jalandhar ICH,Jalandhar ICH,L1,Punjab Circle,146109,146109
25588,Jalandhar ICH,Jalandhar ICH,L1,Punjab Circle,146110,146110
25588,Jalandhar ICH,Jalandhar ICH,L1,Punjab Circle,146111,146111
25588,Jalandhar ICH,Jalandhar ICH,L1,Punjab Circle,146112,146112
25588,Jalandhar ICH,Jalandhar ICH,L1,Punjab Circle,146113,146113
25588,Jalandhar ICH,Jalandhar ICH,L1,Punjab Circle,146114,146115
25588,Jalandhar ICH,Jalandhar ICH,L1,Punjab Circle,146116,146116
25588,Chandigarh NSH,Chandigarh NSH,L1,Punjab Circle,147000,147999
25588,Ludhiana NSH,Ludhiana NSH,L1,Punjab Circle,148000,152999
25588,Ludhiana NSH,Ludhiana NSH,L1,Punjab Circle,148001,148001
25588,Ludhiana NSH,Ludhiana NSH,L1,Punjab Circle,148017,148017
25588,Ludhiana NSH,Ludhiana NSH,L1,Punjab Circle,148018,148018
25588,Ludhiana NSH,Ludhiana NSH,L1,Punjab Circle,148019,148019
25588,Ludhiana NSH,Ludhiana NSH,L1,Punjab Circle,148020,148020
25588,Ludhiana NSH,Ludhiana NSH,L1,Punjab Circle,148021,148021
25588,Ludhiana NSH,Ludhiana NSH,L1,Punjab Circle,148022,148022
25588,Ludhiana NSH,Ludhiana NSH,L1,Punjab Circle,148023,148023
25588,Ludhiana NSH,Ludhiana NSH,L1,Punjab Circle,148024,148024
25588,Ludhiana NSH,Ludhiana NSH,L1,Punjab Circle,148025,148025
25588,Ludhiana NSH,Ludhiana NSH,L1,Punjab Circle,148026,148026
25588,Ludhiana NSH,Ludhiana NSH,L1,Punjab Circle,148027,148027
25588,Ludhiana NSH,Ludhiana NSH,L1,Punjab Circle,148028,148028
25588,Ludhiana NSH,Ludhiana NSH,L1,Punjab Circle,148029,148030
25588,Ludhiana NSH,Ludhiana NSH,L1,Punjab Circle,148031,148031
25588,Ludhiana NSH,Ludhiana NSH,L1,Punjab Circle,148033,148033
25588,Ludhiana NSH,Ludhiana NSH,L1,Punjab Circle,148034,148034
25588,Ludhiana NSH,Ludhiana NSH,L1,Punjab Circle,148035,148035
25588,Ludhiana NSH,Ludhiana NSH,L1,Punjab Circle,148100,148100
25588,Ludhiana NSH,Ludhiana NSH,L1,Punjab Circle,148101,148102
25588,Ludhiana NSH,Ludhiana NSH,L1,Punjab Circle,148103,148103
25588,Ludhiana NSH,Ludhiana NSH,L1,Punjab Circle,148104,148104
25588,Ludhiana NSH,Ludhiana NSH,L1,Punjab Circle,148105,148105
25588,Ludhiana NSH,Ludhiana NSH,L1,Punjab Circle,148106,148106
25588,Ludhiana NSH,Ludhiana NSH,L1,Punjab Circle,148107,148107
25588,Ludhiana NSH,Ludhiana NSH,L1,Punjab Circle,148108,148108
25588,Chandigarh NSH,Chandigarh NSH,L1,Punjab Circle,160000,170999
25588,Chandigarh NSH,Chandigarh NSH,L1,Punjab Circle,160001,160001
25588,Chandigarh NSH,Chandigarh NSH,L1,Punjab Circle,160002,160002
25588,Chandigarh NSH,Chandigarh NSH,L1,Punjab Circle,160003,160003
25588,Chandigarh NSH,Chandigarh NSH,L1,Punjab Circle,160004,160004
25588,Chandigarh NSH,Chandigarh NSH,L1,Punjab Circle,160009,160009
25588,Chandigarh NSH,Chandigarh NSH,L1,Punjab Circle,160011,160011
25588,Chandigarh NSH,Chandigarh NSH,L1,Punjab Circle,160012,160012
25588,Chandigarh NSH,Chandigarh NSH,L1,Punjab Circle,160014,160014
25588,Chandigarh NSH,Chandigarh NSH,L1,Punjab Circle,160015,160015
25588,Chandigarh NSH,Chandigarh NSH,L1,Punjab Circle,160017,160017
25588,Chandigarh NSH,Chandigarh NSH,L1,Punjab Circle,160018,160018
25588,Chandigarh NSH,Chandigarh NSH,L1,Punjab Circle,160019,160019
25588,Chandigarh NSH,Chandigarh NSH,L1,Punjab Circle,160020,160020
25588,Chandigarh NSH,Chandigarh NSH,L1,Punjab Circle,160022,160022
25588,Chandigarh NSH,Chandigarh NSH,L1,Punjab Circle,160023,160023
25588,Chandigarh NSH,Chandigarh NSH,L1,Punjab Circle,160025,160025
25588,Chandigarh NSH,Chandigarh NSH,L1,Punjab Circle,160030,160030
25588,Chandigarh NSH,Chandigarh NSH,L1,Punjab Circle,160036,160036
25588,Chandigarh NSH,Chandigarh NSH,L1,Punjab Circle,160043,160043
25588,Chandigarh NSH,Chandigarh NSH,L1,Punjab Circle,160047,160047
25588,Chandigarh NSH,Chandigarh NSH,L1,Punjab Circle,160052,160052
25588,Chandigarh NSH,Chandigarh NSH,L1,Punjab Circle,160055,160055
25588,Chandigarh NSH,Chandigarh NSH,L1,Punjab Circle,160059,160059
25588,Chandigarh NSH,Chandigarh NSH,L1,Punjab Circle,160071,160071
25588,Chandigarh NSH,Chandigarh NSH,L1,Punjab Circle,160101,160101
25588,Chandigarh NSH,Chandigarh NSH,L1,Punjab Circle,160102,160102
25588,Chandigarh NSH,Chandigarh NSH,L1,Punjab Circle,160103,160103
25588,Chandigarh NSH,Chandigarh NSH,L1,Punjab Circle,160104,160104
25588,Shimla NSH,Shimla NSH,L1,Himachal Pradesh Circle,171001,171014
25588,Shimla NSH,Shimla NSH,L1,Himachal Pradesh Circle,171015,171199
25588,Ambala NSH,Ambala NSH,L1,Haryana Circle,173000,173999
25588,Ambala NSH,Ambala NSH,L1,Haryana Circle,174000,174299
25588,Ambala NSH,Ambala NSH,L1,Haryana Circle,174301,174303
25588,Ambala NSH,Ambala NSH,L1,Haryana Circle,174306,174308
25588,Ambala NSH,Ambala NSH,L1,Haryana Circle,174310,174310
25588,Ambala NSH,Ambala NSH,L1,Haryana Circle,174314,174321
25588,Pathankot NSH,Pathankot NSH,L1,Himachal Pradesh Circle,174400,174499
25588,Pathankot NSH,Pathankot NSH,L1,Himachal Pradesh Circle,174500,174599
25588,Ambala NSH,Ambala NSH,L1,Haryana Circle,174503,174503
25588,Ambala NSH,Ambala NSH,L1,Haryana Circle,174507,174507
25588,Ambala NSH,Ambala NSH,L1,Haryana Circle,175000,175999
25588,Pathankot NSH,Pathankot NSH,L1,Himachal Pradesh Circle,176003,176028
25588,Pathankot NSH,Pathankot NSH,L1,Himachal Pradesh Circle,176034,176035
25588,Pathankot NSH,Pathankot NSH,L1,Himachal Pradesh Circle,176038,176046
25588,Pathankot NSH,Pathankot NSH,L1,Himachal Pradesh Circle,176048,176051
25588,Pathankot NSH,Pathankot NSH,L1,Himachal Pradesh Circle,176053,176053
25588,Pathankot NSH,Pathankot NSH,L1,Himachal Pradesh Circle,176055,176056
25588,Pathankot NSH,Pathankot NSH,L1,Himachal Pradesh Circle,176058,176058
25588,Ambala NSH,Ambala NSH,L1,Haryana Circle,176090,176090
25588,Pathankot NSH,Pathankot NSH,L1,Himachal Pradesh Circle,176099,176099
25588,Ambala NSH,Ambala NSH,L1,Haryana Circle,176600,176699
25588,Ambala NSH,Ambala NSH,L1,Haryana Circle,177031,177031
25588,Ambala NSH,Ambala NSH,L1,Haryana Circle,177039,177039
25588,Ambala NSH,Ambala NSH,L1,Haryana Circle,177200,177299
25588,Jammu NSH,Jammu NSH,L1,Jammu and Kashmir Circle,180000,185999
25588,Jammu NSH,Jammu NSH,L1,Jammu and Kashmir Circle,180001,180007
25588,Jammu NSH,Jammu NSH,L1,Jammu and Kashmir Circle,180009,180013
25588,Jammu NSH,Jammu NSH,L1,Jammu and Kashmir Circle,180015,180016
25588,Jammu NSH,Jammu NSH,L1,Jammu and Kashmir Circle,180017,180017
25588,Jammu NSH,Jammu NSH,L1,Jammu and Kashmir Circle,180018,180020
25588,Jammu NSH,Jammu NSH,L1,Jammu and Kashmir Circle,181008,181008
25588,Jammu NSH,Jammu NSH,L1,Jammu and Kashmir Circle,181101,181102
25588,Jammu NSH,Jammu NSH,L1,Jammu and Kashmir Circle,181111,181111
25588,Jammu NSH,Jammu NSH,L1,Jammu and Kashmir Circle,181121,181121
25588,Jammu NSH,Jammu NSH,L1,Jammu and Kashmir Circle,181122,181122
25588,Jammu NSH,Jammu NSH,L1,Jammu and Kashmir Circle,181123,181124
25588,Jammu NSH,Jammu NSH,L1,Jammu and Kashmir Circle,181131,181132
25588,Jammu NSH,Jammu NSH,L1,Jammu and Kashmir Circle,181133,181133
25588,Jammu NSH,Jammu NSH,L1,Jammu and Kashmir Circle,181141,181141
25588,Jammu NSH,Jammu NSH,L1,Jammu and Kashmir Circle,181143,181143
25588,Jammu NSH,Jammu NSH,L1,Jammu and Kashmir Circle,181145,181145
25588,Jammu NSH,Jammu NSH,L1,Jammu and Kashmir Circle,181152,181152
25588,Jammu NSH,Jammu NSH,L1,Jammu and Kashmir Circle,181201,181203
25588,Jammu NSH,Jammu NSH,L1,Jammu and Kashmir Circle,181204,181204
25588,Jammu NSH,Jammu NSH,L1,Jammu and Kashmir Circle,181205,181205
25588,Jammu NSH,Jammu NSH,L1,Jammu and Kashmir Circle,181206,181208
25588,Jammu NSH,Jammu NSH,L1,Jammu and Kashmir Circle,181221,181221
25588,Jammu NSH,Jammu NSH,L1,Jammu and Kashmir Circle,181224,181224
25588,Jammu NSH,Jammu NSH,L1,Jammu and Kashmir Circle,182101,182101
25588,Jammu NSH,Jammu NSH,L1,Jammu and Kashmir Circle,182104,182104
25588,Jammu NSH,Jammu NSH,L1,Jammu and Kashmir Circle,182121,182122
25588,Jammu NSH,Jammu NSH,L1,Jammu and Kashmir Circle,182124,182128
25588,Jammu NSH,Jammu NSH,L1,Jammu and Kashmir Circle,182141,182148
25588,Jammu NSH,Jammu NSH,L1,Jammu and Kashmir Circle,182161,182161
25588,Jammu NSH,Jammu NSH,L1,Jammu and Kashmir Circle,182201,182207
25588,Jammu NSH,Jammu NSH,L1,Jammu and Kashmir Circle,182221,182222
25588,Jammu NSH,Jammu NSH,L1,Jammu and Kashmir Circle,182301,182301
25588,Jammu NSH,Jammu NSH,L1,Jammu and Kashmir Circle,182311,182313
25588,Jammu NSH,Jammu NSH,L1,Jammu and Kashmir Circle,182315,182315
25588,Jammu NSH,Jammu NSH,L1,Jammu and Kashmir Circle,182320,182320
25588,Jammu NSH,Jammu NSH,L1,Jammu and Kashmir Circle,184101,184102
25588,Jammu NSH,Jammu NSH,L1,Jammu and Kashmir Circle,184104,184104
25588,Jammu NSH,Jammu NSH,L1,Jammu and Kashmir Circle,184120,184121
25588,Jammu NSH,Jammu NSH,L1,Jammu and Kashmir Circle,184141,184145
25588,Jammu NSH,Jammu NSH,L1,Jammu and Kashmir Circle,184148,184148
25588,Jammu NSH,Jammu NSH,L1,Jammu and Kashmir Circle,184151,184152
25588,Jammu NSH,Jammu NSH,L1,Jammu and Kashmir Circle,184201,184206
25588,Jammu NSH,Jammu NSH,L1,Jammu and Kashmir Circle,184210,184210
25588,Jammu NSH,Jammu NSH,L1,Jammu and Kashmir Circle,185101,185102
25588,Jammu NSH,Jammu NSH,L1,Jammu and Kashmir Circle,185121,185121
25588,Jammu NSH,Jammu NSH,L1,Jammu and Kashmir Circle,185131,185133
25588,Jammu NSH,Jammu NSH,L1,Jammu and Kashmir Circle,185135,185135
25588,Jammu NSH,Jammu NSH,L1,Jammu and Kashmir Circle,185151,185156
25588,Jammu NSH,Jammu NSH,L1,Jammu and Kashmir Circle,185201,185203
25588,Jammu NSH,Jammu NSH,L1,Jammu and Kashmir Circle,185211,185212
25588,Jammu NSH,Jammu NSH,L1,Jammu and Kashmir Circle,185233,185234
25588,Srinagar NSH,Srinagar NSH,L1,Jammu and Kashmir Circle,190000,193999
25588,Srinagar NSH,Srinagar NSH,L1,Jammu and Kashmir Circle,190001,190012
25588,Srinagar NSH,Srinagar NSH,L1,Jammu and Kashmir Circle,190014,190015
25588,Srinagar NSH,Srinagar NSH,L1,Jammu and Kashmir Circle,190017,190021
25588,Srinagar NSH,Srinagar NSH,L1,Jammu and Kashmir Circle,190023,190025
25588,Srinagar NSH,Srinagar NSH,L1,Jammu and Kashmir Circle,191101,191101
25588,Srinagar NSH,Srinagar NSH,L1,Jammu and Kashmir Circle,191102,191103
25588,Srinagar NSH,Srinagar NSH,L1,Jammu and Kashmir Circle,191111,191113
25588,Srinagar NSH,Srinagar NSH,L1,Jammu and Kashmir Circle,191121,191121
25588,Srinagar NSH,Srinagar NSH,L1,Jammu and Kashmir Circle,191131,191132
25588,Srinagar NSH,Srinagar NSH,L1,Jammu and Kashmir Circle,191201,191202
25588,Srinagar NSH,Srinagar NSH,L1,Jammu and Kashmir Circle,192101,192101
25588,Srinagar NSH,Srinagar NSH,L1,Jammu and Kashmir Circle,192121,192126
25588,Srinagar NSH,Srinagar NSH,L1,Jammu and Kashmir Circle,192129,192129
25588,Srinagar NSH,Srinagar NSH,L1,Jammu and Kashmir Circle,192201,192202
25588,Srinagar NSH,Srinagar NSH,L1,Jammu and Kashmir Circle,192210,192212
25588,Srinagar NSH,Srinagar NSH,L1,Jammu and Kashmir Circle,192221,192221
25588,Srinagar NSH,Srinagar NSH,L1,Jammu and Kashmir Circle,192231,192233
25588,Srinagar NSH,Srinagar NSH,L1,Jammu and Kashmir Circle,192301,192305
25588,Srinagar NSH,Srinagar NSH,L1,Jammu and Kashmir Circle,192401,192401
25588,Srinagar NSH,Srinagar NSH,L1,Jammu and Kashmir Circle,193101,193101
25588,Srinagar NSH,Srinagar NSH,L1,Jammu and Kashmir Circle,193103,193103
25588,Srinagar NSH,Srinagar NSH,L1,Jammu and Kashmir Circle,193108,193109
25588,Srinagar NSH,Srinagar NSH,L1,Jammu and Kashmir Circle,193121,193123
25588,Srinagar NSH,Srinagar NSH,L1,Jammu and Kashmir Circle,193201,193201
25588,Srinagar NSH,Srinagar NSH,L1,Jammu and Kashmir Circle,193221,193225
25588,Srinagar NSH,Srinagar NSH,L1,Jammu and Kashmir Circle,193301,193303
25588,Srinagar NSH,Srinagar NSH,L1,Jammu and Kashmir Circle,193306,193306
25588,Srinagar NSH,Srinagar NSH,L1,Jammu and Kashmir Circle,193401,193404
25588,Srinagar NSH,Srinagar NSH,L1,Jammu and Kashmir Circle,193411,193411
25588,Srinagar NSH,Srinagar NSH,L1,Jammu and Kashmir Circle,193501,193505
25588,Ghaziabad NSH,Ghaziabad NSH,L1,Uttar Pradesh Circle,201000,201999
25588,Agra NSH,Agra NSH,L1,Uttar Pradesh Circle,202000,202999
25588,Ghaziabad NSH,Ghaziabad NSH,L1,Uttar Pradesh Circle,203000,203999
25588,Agra NSH,Agra NSH,L1,Uttar Pradesh Circle,204000,204999
25588,Kanpur NSH,Kanpur NSH,L1,Uttar Pradesh Circle,205000,206999
25588,Bareilly ICH,Bareilly ICH,L1,Uttar Pradesh Circle,207000,207999
25588,Kanpur NSH,Kanpur NSH,L1,Uttar Pradesh Circle,208000,210999
25588,Prayagraj NSH,Prayagraj NSH,L1,Uttar Pradesh Circle,211000,211999
25588,Prayagraj NSH,Prayagraj NSH,L1,Uttar Pradesh Circle,212000,212599
25588,Kanpur NSH,Kanpur NSH,L1,Uttar Pradesh Circle,212600,212699
25588,Prayagraj NSH,Prayagraj NSH,L1,Uttar Pradesh Circle,212700,212999
25588,Varanasi NSH,Varanasi NSH,L1,Uttar Pradesh Circle,221000,221499
25588,Prayagraj NSH,Prayagraj NSH,L1,Uttar Pradesh Circle,221500,221599
25588,Varanasi NSH,Varanasi NSH,L1,Uttar Pradesh Circle,221600,222299
25588,Lucknow NSH,Lucknow NSH,L1,Uttar Pradesh Circle,222300,222999
25588,Varanasi NSH,Varanasi NSH,L1,Uttar Pradesh Circle,223000,223999
25588,Lucknow NSH,Lucknow NSH,L1,Uttar Pradesh Circle,224000,227999
25588,Lucknow NSH,Lucknow NSH,L1,Uttar Pradesh Circle,228000,228399
25588,Prayagraj NSH,Prayagraj NSH,L1,Uttar Pradesh Circle,228400,228999
25588,Lucknow NSH,Lucknow NSH,L1,Uttar Pradesh Circle,229000,229399
25588,Prayagraj NSH,Prayagraj NSH,L1,Uttar Pradesh Circle,229408,229499
25588,Lucknow NSH,Lucknow NSH,L1,Uttar Pradesh Circle,229500,229999
25588,Prayagraj NSH,Prayagraj NSH,L1,Uttar Pradesh Circle,230000,231999
25588,Varanasi NSH,Varanasi NSH,L1,Uttar Pradesh Circle,232000,233999
25588,Bareilly ICH,Bareilly ICH,L1,Uttar Pradesh Circle,241000,241999
25588,Bareilly ICH,Bareilly ICH,L1,Uttar Pradesh Circle,242000,243999
25588,Ghaziabad NSH,Ghaziabad NSH,L1,Uttar Pradesh Circle,245000,245999
25588,Saharanpur ICH,Saharanpur ICH,L1,Uttar Pradesh Circle,246700,246799
25588,Saharanpur ICH,Saharanpur ICH,L1,Uttar Pradesh Circle,247001,247002
25588,Saharanpur ICH,Saharanpur ICH,L1,Uttar Pradesh Circle,247120,247122
25588,Saharanpur ICH,Saharanpur ICH,L1,Uttar Pradesh Circle,247129,247129
25588,Saharanpur ICH,Saharanpur ICH,L1,Uttar Pradesh Circle,247231,247232
25588,Saharanpur ICH,Saharanpur ICH,L1,Uttar Pradesh Circle,247340,247343
25588,Saharanpur ICH,Saharanpur ICH,L1,Uttar Pradesh Circle,247451,247453
25588,Saharanpur ICH,Saharanpur ICH,L1,Uttar Pradesh Circle,247551,247551
25588,Saharanpur ICH,Saharanpur ICH,L1,Uttar Pradesh Circle,247554,247554
25588,Saharanpur ICH,Saharanpur ICH,L1,Uttar Pradesh Circle,247662,247662
25588,Saharanpur ICH,Saharanpur ICH,L1,Uttar Pradesh Circle,247669,247669
25588,Saharanpur ICH,Saharanpur ICH,L1,Uttar Pradesh Circle,247700,247799
25588,Dehradun NSH,Dehradun NSH,L1,Uttarakhand Circle,248001,248199
25588,Dehradun NSH,Dehradun NSH,L1,Uttarakhand Circle,249201,249300
25588,Dehradun NSH,Dehradun NSH,L1,Uttarakhand Circle,249307,249400
25588,Ghaziabad NSH,Ghaziabad NSH,L1,Uttar Pradesh Circle,250000,250999
25588,Saharanpur ICH,Saharanpur ICH,L1,Uttar Pradesh Circle,251000,251999
25588,Lucknow NSH,Lucknow NSH,L1,Uttar Pradesh Circle,261000,261999
25588,Bareilly ICH,Bareilly ICH,L1,Uttar Pradesh Circle,262000,262299
25588,Lucknow NSH,Lucknow NSH,L1,Uttar Pradesh Circle,262700,262999
25588,Gorakhpur ICH,Gorakhpur ICH,L1,Uttar Pradesh Circle,271000,274999
25588,Varanasi NSH,Varanasi NSH,L1,Uttar Pradesh Circle,275000,277999
25588,Agra NSH,Agra NSH,L1,Uttar Pradesh Circle,281000,285999
25588,Jaipur NSH,Jaipur NSH,L1,Rajasthan Circle,301000,304999
25588,Jaipur NSH,Jaipur NSH,L1,Rajasthan Circle,302001,302006
25588,Jaipur NSH,Jaipur NSH,L1,Rajasthan Circle,302012,302013
25588,Jaipur NSH,Jaipur NSH,L1,Rajasthan Circle,302015,302022
25588,Jaipur NSH,Jaipur NSH,L1,Rajasthan Circle,302026,302029
25588,Jaipur NSH,Jaipur NSH,L1,Rajasthan Circle,302031,302031
25588,Jaipur NSH,Jaipur NSH,L1,Rajasthan Circle,302033,302034
25588,Jaipur NSH,Jaipur NSH,L1,Rajasthan Circle,302037,302039
25588,Jaipur NSH,Jaipur NSH,L1,Rajasthan Circle,302041,302042
25588,Jaipur NSH,Jaipur NSH,L1,Rajasthan Circle,302044,302044
25588,Jaipur NSH,Jaipur NSH,L1,Rajasthan Circle,302046,302046
25588,Jaipur NSH,Jaipur NSH,L1,Rajasthan Circle,302048,302048
25588,Jaipur NSH,Jaipur NSH,L1,Rajasthan Circle,303001,303009
25588,Jaipur NSH,Jaipur NSH,L1,Rajasthan Circle,303012,303012
25588,Jaipur NSH,Jaipur NSH,L1,Rajasthan Circle,303102,303110
25588,Jaipur NSH,Jaipur NSH,L1,Rajasthan Circle,303119,303124
25588,Jaipur NSH,Jaipur NSH,L1,Rajasthan Circle,303301,303305
25588,Jaipur NSH,Jaipur NSH,L1,Rajasthan Circle,303313,303313
25588,Jaipur NSH,Jaipur NSH,L1,Rajasthan Circle,303315,303315
25588,Jaipur NSH,Jaipur NSH,L1,Rajasthan Circle,303323,303323
25588,Jaipur NSH,Jaipur NSH,L1,Rajasthan Circle,303325,303329
25588,Jaipur NSH,Jaipur NSH,L1,Rajasthan Circle,303338,303338
25588,Jaipur NSH,Jaipur NSH,L1,Rajasthan Circle,303348,303348
25588,Jaipur NSH,Jaipur NSH,L1,Rajasthan Circle,303501,303511
25588,Jaipur NSH,Jaipur NSH,L1,Rajasthan Circle,303601,303604
25588,Jaipur NSH,Jaipur NSH,L1,Rajasthan Circle,303701,303704
25588,Jaipur NSH,Jaipur NSH,L1,Rajasthan Circle,303706,303706
25588,Jaipur NSH,Jaipur NSH,L1,Rajasthan Circle,303712,303712
25588,Jaipur NSH,Jaipur NSH,L1,Rajasthan Circle,303801,303801
25588,Jaipur NSH,Jaipur NSH,L1,Rajasthan Circle,303803,303807
25588,Jaipur NSH,Jaipur NSH,L1,Rajasthan Circle,303901,303901
25588,Jaipur NSH,Jaipur NSH,L1,Rajasthan Circle,303903,303905
25588,Jaipur NSH,Jaipur NSH,L1,Rajasthan Circle,303908,303908
25588,Jaipur NSH,Jaipur NSH,L1,Rajasthan Circle,304001,304001
25588,Jaipur NSH,Jaipur NSH,L1,Rajasthan Circle,304021,304026
25588,Jaipur NSH,Jaipur NSH,L1,Rajasthan Circle,304501,304505
25588,Jaipur NSH,Jaipur NSH,L1,Rajasthan Circle,304507,304507
25588,Jaipur NSH,Jaipur NSH,L1,Rajasthan Circle,304801,304804
25588,Jaipur NSH,Jaipur NSH,L1,Rajasthan Circle,321000,322999
25588,Jaipur NSH,Jaipur NSH,L1,Rajasthan Circle,321608,321609
25588,Jaipur NSH,Jaipur NSH,L1,Rajasthan Circle,321612,321613
25588,Jaipur NSH,Jaipur NSH,L1,Rajasthan Circle,323000,323299
25588,Jaipur NSH,Jaipur NSH,L1,Rajasthan Circle,323302,323302
25588,Jaipur NSH,Jaipur NSH,L1,Rajasthan Circle,323308,323600
25588,Jaipur NSH,Jaipur NSH,L1,Rajasthan Circle,323604,323612
25588,Jaipur NSH,Jaipur NSH,L1,Rajasthan Circle,323617,323617
25588,Jaipur NSH,Jaipur NSH,L1,Rajasthan Circle,323804,323999
25588,Jaipur NSH,Jaipur NSH,L1,Rajasthan Circle,324000,326999
25588,Jaipur NSH,Jaipur NSH,L1,Rajasthan Circle,328000,330999
25588,Jaipur NSH,Jaipur NSH,L1,Rajasthan Circle,331804,331810
25588,Jaipur NSH,Jaipur NSH,L1,Rajasthan Circle,331812,331999
25588,Jaipur NSH,Jaipur NSH,L1,Rajasthan Circle,332000,333999
25588,JODHPUR NSH,JODHPUR NSH,L1,Rajasthan Circle,334000,342999
25588,JODHPUR NSH,JODHPUR NSH,L1,Rajasthan Circle,342001,342001
25588,JODHPUR NSH,JODHPUR NSH,L1,Rajasthan Circle,342003,342003
25588,JODHPUR NSH,JODHPUR NSH,L1,Rajasthan Circle,342005,342008
25588,JODHPUR NSH,JODHPUR NSH,L1,Rajasthan Circle,342012,342017
25588,JODHPUR NSH,JODHPUR NSH,L1,Rajasthan Circle,342021,342023
25588,JODHPUR NSH,JODHPUR NSH,L1,Rajasthan Circle,342024,342027
25588,JODHPUR NSH,JODHPUR NSH,L1,Rajasthan Circle,342037,342037
25588,JODHPUR NSH,JODHPUR NSH,L1,Rajasthan Circle,342301,342305
25588,JODHPUR NSH,JODHPUR NSH,L1,Rajasthan Circle,342314,342314
25588,JODHPUR NSH,JODHPUR NSH,L1,Rajasthan Circle,342601,342606
25588,JODHPUR NSH,JODHPUR NSH,L1,Rajasthan Circle,342801,342802
25588,JODHPUR NSH,JODHPUR NSH,L1,Rajasthan Circle,342901,342901
25588,JODHPUR NSH,JODHPUR NSH,L1,Rajasthan Circle,344000,345999
25588,JODHPUR NSH,JODHPUR NSH,L1,Rajasthan Circle,344001,344001
25588,JODHPUR NSH,JODHPUR NSH,L1,Rajasthan Circle,344011,344012
25588,JODHPUR NSH,JODHPUR NSH,L1,Rajasthan Circle,344021,344022
25588,JODHPUR NSH,JODHPUR NSH,L1,Rajasthan Circle,344024,344027
25588,JODHPUR NSH,JODHPUR NSH,L1,Rajasthan Circle,344031,344035
25588,JODHPUR NSH,JODHPUR NSH,L1,Rajasthan Circle,344037,344037
25588,JODHPUR NSH,JODHPUR NSH,L1,Rajasthan Circle,344043,344044
25588,JODHPUR NSH,JODHPUR NSH,L1,Rajasthan Circle,344501,344502
25588,JODHPUR NSH,JODHPUR NSH,L1,Rajasthan Circle,344701,344706
25588,JODHPUR NSH,JODHPUR NSH,L1,Rajasthan Circle,344708,344708
25588,JODHPUR NSH,JODHPUR NSH,L1,Rajasthan Circle,344801,344801
25588,JODHPUR NSH,JODHPUR NSH,L1,Rajasthan Circle,344802,344802
25588,JODHPUR NSH,JODHPUR NSH,L1,Rajasthan Circle,345001,345001
25588,JODHPUR NSH,JODHPUR NSH,L1,Rajasthan Circle,345021,345028
25588,JODHPUR NSH,JODHPUR NSH,L1,Rajasthan Circle,345031,345031
25588,JODHPUR NSH,JODHPUR NSH,L1,Rajasthan Circle,345033,345033
25588,JODHPUR NSH,JODHPUR NSH,L1,Rajasthan Circle,345034,345034
25588,Rajkot NSH,Rajkot NSH,L1,Gujarat Circle,360000,360499
25588,Rajkot NSH,Rajkot NSH,L1,Gujarat Circle,360001,360007
25588,Rajkot NSH,Rajkot NSH,L1,Gujarat Circle,360008,360509
25588,Rajkot NSH,Rajkot NSH,L1,Gujarat Circle,360591,360999
25588,Ahmedabad NSH,Ahmedabad NSH,L1,Gujarat Circle,380000,382999
25588,Ahmedabad NSH,Ahmedabad NSH,L1,Gujarat Circle,380001,380063
25588,Ahmedabad NSH,Ahmedabad NSH,L1,Gujarat Circle,382006,382055
25588,Ahmedabad NSH,Ahmedabad NSH,L1,Gujarat Circle,382110,382170
25588,Ahmedabad NSH,Ahmedabad NSH,L1,Gujarat Circle,382210,382210
25588,Ahmedabad NSH,Ahmedabad NSH,L1,Gujarat Circle,382213,382321
25588,Ahmedabad NSH,Ahmedabad NSH,L1,Gujarat Circle,382330,382330
25588,Ahmedabad NSH,Ahmedabad NSH,L1,Gujarat Circle,382340,382340
25588,Ahmedabad NSH,Ahmedabad NSH,L1,Gujarat Circle,382345,382345
25588,Ahmedabad NSH,Ahmedabad NSH,L1,Gujarat Circle,382350,382350
25588,Ahmedabad NSH,Ahmedabad NSH,L1,Gujarat Circle,382355,382355
25588,Ahmedabad NSH,Ahmedabad NSH,L1,Gujarat Circle,382405,382405
25588,Ahmedabad NSH,Ahmedabad NSH,L1,Gujarat Circle,382415,382415
25588,Ahmedabad NSH,Ahmedabad NSH,L1,Gujarat Circle,382418,382418
25588,Ahmedabad NSH,Ahmedabad NSH,L1,Gujarat Circle,382419,382423
25588,Ahmedabad NSH,Ahmedabad NSH,L1,Gujarat Circle,382424,382424
25588,Ahmedabad NSH,Ahmedabad NSH,L1,Gujarat Circle,382425,382428
25588,Ahmedabad NSH,Ahmedabad NSH,L1,Gujarat Circle,382430,382430
25588,Ahmedabad NSH,Ahmedabad NSH,L1,Gujarat Circle,382433,382435
25588,Ahmedabad NSH,Ahmedabad NSH,L1,Gujarat Circle,382443,382443
25588,Ahmedabad NSH,Ahmedabad NSH,L1,Gujarat Circle,382445,382445
25588,Ahmedabad NSH,Ahmedabad NSH,L1,Gujarat Circle,382449,382449
25588,Ahmedabad NSH,Ahmedabad NSH,L1,Gujarat Circle,382450,382465
25588,Ahmedabad NSH,Ahmedabad NSH,L1,Gujarat Circle,382470,382470
25588,Ahmedabad NSH,Ahmedabad NSH,L1,Gujarat Circle,382475,382475
25588,Ahmedabad NSH,Ahmedabad NSH,L1,Gujarat Circle,382480,382481
25588,Ahmedabad NSH,Ahmedabad NSH,L1,Gujarat Circle,382501,382501
25588,Ahmedabad NSH,Ahmedabad NSH,L1,Gujarat Circle,382610,382855
25588,Surat NSH,Surat NSH,L1,Gujarat Circle,394000,394099
25588,Surat NSH,Surat NSH,L1,Gujarat Circle,394001,394114
25588,Surat NSH,Surat NSH,L1,Gujarat Circle,394117,394799
25588,Surat NSH,Surat NSH,L1,Gujarat Circle,394200,394799
25588,Surat NSH,Surat NSH,L1,Gujarat Circle,395000,395999
25588,Surat NSH,Surat NSH,L1,Gujarat Circle,395001,395999
25588,Surat NSH,Surat NSH,L1,Gujarat Circle,396510,396510
25588,Mumbai NSH,Mumbai NSH,L1,Maharashtra Circle,400000,400199
25588,Mumbai NSH,Mumbai NSH,L1,Maharashtra Circle,400001,400104
25588,THANE NSH,THANE NSH,L1,Maharashtra Circle,400600,400799
25588,THANE NSH,THANE NSH,L1,Maharashtra Circle,400601,400615
25588,THANE NSH,THANE NSH,L1,Maharashtra Circle,400701,400710
25588,Mumbai NSH,Mumbai NSH,L1,Maharashtra Circle,401000,401999
25588,Mumbai NSH,Mumbai NSH,L1,Maharashtra Circle,401101,401103
25588,Mumbai NSH,Mumbai NSH,L1,Maharashtra Circle,401105,401107
25588,Mumbai NSH,Mumbai NSH,L1,Maharashtra Circle,401201,401204
25588,Mumbai NSH,Mumbai NSH,L1,Maharashtra Circle,401207,401209
25588,Mumbai NSH,Mumbai NSH,L1,Maharashtra Circle,401303,401305
25588,Mumbai NSH,Mumbai NSH,L1,Maharashtra Circle,401401,401405
25588,Mumbai NSH,Mumbai NSH,L1,Maharashtra Circle,401501,401506
25588,Mumbai NSH,Mumbai NSH,L1,Maharashtra Circle,401601,401608
25588,Mumbai NSH,Mumbai NSH,L1,Maharashtra Circle,401701,401703
25588,THANE NSH,THANE NSH,L1,Maharashtra Circle,402000,402999
25588,THANE NSH,THANE NSH,L1,Maharashtra Circle,402405,402999
25588,Panaji ICH,Panaji ICH,L1,Maharashtra Circle,403000,403999
25588,Panaji ICH,Panaji ICH,L1,Maharashtra Circle,403001,403006
25588,Panaji ICH,Panaji ICH,L1,Maharashtra Circle,403007,403999
25588,THANE NSH,THANE NSH,L1,Maharashtra Circle,410100,410299
25588,THANE NSH,THANE NSH,L1,Maharashtra Circle,410223,410999
25588,Pune NSH,Pune NSH,L1,Maharashtra Circle,410300,410599
25588,Pune NSH,Pune NSH,L1,Maharashtra Circle,410301,410302
25588,Pune NSH,Pune NSH,L1,Maharashtra Circle,410401,410406
25588,Pune NSH,Pune NSH,L1,Maharashtra Circle,410501,410513
25588,Pune NSH,Pune NSH,L1,Maharashtra Circle,410515,410517
25588,Pune NSH,Pune NSH,L1,Maharashtra Circle,411000,412999
25588,Pune NSH,Pune NSH,L1,Maharashtra Circle,411001,411009
25588,Pune NSH,Pune NSH,L1,Maharashtra Circle,411011,411028
25588,Pune NSH,Pune NSH,L1,Maharashtra Circle,411030,411048
25588,Pune NSH,Pune NSH,L1,Maharashtra Circle,411051,411052
25588,Pune NSH,Pune NSH,L1,Maharashtra Circle,411057,411058
25588,Pune NSH,Pune NSH,L1,Maharashtra Circle,411060,411062
25588,Pune NSH,Pune NSH,L1,Maharashtra Circle,411067,411070
25588,Pune NSH,Pune NSH,L1,Maharashtra Circle,412101,412110
25588,Pune NSH,Pune NSH,L1,Maharashtra Circle,412112,412112
25588,Pune NSH,Pune NSH,L1,Maharashtra Circle,412115,412115
25588,Pune NSH,Pune NSH,L1,Maharashtra Circle,412201,412220
25588,Pune NSH,Pune NSH,L1,Maharashtra Circle,412301,412301
25588,Pune NSH,Pune NSH,L1,Maharashtra Circle,412303,412308
25588,Pune NSH,Pune NSH,L1,Maharashtra Circle,412311,412312
25588,Pune NSH,Pune NSH,L1,Maharashtra Circle,412401,412406
25588,Pune NSH,Pune NSH,L1,Maharashtra Circle,412408,412412
25588,Pune NSH,Pune NSH,L1,Maharashtra Circle,413000,413199
25588,Pune NSH,Pune NSH,L1,Maharashtra Circle,413102,413106
25588,Pune NSH,Pune NSH,L1,Maharashtra Circle,413110,413110
25588,Pune NSH,Pune NSH,L1,Maharashtra Circle,413114,413116
25588,Pune NSH,Pune NSH,L1,Maharashtra Circle,413120,413120
25588,Pune NSH,Pune NSH,L1,Maharashtra Circle,413130,413130
25588,Pune NSH,Pune NSH,L1,Maharashtra Circle,413132,413133
25588,Pune NSH,Pune NSH,L1,Maharashtra Circle,413225,413225
25588,Pune NSH,Pune NSH,L1,Maharashtra Circle,413230,413247
25588,Pune NSH,Pune NSH,L1,Maharashtra Circle,413254,413254
25588,Pune NSH,Pune NSH,L1,Maharashtra Circle,413256,413299
25588,Pune NSH,Pune NSH,L1,Maharashtra Circle,413300,413999
25588,Pune NSH,Pune NSH,L1,Maharashtra Circle,413801,413802
25588,Pune NSH,Pune NSH,L1,Maharashtra Circle,414000,414199
25588,Pune NSH,Pune NSH,L1,Maharashtra Circle,414300,414799
25588,Mumbai NSH,Mumbai NSH,L1,Maharashtra Circle,415300,415499
25588,Mumbai NSH,Mumbai NSH,L1,Maharashtra Circle,415500,415999
25588,Pune NSH,Pune NSH,L1,Maharashtra Circle,416000,416499
25588,Panaji ICH,Panaji ICH,L1,Maharashtra Circle,416510,416525
25588,Panaji ICH,Panaji ICH,L1,Maharashtra Circle,416528,416550
25588,Panaji ICH,Panaji ICH,L1,Maharashtra Circle,416600,416699
25588,Panaji ICH,Panaji ICH,L1,Maharashtra Circle,416601,416606
25588,Panaji ICH,Panaji ICH,L1,Maharashtra Circle,416608,416616
25588,Panaji ICH,Panaji ICH,L1,Maharashtra Circle,416620,416620
25588,Panaji ICH,Panaji ICH,L1,Maharashtra Circle,416622,416623
25588,Panaji ICH,Panaji ICH,L1,Maharashtra Circle,416626,416626
25588,Panaji ICH,Panaji ICH,L1,Maharashtra Circle,416628,416628
25588,Panaji ICH,Panaji ICH,L1,Maharashtra Circle,416630,416630
25588,Panaji ICH,Panaji ICH,L1,Maharashtra Circle,416632,416632
25588,Panaji ICH,Panaji ICH,L1,Maharashtra Circle,416703,416703
25588,Panaji ICH,Panaji ICH,L1,Maharashtra Circle,416800,416999
25588,Panaji ICH,Panaji ICH,L1,Maharashtra Circle,416801,416801
25588,Panaji ICH,Panaji ICH,L1,Maharashtra Circle,416803,416807
25588,Panaji ICH,Panaji ICH,L1,Maharashtra Circle,416810,416813
25588,THANE NSH,THANE NSH,L1,Maharashtra Circle,421000,421999
25588,THANE NSH,THANE NSH,L1,Maharashtra Circle,421001,421999
25588,Mumbai NSH,Mumbai NSH,L1,Maharashtra Circle,422000,422599
25588,Nashik Road NSH,Nashik Road NSH,L1,Maharashtra Circle,422000,423999
25588,Nashik Road NSH,Nashik Road NSH,L1,Maharashtra Circle,422001,422013
25588,Nashik Road NSH,Nashik Road NSH,L1,Maharashtra Circle,422101,422102
25588,Nashik Road NSH,Nashik Road NSH,L1,Maharashtra Circle,422103,422104
25588,Nashik Road NSH,Nashik Road NSH,L1,Maharashtra Circle,422105,422105
25588,Nashik Road NSH,Nashik Road NSH,L1,Maharashtra Circle,422112,422113
25588,Nashik Road NSH,Nashik Road NSH,L1,Maharashtra Circle,422201,422215
25588,Nashik Road NSH,Nashik Road NSH,L1,Maharashtra Circle,422221,422221
25588,Nashik Road NSH,Nashik Road NSH,L1,Maharashtra Circle,422222,422222
25588,Nashik Road NSH,Nashik Road NSH,L1,Maharashtra Circle,422301,422306
25588,Nashik Road NSH,Nashik Road NSH,L1,Maharashtra Circle,422308,422308
25588,Nashik Road NSH,Nashik Road NSH,L1,Maharashtra Circle,422402,422403
25588,Nashik Road NSH,Nashik Road NSH,L1,Maharashtra Circle,422501,422501
25588,Nashik Road NSH,Nashik Road NSH,L1,Maharashtra Circle,422502,422502
25588,Nashik Road NSH,Nashik Road NSH,L1,Maharashtra Circle,422606,422606
25588,Pune NSH,Pune NSH,L1,Maharashtra Circle,422607,422607
25588,Pune NSH,Pune NSH,L1,Maharashtra Circle,422623,422699
25588,Mumbai NSH,Mumbai NSH,L1,Maharashtra Circle,423100,423599
25588,Nashik Road NSH,Nashik Road NSH,L1,Maharashtra Circle,423101,423102
25588,Nashik Road NSH,Nashik Road NSH,L1,Maharashtra Circle,423104,423106
25588,Nashik Road NSH,Nashik Road NSH,L1,Maharashtra Circle,423108,423108
25588,Nashik Road NSH,Nashik Road NSH,L1,Maharashtra Circle,423110,423111
25588,Nashik Road NSH,Nashik Road NSH,L1,Maharashtra Circle,423112,423213
25588,Nashik Road NSH,Nashik Road NSH,L1,Maharashtra Circle,423117,423117
25588,Nashik Road NSH,Nashik Road NSH,L1,Maharashtra Circle,423201,423206
25588,Nashik Road NSH,Nashik Road NSH,L1,Maharashtra Circle,423208,423208
25588,Nashik Road NSH,Nashik Road NSH,L1,Maharashtra Circle,423301,423303
25588,Nashik Road NSH,Nashik Road NSH,L1,Maharashtra Circle,423401,423403
25588,Nashik Road NSH,Nashik Road NSH,L1,Maharashtra Circle,423501,423502
25588,Mumbai NSH,Mumbai NSH,L1,Maharashtra Circle,424000,425999
25588,Nashik Road NSH,Nashik Road NSH,L1,Maharashtra Circle,424109,424109
25588,Nagpur NSH,Nagpur NSH,L1,Maharashtra Circle,440000,445999
25588,Nagpur NSH,Nagpur NSH,L1,Maharashtra Circle,440001,440003
25588,Nagpur NSH,Nagpur NSH,L1,Maharashtra Circle,440005,440008
25588,Nagpur NSH,Nagpur NSH,L1,Maharashtra Circle,440010,440010
25588,Nagpur NSH,Nagpur NSH,L1,Maharashtra Circle,440012,440015
25588,Nagpur NSH,Nagpur NSH,L1,Maharashtra Circle,440016,440016
25588,Nagpur NSH,Nagpur NSH,L1,Maharashtra Circle,440017,440020
25588,Nagpur NSH,Nagpur NSH,L1,Maharashtra Circle,440021,440021
25588,Nagpur NSH,Nagpur NSH,L1,Maharashtra Circle,440022,440022
25588,Nagpur NSH,Nagpur NSH,L1,Maharashtra Circle,440023,440023
25588,Nagpur NSH,Nagpur NSH,L1,Maharashtra Circle,440024,440027
25588,Nagpur NSH,Nagpur NSH,L1,Maharashtra Circle,440029,440030
25588,Nagpur NSH,Nagpur NSH,L1,Maharashtra Circle,440032,440037
25588,Nagpur NSH,Nagpur NSH,L1,Maharashtra Circle,441001,441001
25588,Nagpur NSH,Nagpur NSH,L1,Maharashtra Circle,441101,441113
25588,Nagpur NSH,Nagpur NSH,L1,Maharashtra Circle,441122,441123
25588,Nagpur NSH,Nagpur NSH,L1,Maharashtra Circle,441201,441210
25588,Nagpur NSH,Nagpur NSH,L1,Maharashtra Circle,441214,441214
25588,Nagpur NSH,Nagpur NSH,L1,Maharashtra Circle,441301,441306
25588,Nagpur NSH,Nagpur NSH,L1,Maharashtra Circle,441401,441404
25588,Nagpur NSH,Nagpur NSH,L1,Maharashtra Circle,441501,441502
25588,Indore NSH,Indore NSH,L1,Madhya Pradesh Circle,450000,458999
25588,Indore NSH,Indore NSH,L1,Madhya Pradesh Circle,452001,452001
25588,Indore NSH,Indore NSH,L1,Madhya Pradesh Circle,452002,452002
25588,Indore NSH,Indore NSH,L1,Madhya Pradesh Circle,452003,452003
25588,Indore NSH,Indore NSH,L1,Madhya Pradesh Circle,452005,452005
25588,Indore NSH,Indore NSH,L1,Madhya Pradesh Circle,452006,452006
25588,Indore NSH,Indore NSH,L1,Madhya Pradesh Circle,452007,452007
25588,Indore NSH,Indore NSH,L1,Madhya Pradesh Circle,452009,452009
25588,Indore NSH,Indore NSH,L1,Madhya Pradesh Circle,452010,452010
25588,Indore NSH,Indore NSH,L1,Madhya Pradesh Circle,452011,452011
25588,Indore NSH,Indore NSH,L1,Madhya Pradesh Circle,452012,452012
25588,Indore NSH,Indore NSH,L1,Madhya Pradesh Circle,452013,452013
25588,Indore NSH,Indore NSH,L1,Madhya Pradesh Circle,452014,452014
25588,Indore NSH,Indore NSH,L1,Madhya Pradesh Circle,452015,452015
25588,Indore NSH,Indore NSH,L1,Madhya Pradesh Circle,452016,452016
25588,Indore NSH,Indore NSH,L1,Madhya Pradesh Circle,452018,452018
25588,Indore NSH,Indore NSH,L1,Madhya Pradesh Circle,452020,452020
25588,Indore NSH,Indore NSH,L1,Madhya Pradesh Circle,453001,453001
25588,Indore NSH,Indore NSH,L1,Madhya Pradesh Circle,453111,453111
25588,Indore NSH,Indore NSH,L1,Madhya Pradesh Circle,453112,453112
25588,Indore NSH,Indore NSH,L1,Madhya Pradesh Circle,453115,453115
25588,Indore NSH,Indore NSH,L1,Madhya Pradesh Circle,453220,453220
25588,Indore NSH,Indore NSH,L1,Madhya Pradesh Circle,453331,453331
25588,Indore NSH,Indore NSH,L1,Madhya Pradesh Circle,453441,453441
25588,Indore NSH,Indore NSH,L1,Madhya Pradesh Circle,453446,453446
25588,Indore NSH,Indore NSH,L1,Madhya Pradesh Circle,453551,453551
25588,Indore NSH,Indore NSH,L1,Madhya Pradesh Circle,453552,453552
25588,Indore NSH,Indore NSH,L1,Madhya Pradesh Circle,453556,453556
25588,Indore NSH,Indore NSH,L1,Madhya Pradesh Circle,453661,453661
25588,Indore NSH,Indore NSH,L1,Madhya Pradesh Circle,453771,453771
25588,Indore NSH,Indore NSH,L1,Madhya Pradesh Circle,454001,454001
25588,Indore NSH,Indore NSH,L1,Madhya Pradesh Circle,454010,454010
25588,Indore NSH,Indore NSH,L1,Madhya Pradesh Circle,454111,454111
25588,Indore NSH,Indore NSH,L1,Madhya Pradesh Circle,454116,454116
25588,Indore NSH,Indore NSH,L1,Madhya Pradesh Circle,454221,454221
25588,Indore NSH,Indore NSH,L1,Madhya Pradesh Circle,454331,454331
25588,Indore NSH,Indore NSH,L1,Madhya Pradesh Circle,454335,454335
25588,Indore NSH,Indore NSH,L1,Madhya Pradesh Circle,454441,454441
25588,Indore NSH,Indore NSH,L1,Madhya Pradesh Circle,454446,454446
25588,Indore NSH,Indore NSH,L1,Madhya Pradesh Circle,454449,454449
25588,Indore NSH,Indore NSH,L1,Madhya Pradesh Circle,454552,454552
25588,Indore NSH,Indore NSH,L1,Madhya Pradesh Circle,454660,454660
25588,Indore NSH,Indore NSH,L1,Madhya Pradesh Circle,454665,454665
25588,Indore NSH,Indore NSH,L1,Madhya Pradesh Circle,454773,454773
25588,Indore NSH,Indore NSH,L1,Madhya Pradesh Circle,454774,454774
25588,Indore NSH,Indore NSH,L1,Madhya Pradesh Circle,454775,454775
25588,Indore NSH,Indore NSH,L1,Madhya Pradesh Circle,455001,455001
25588,Indore NSH,Indore NSH,L1,Madhya Pradesh Circle,455111,455111
25588,Indore NSH,Indore NSH,L1,Madhya Pradesh Circle,455115,455115
25588,Indore NSH,Indore NSH,L1,Madhya Pradesh Circle,455116,455116
25588,Indore NSH,Indore NSH,L1,Madhya Pradesh Circle,455118,455118
25588,Indore NSH,Indore NSH,L1,Madhya Pradesh Circle,455221,455221
25588,Indore NSH,Indore NSH,L1,Madhya Pradesh Circle,455223,455223
25588,Indore NSH,Indore NSH,L1,Madhya Pradesh Circle,455227,455227
25588,Indore NSH,Indore NSH,L1,Madhya Pradesh Circle,455332,455332
25588,Indore NSH,Indore NSH,L1,Madhya Pradesh Circle,455336,455336
25588,Indore NSH,Indore NSH,L1,Madhya Pradesh Circle,455339,455339
25588,Indore NSH,Indore NSH,L1,Madhya Pradesh Circle,455440,455440
25588,Indore NSH,Indore NSH,L1,Madhya Pradesh Circle,455459,455459
25588,Bhopal NSH,Bhopal NSH,L1,Madhya Pradesh Circle,460000,464999
25588,Bhopal NSH,Bhopal NSH,L1,Madhya Pradesh Circle,462001,462047
25588,Bhopal NSH,Bhopal NSH,L1,Madhya Pradesh Circle,462066,462066
25588,Bhopal NSH,Bhopal NSH,L1,Madhya Pradesh Circle,462100,462100
25588,Bhopal NSH,Bhopal NSH,L1,Madhya Pradesh Circle,462101,462120
25588,Bhopal NSH,Bhopal NSH,L1,Madhya Pradesh Circle,463106,463111
25588,Bhopal NSH,Bhopal NSH,L1,Madhya Pradesh Circle,464001,464337
25588,Bhopal NSH,Bhopal NSH,L1,Madhya Pradesh Circle,464551,464993
25588,Indore NSH,Indore NSH,L1,Madhya Pradesh Circle,465000,465599
25588,Bhopal NSH,Bhopal NSH,L1,Madhya Pradesh Circle,465600,465699
25588,Bhopal NSH,Bhopal NSH,L1,Madhya Pradesh Circle,465661,465697
25588,Bhopal NSH,Bhopal NSH,L1,Madhya Pradesh Circle,466000,466999
25588,Bhopal NSH,Bhopal NSH,L1,Madhya Pradesh Circle,466001,466665
25588,Gwalior ICH,Gwalior ICH,L1,Madhya Pradesh Circle,470000,477999
25588,Gwalior ICH,Gwalior ICH,L1,Madhya Pradesh Circle,471001,471625
25588,Gwalior ICH,Gwalior ICH,L1,Madhya Pradesh Circle,472001,472447
25588,Gwalior ICH,Gwalior ICH,L1,Madhya Pradesh Circle,474001,474020
25588,Gwalior ICH,Gwalior ICH,L1,Madhya Pradesh Circle,475001,475686
25588,Gwalior ICH,Gwalior ICH,L1,Madhya Pradesh Circle,476001,476554
25588,Gwalior ICH,Gwalior ICH,L1,Madhya Pradesh Circle,477001,477660
25588,Jabalpur ICH,Jabalpur ICH,L1,Madhya Pradesh Circle,480000,488999
25588,Jabalpur ICH,Jabalpur ICH,L1,Madhya Pradesh Circle,480661,480661
25588,Jabalpur ICH,Jabalpur ICH,L1,Madhya Pradesh Circle,480667,480667
25588,Jabalpur ICH,Jabalpur ICH,L1,Madhya Pradesh Circle,480771,480771
25588,Jabalpur ICH,Jabalpur ICH,L1,Madhya Pradesh Circle,480880,480882
25588,Jabalpur ICH,Jabalpur ICH,L1,Madhya Pradesh Circle,480884,480884
25588,Jabalpur ICH,Jabalpur ICH,L1,Madhya Pradesh Circle,480886,480888
25588,Jabalpur ICH,Jabalpur ICH,L1,Madhya Pradesh Circle,480990,480991
25588,Jabalpur ICH,Jabalpur ICH,L1,Madhya Pradesh Circle,480994,480994
25588,Jabalpur ICH,Jabalpur ICH,L1,Madhya Pradesh Circle,480996,480997
25588,Jabalpur ICH,Jabalpur ICH,L1,Madhya Pradesh Circle,480999,480999
25588,Jabalpur ICH,Jabalpur ICH,L1,Madhya Pradesh Circle,481661,481661
25588,Jabalpur ICH,Jabalpur ICH,L1,Madhya Pradesh Circle,481662,481666
25588,Jabalpur ICH,Jabalpur ICH,L1,Madhya Pradesh Circle,481668,481668
25588,Jabalpur ICH,Jabalpur ICH,L1,Madhya Pradesh Circle,481672,481672
25588,Jabalpur ICH,Jabalpur ICH,L1,Madhya Pradesh Circle,481768,481768
25588,Jabalpur ICH,Jabalpur ICH,L1,Madhya Pradesh Circle,481771,481771
25588,Jabalpur ICH,Jabalpur ICH,L1,Madhya Pradesh Circle,481776,481776
25588,Jabalpur ICH,Jabalpur ICH,L1,Madhya Pradesh Circle,481778,481778
25588,Jabalpur ICH,Jabalpur ICH,L1,Madhya Pradesh Circle,481879,481880
25588,Jabalpur ICH,Jabalpur ICH,L1,Madhya Pradesh Circle,481882,481884
25588,Jabalpur ICH,Jabalpur ICH,L1,Madhya Pradesh Circle,481885,481885
25588,Jabalpur ICH,Jabalpur ICH,L1,Madhya Pradesh Circle,481990,481990
25588,Jabalpur ICH,Jabalpur ICH,L1,Madhya Pradesh Circle,481995,481996
25588,Jabalpur ICH,Jabalpur ICH,L1,Madhya Pradesh Circle,481998,481998
25588,Jabalpur ICH,Jabalpur ICH,L1,Madhya Pradesh Circle,482001,482005
25588,Jabalpur ICH,Jabalpur ICH,L1,Madhya Pradesh Circle,482008,482011
25588,Jabalpur ICH,Jabalpur ICH,L1,Madhya Pradesh Circle,482020,482021
25588,Jabalpur ICH,Jabalpur ICH,L1,Madhya Pradesh Circle,482051,482051
25588,Jabalpur ICH,Jabalpur ICH,L1,Madhya Pradesh Circle,482056,482056
25588,Jabalpur ICH,Jabalpur ICH,L1,Madhya Pradesh Circle,483001,483001
25588,Jabalpur ICH,Jabalpur ICH,L1,Madhya Pradesh Circle,483053,483053
25588,Jabalpur ICH,Jabalpur ICH,L1,Madhya Pradesh Circle,483105,483105
25588,Jabalpur ICH,Jabalpur ICH,L1,Madhya Pradesh Circle,483110,483110
25588,Jabalpur ICH,Jabalpur ICH,L1,Madhya Pradesh Circle,483113,483113
25588,Jabalpur ICH,Jabalpur ICH,L1,Madhya Pradesh Circle,483119,483220
25588,Jabalpur ICH,Jabalpur ICH,L1,Madhya Pradesh Circle,487001,487001
25588,Jabalpur ICH,Jabalpur ICH,L1,Madhya Pradesh Circle,487110,487110
25588,Jabalpur ICH,Jabalpur ICH,L1,Madhya Pradesh Circle,487114,487114
25588,Jabalpur ICH,Jabalpur ICH,L1,Madhya Pradesh Circle,487118,487118
25588,Jabalpur ICH,Jabalpur ICH,L1,Madhya Pradesh Circle,487221,487221
25588,Jabalpur ICH,Jabalpur ICH,L1,Madhya Pradesh Circle,487225,487225
25588,Jabalpur ICH,Jabalpur ICH,L1,Madhya Pradesh Circle,487330,487330
25588,Jabalpur ICH,Jabalpur ICH,L1,Madhya Pradesh Circle,487334,487334
25588,Jabalpur ICH,Jabalpur ICH,L1,Madhya Pradesh Circle,487337,487337
25588,Jabalpur ICH,Jabalpur ICH,L1,Madhya Pradesh Circle,487441,487441
25588,Jabalpur ICH,Jabalpur ICH,L1,Madhya Pradesh Circle,487551,487551
25588,Jabalpur ICH,Jabalpur ICH,L1,Madhya Pradesh Circle,487555,487555
25588,Raipur NSH,Raipur NSH,L1,Chhattisgarh Circle,490000,494999
25588,BILASPUR NSH,BILASPUR NSH,L1,Chhattisgarh Circle,495000,497999
25588,Hyderabad NSH,Hyderabad NSH,L1,Telangana Circle,500000,503999
25588,Hyderabad NSH,Hyderabad NSH,L1,Telangana Circle,500001,500118
25588,Hyderabad NSH,Hyderabad NSH,L1,Telangana Circle,508000,509999
25588,Tirupathi NSH,Tirupathi NSH,L1,Andhra Pradesh Circle,516000,517999
25588,Tirupathi NSH,Tirupathi NSH,L1,Andhra Pradesh Circle,517001,517002
25588,Tirupathi NSH,Tirupathi NSH,L1,Andhra Pradesh Circle,517004,517004
25588,Tirupathi NSH,Tirupathi NSH,L1,Andhra Pradesh Circle,517101,517102
25588,Tirupathi NSH,Tirupathi NSH,L1,Andhra Pradesh Circle,517112,517113
25588,Tirupathi NSH,Tirupathi NSH,L1,Andhra Pradesh Circle,517123,517132
25588,Tirupathi NSH,Tirupathi NSH,L1,Andhra Pradesh Circle,517152,517152
25588,Tirupathi NSH,Tirupathi NSH,L1,Andhra Pradesh Circle,517167,517167
25588,Tirupathi NSH,Tirupathi NSH,L1,Andhra Pradesh Circle,517172,517172
25588,Tirupathi NSH,Tirupathi NSH,L1,Andhra Pradesh Circle,517192,517194
25588,Tirupathi NSH,Tirupathi NSH,L1,Andhra Pradesh Circle,517213,517214
25588,Tirupathi NSH,Tirupathi NSH,L1,Andhra Pradesh Circle,517234,517237
25588,Tirupathi NSH,Tirupathi NSH,L1,Andhra Pradesh Circle,517247,517247
25588,Tirupathi NSH,Tirupathi NSH,L1,Andhra Pradesh Circle,517257,517257
25588,Tirupathi NSH,Tirupathi NSH,L1,Andhra Pradesh Circle,517277,517277
25588,Tirupathi NSH,Tirupathi NSH,L1,Andhra Pradesh Circle,517280,517280
25588,Tirupathi NSH,Tirupathi NSH,L1,Andhra Pradesh Circle,517291,517291
25588,Tirupathi NSH,Tirupathi NSH,L1,Andhra Pradesh Circle,517297,517297
25588,Tirupathi NSH,Tirupathi NSH,L1,Andhra Pradesh Circle,517299,517299
25588,Tirupathi NSH,Tirupathi NSH,L1,Andhra Pradesh Circle,517305,517305
25588,Tirupathi NSH,Tirupathi NSH,L1,Andhra Pradesh Circle,517319,517319
25588,Tirupathi NSH,Tirupathi NSH,L1,Andhra Pradesh Circle,517325,517326
25588,Tirupathi NSH,Tirupathi NSH,L1,Andhra Pradesh Circle,517350,517352
25588,Tirupathi NSH,Tirupathi NSH,L1,Andhra Pradesh Circle,517370,517370
25588,Tirupathi NSH,Tirupathi NSH,L1,Andhra Pradesh Circle,517390,517391
25588,Tirupathi NSH,Tirupathi NSH,L1,Andhra Pradesh Circle,517401,517401
25588,Tirupathi NSH,Tirupathi NSH,L1,Andhra Pradesh Circle,517403,517403
25588,Tirupathi NSH,Tirupathi NSH,L1,Andhra Pradesh Circle,517408,517408
25588,Tirupathi NSH,Tirupathi NSH,L1,Andhra Pradesh Circle,517414,517419
25588,Tirupathi NSH,Tirupathi NSH,L1,Andhra Pradesh Circle,517421,517426
25588,Tirupathi NSH,Tirupathi NSH,L1,Andhra Pradesh Circle,517429,517429
25588,Tirupathi NSH,Tirupathi NSH,L1,Andhra Pradesh Circle,517432,517432
25588,Tirupathi NSH,Tirupathi NSH,L1,Andhra Pradesh Circle,517501,517502
25588,Tirupathi NSH,Tirupathi NSH,L1,Andhra Pradesh Circle,517503,517506
25588,Tirupathi NSH,Tirupathi NSH,L1,Andhra Pradesh Circle,517507,517510
25588,Tirupathi NSH,Tirupathi NSH,L1,Andhra Pradesh Circle,517520,517520
25588,Tirupathi NSH,Tirupathi NSH,L1,Andhra Pradesh Circle,517526,517526
25588,Tirupathi NSH,Tirupathi NSH,L1,Andhra Pradesh Circle,517536,517536
25588,Tirupathi NSH,Tirupathi NSH,L1,Andhra Pradesh Circle,517541,517541
25588,Tirupathi NSH,Tirupathi NSH,L1,Andhra Pradesh Circle,517551,517551
25588,Tirupathi NSH,Tirupathi NSH,L1,Andhra Pradesh Circle,517561,517561
25588,Tirupathi NSH,Tirupathi NSH,L1,Andhra Pradesh Circle,517569,517569
25588,Tirupathi NSH,Tirupathi NSH,L1,Andhra Pradesh Circle,517571,517571
25588,Tirupathi NSH,Tirupathi NSH,L1,Andhra Pradesh Circle,517581,517584
25588,Tirupathi NSH,Tirupathi NSH,L1,Andhra Pradesh Circle,517586,517592
25588,Tirupathi NSH,Tirupathi NSH,L1,Andhra Pradesh Circle,517599,517599
25588,Tirupathi NSH,Tirupathi NSH,L1,Andhra Pradesh Circle,517619,517620
25588,Tirupathi NSH,Tirupathi NSH,L1,Andhra Pradesh Circle,517640,517646
25588,Vijayawada NSH,Vijayawada NSH,L1,Andhra Pradesh Circle,520000,523999
25588,Vijayawada NSH,Vijayawada NSH,L1,Andhra Pradesh Circle,520001,520015
25588,Vijayawada NSH,Vijayawada NSH,L1,Andhra Pradesh Circle,521001,521004
25588,Vijayawada NSH,Vijayawada NSH,L1,Andhra Pradesh Circle,521101,521102
25588,Vijayawada NSH,Vijayawada NSH,L1,Andhra Pradesh Circle,521104,521111
25588,Vijayawada NSH,Vijayawada NSH,L1,Andhra Pradesh Circle,521120,521122
25588,Vijayawada NSH,Vijayawada NSH,L1,Andhra Pradesh Circle,521125,521126
25588,Vijayawada NSH,Vijayawada NSH,L1,Andhra Pradesh Circle,521130,521139
25588,Vijayawada NSH,Vijayawada NSH,L1,Andhra Pradesh Circle,521148,521151
25588,Vijayawada NSH,Vijayawada NSH,L1,Andhra Pradesh Circle,521153,521153
25588,Vijayawada NSH,Vijayawada NSH,L1,Andhra Pradesh Circle,521156,521158
25588,Vijayawada NSH,Vijayawada NSH,L1,Andhra Pradesh Circle,521162,521165
25588,Vijayawada NSH,Vijayawada NSH,L1,Andhra Pradesh Circle,521170,521170
25588,Vijayawada NSH,Vijayawada NSH,L1,Andhra Pradesh Circle,521175,521175
25588,Vijayawada NSH,Vijayawada NSH,L1,Andhra Pradesh Circle,521178,521178
25588,Vijayawada NSH,Vijayawada NSH,L1,Andhra Pradesh Circle,521180,521185
25588,Vijayawada NSH,Vijayawada NSH,L1,Andhra Pradesh Circle,521190,521190
25588,Vijayawada NSH,Vijayawada NSH,L1,Andhra Pradesh Circle,521201,521202
25588,Vijayawada NSH,Vijayawada NSH,L1,Andhra Pradesh Circle,521207,521207
25588,Vijayawada NSH,Vijayawada NSH,L1,Andhra Pradesh Circle,521211,521215
25588,Vijayawada NSH,Vijayawada NSH,L1,Andhra Pradesh Circle,521225,521231
25588,Vijayawada NSH,Vijayawada NSH,L1,Andhra Pradesh Circle,521235,521235
25588,Vijayawada NSH,Vijayawada NSH,L1,Andhra Pradesh Circle,521241,521241
25588,Vijayawada NSH,Vijayawada NSH,L1,Andhra Pradesh Circle,521245,521247
25588,Vijayawada NSH,Vijayawada NSH,L1,Andhra Pradesh Circle,521250,521250
25588,Vijayawada NSH,Vijayawada NSH,L1,Andhra Pradesh Circle,521256,521256
25588,Vijayawada NSH,Vijayawada NSH,L1,Andhra Pradesh Circle,521260,521261
25588,Vijayawada NSH,Vijayawada NSH,L1,Andhra Pradesh Circle,521263,521263
25588,Vijayawada NSH,Vijayawada NSH,L1,Andhra Pradesh Circle,521286,521286
25588,Vijayawada NSH,Vijayawada NSH,L1,Andhra Pradesh Circle,521301,521301
25588,Vijayawada NSH,Vijayawada NSH,L1,Andhra Pradesh Circle,521311,521312
25588,Vijayawada NSH,Vijayawada NSH,L1,Andhra Pradesh Circle,521320,521333
25588,Vijayawada NSH,Vijayawada NSH,L1,Andhra Pradesh Circle,521340,521340
25588,Vijayawada NSH,Vijayawada NSH,L1,Andhra Pradesh Circle,521343,521345
25588,Vijayawada NSH,Vijayawada NSH,L1,Andhra Pradesh Circle,521356,521356
25588,Vijayawada NSH,Vijayawada NSH,L1,Andhra Pradesh Circle,521366,521366
25588,Vijayawada NSH,Vijayawada NSH,L1,Andhra Pradesh Circle,521369,521369
25588,Vijayawada NSH,Vijayawada NSH,L1,Andhra Pradesh Circle,521390,521390
25588,Vijayawada NSH,Vijayawada NSH,L1,Andhra Pradesh Circle,521401,521403
25588,Vijayawada NSH,Vijayawada NSH,L1,Andhra Pradesh Circle,521456,521457
25588,Tirupathi NSH,Tirupathi NSH,L1,Andhra Pradesh Circle,524000,524999
25588,Visakhapatnam NSH,Visakhapatnam NSH,L1,Andhra Pradesh Circle,530000,533999
25588,Visakhapatnam NSH,Visakhapatnam NSH,L1,Andhra Pradesh Circle,530001,530005
25588,Visakhapatnam NSH,Visakhapatnam NSH,L1,Andhra Pradesh Circle,530007,530009
25588,Visakhapatnam NSH,Visakhapatnam NSH,L1,Andhra Pradesh Circle,530011,530014
25588,Visakhapatnam NSH,Visakhapatnam NSH,L1,Andhra Pradesh Circle,530016,530018
25588,Visakhapatnam NSH,Visakhapatnam NSH,L1,Andhra Pradesh Circle,530020,530020
25588,Visakhapatnam NSH,Visakhapatnam NSH,L1,Andhra Pradesh Circle,530022,530022
25588,Visakhapatnam NSH,Visakhapatnam NSH,L1,Andhra Pradesh Circle,530024,530024
25588,Visakhapatnam NSH,Visakhapatnam NSH,L1,Andhra Pradesh Circle,530026,530029
25588,Visakhapatnam NSH,Visakhapatnam NSH,L1,Andhra Pradesh Circle,530031,530032
25588,Visakhapatnam NSH,Visakhapatnam NSH,L1,Andhra Pradesh Circle,530040,530041
25588,Visakhapatnam NSH,Visakhapatnam NSH,L1,Andhra Pradesh Circle,530043,530049
25588,Visakhapatnam NSH,Visakhapatnam NSH,L1,Andhra Pradesh Circle,530051,530052
25588,Visakhapatnam NSH,Visakhapatnam NSH,L1,Andhra Pradesh Circle,530053,530053
25588,Visakhapatnam NSH,Visakhapatnam NSH,L1,Andhra Pradesh Circle,530057,530057
25588,Visakhapatnam NSH,Visakhapatnam NSH,L1,Andhra Pradesh Circle,531001,531002
25588,Visakhapatnam NSH,Visakhapatnam NSH,L1,Andhra Pradesh Circle,531011,531011
25588,Visakhapatnam NSH,Visakhapatnam NSH,L1,Andhra Pradesh Circle,531019,531036
25588,Visakhapatnam NSH,Visakhapatnam NSH,L1,Andhra Pradesh Circle,531055,531055
25588,Visakhapatnam NSH,Visakhapatnam NSH,L1,Andhra Pradesh Circle,531060,531061
25588,Visakhapatnam NSH,Visakhapatnam NSH,L1,Andhra Pradesh Circle,531075,531075
25588,Visakhapatnam NSH,Visakhapatnam NSH,L1,Andhra Pradesh Circle,531077,531077
25588,Visakhapatnam NSH,Visakhapatnam NSH,L1,Andhra Pradesh Circle,531081,531085
25588,Visakhapatnam NSH,Visakhapatnam NSH,L1,Andhra Pradesh Circle,531087,531087
25588,Visakhapatnam NSH,Visakhapatnam NSH,L1,Andhra Pradesh Circle,531105,531105
25588,Visakhapatnam NSH,Visakhapatnam NSH,L1,Andhra Pradesh Circle,531111,531111
25588,Visakhapatnam NSH,Visakhapatnam NSH,L1,Andhra Pradesh Circle,531113,531118
25588,Visakhapatnam NSH,Visakhapatnam NSH,L1,Andhra Pradesh Circle,531126,531127
25588,Visakhapatnam NSH,Visakhapatnam NSH,L1,Andhra Pradesh Circle,531133,531133
25588,Visakhapatnam NSH,Visakhapatnam NSH,L1,Andhra Pradesh Circle,531149,531149
25588,Visakhapatnam NSH,Visakhapatnam NSH,L1,Andhra Pradesh Circle,531151,531151
25588,Visakhapatnam NSH,Visakhapatnam NSH,L1,Andhra Pradesh Circle,531162,531163
25588,Visakhapatnam NSH,Visakhapatnam NSH,L1,Andhra Pradesh Circle,531173,531173
25588,Visakhapatnam NSH,Visakhapatnam NSH,L1,Andhra Pradesh Circle,531219,531219
25588,Vijayawada NSH,Vijayawada NSH,L1,Andhra Pradesh Circle,534000,534999
25588,Visakhapatnam NSH,Visakhapatnam NSH,L1,Andhra Pradesh Circle,535601,535999
25588,Bengaluru NSH,Bengaluru NSH,L1,Karnataka Circle,560000,563999
25588,Bengaluru NSH,Bengaluru NSH,L1,Karnataka Circle,560001,560119
25588,Bengaluru NSH,Bengaluru NSH,L1,Karnataka Circle,560300,560300
25588,Bengaluru NSH,Bengaluru NSH,L1,Karnataka Circle,560500,560500
25588,Bengaluru NSH,Bengaluru NSH,L1,Karnataka Circle,561101,563100
25588,Mysuru ICH,Mysuru ICH,L1,Karnataka Circle,570000,571999
25588,Mysuru ICH,Mysuru ICH,L1,Karnataka Circle,570001,570034
25588,Mysuru ICH,Mysuru ICH,L1,Karnataka Circle,571101,571617
25588,Bengaluru NSH,Bengaluru NSH,L1,Karnataka Circle,572000,572999
25588,Bengaluru NSH,Bengaluru NSH,L1,Karnataka Circle,572001,572100
25588,Mangaluru NSH,Mangaluru NSH,L1,Karnataka Circle,574000,576999
25588,Mangaluru NSH,Mangaluru NSH,L1,Karnataka Circle,574101,574285
25588,Mangaluru NSH,Mangaluru NSH,L1,Karnataka Circle,575001,575030
25588,Mangaluru NSH,Mangaluru NSH,L1,Karnataka Circle,576101,576283
25588,Hubballi Dharwad NSH,Hubballi Dharwad NSH,L1,Karnataka Circle,580000,582999
25588,Hubballi Dharwad NSH,Hubballi Dharwad NSH,L1,Karnataka Circle,580001,580032
25588,Hubballi Dharwad NSH,Hubballi Dharwad NSH,L1,Karnataka Circle,580112,587999
25588,Kalaburagi ICH,Kalaburagi ICH,L1,Karnataka Circle,584000,585999
25588,Hubballi Dharwad NSH,Hubballi Dharwad NSH,L1,Karnataka Circle,586000,587999
25588,Belagavi ICH,Belagavi ICH,L1,Karnataka Circle,590000,591999
25588,Belagavi ICH,Belagavi ICH,L1,Karnataka Circle,590001,590019
25588,Belagavi ICH,Belagavi ICH,L1,Karnataka Circle,590020,591999
25588,Chennai NSH,Chennai NSH,L1,Tamilnadu Circle,600000,603999
25588,Chennai NSH,Chennai NSH,L1,Tamilnadu Circle,600001,600133
25588,Chennai NSH,Chennai NSH,L1,Tamilnadu Circle,601101,601301
25588,Chennai NSH,Chennai NSH,L1,Tamilnadu Circle,602001,602003
25588,Chennai NSH,Chennai NSH,L1,Tamilnadu Circle,602021,602026
25588,Chennai NSH,Chennai NSH,L1,Tamilnadu Circle,602105,602108
25588,Chennai NSH,Chennai NSH,L1,Tamilnadu Circle,602117,602118
25588,Trichy ICH,Trichy ICH,L1,Tamilnadu Circle,609000,622999
25588,Trichy ICH,Trichy ICH,L1,Tamilnadu Circle,614616,614622
25588,Trichy ICH,Trichy ICH,L1,Tamilnadu Circle,614624,614624
25588,Trichy ICH,Trichy ICH,L1,Tamilnadu Circle,614629,614630
25588,Trichy ICH,Trichy ICH,L1,Tamilnadu Circle,614801,614805
25588,Trichy ICH,Trichy ICH,L1,Tamilnadu Circle,620001,620102
25588,Trichy ICH,Trichy ICH,L1,Tamilnadu Circle,621001,621999
25588,Trichy ICH,Trichy ICH,L1,Tamilnadu Circle,622001,622515
25588,Madurai NSH,Madurai NSH,L1,Tamilnadu Circle,623000,623999
25588,Madurai NSH,Madurai NSH,L1,Tamilnadu Circle,623115,623115
25588,Madurai NSH,Madurai NSH,L1,Tamilnadu Circle,623120,623120
25588,Madurai NSH,Madurai NSH,L1,Tamilnadu Circle,623135,623135
25588,Madurai NSH,Madurai NSH,L1,Tamilnadu Circle,623308,623308
25588,Madurai NSH,Madurai NSH,L1,Tamilnadu Circle,623315,623315
25588,Madurai NSH,Madurai NSH,L1,Tamilnadu Circle,623401,623404
25588,Madurai NSH,Madurai NSH,L1,Tamilnadu Circle,623406,623407
25588,Madurai NSH,Madurai NSH,L1,Tamilnadu Circle,623409,623409
25588,Madurai NSH,Madurai NSH,L1,Tamilnadu Circle,623501,623501
25588,Madurai NSH,Madurai NSH,L1,Tamilnadu Circle,623512,623534
25588,Madurai NSH,Madurai NSH,L1,Tamilnadu Circle,623536,623538
25588,Madurai NSH,Madurai NSH,L1,Tamilnadu Circle,623566,623566
25588,Madurai NSH,Madurai NSH,L1,Tamilnadu Circle,623601,623605
25588,Madurai NSH,Madurai NSH,L1,Tamilnadu Circle,623608,623608
25588,Madurai NSH,Madurai NSH,L1,Tamilnadu Circle,623701,623701
25588,Madurai NSH,Madurai NSH,L1,Tamilnadu Circle,623703,623708
25588,Madurai NSH,Madurai NSH,L1,Tamilnadu Circle,623711,623712
25588,Madurai NSH,Madurai NSH,L1,Tamilnadu Circle,623806,623806
25588,Madurai NSH,Madurai NSH,L1,Tamilnadu Circle,625000,625999
25588,Madurai NSH,Madurai NSH,L1,Tamilnadu Circle,625001,625009
25588,Madurai NSH,Madurai NSH,L1,Tamilnadu Circle,625011,625012
25588,Madurai NSH,Madurai NSH,L1,Tamilnadu Circle,625014,625023
25588,Madurai NSH,Madurai NSH,L1,Tamilnadu Circle,625101,625110
25588,Madurai NSH,Madurai NSH,L1,Tamilnadu Circle,625122,625122
25588,Madurai NSH,Madurai NSH,L1,Tamilnadu Circle,625201,625201
25588,Madurai NSH,Madurai NSH,L1,Tamilnadu Circle,625203,625203
25588,Madurai NSH,Madurai NSH,L1,Tamilnadu Circle,625205,625205
25588,Madurai NSH,Madurai NSH,L1,Tamilnadu Circle,625207,625207
25588,Madurai NSH,Madurai NSH,L1,Tamilnadu Circle,625214,625214
25588,Madurai NSH,Madurai NSH,L1,Tamilnadu Circle,625218,625218
25588,Madurai NSH,Madurai NSH,L1,Tamilnadu Circle,625221,625221
25588,Madurai NSH,Madurai NSH,L1,Tamilnadu Circle,625234,625234
25588,Madurai NSH,Madurai NSH,L1,Tamilnadu Circle,625301,625301
25588,Madurai NSH,Madurai NSH,L1,Tamilnadu Circle,625402,625402
25588,Madurai NSH,Madurai NSH,L1,Tamilnadu Circle,625501,625501
25588,Madurai NSH,Madurai NSH,L1,Tamilnadu Circle,625503,625503
25588,Madurai NSH,Madurai NSH,L1,Tamilnadu Circle,625512,625518
25588,Madurai NSH,Madurai NSH,L1,Tamilnadu Circle,625520,625537
25588,Madurai NSH,Madurai NSH,L1,Tamilnadu Circle,625540,625540
25588,Madurai NSH,Madurai NSH,L1,Tamilnadu Circle,625552,625552
25588,Madurai NSH,Madurai NSH,L1,Tamilnadu Circle,625556,625556
25588,Madurai NSH,Madurai NSH,L1,Tamilnadu Circle,625562,625562
25588,Madurai NSH,Madurai NSH,L1,Tamilnadu Circle,625579,625579
25588,Madurai NSH,Madurai NSH,L1,Tamilnadu Circle,625582,625582
25588,Madurai NSH,Madurai NSH,L1,Tamilnadu Circle,625601,625605
25588,Madurai NSH,Madurai NSH,L1,Tamilnadu Circle,625701,625708
25588,Vellore ICH,Vellore ICH,L1,Tamilnadu Circle,631000,631999
25588,Vellore ICH,Vellore ICH,L1,Tamilnadu Circle,631001,631006
25588,Vellore ICH,Vellore ICH,L1,Tamilnadu Circle,631051,631052
25588,Vellore ICH,Vellore ICH,L1,Tamilnadu Circle,631101,631102
25588,Vellore ICH,Vellore ICH,L1,Tamilnadu Circle,631151,631152
25588,Vellore ICH,Vellore ICH,L1,Tamilnadu Circle,631201,631213
25588,Vellore ICH,Vellore ICH,L1,Tamilnadu Circle,631301,631304
25588,Vellore ICH,Vellore ICH,L1,Tamilnadu Circle,631402,631402
25588,Vellore ICH,Vellore ICH,L1,Tamilnadu Circle,631501,631502
25588,Vellore ICH,Vellore ICH,L1,Tamilnadu Circle,631551,631553
25588,Vellore ICH,Vellore ICH,L1,Tamilnadu Circle,631561,631561
25588,Vellore ICH,Vellore ICH,L1,Tamilnadu Circle,631601,631601
25588,Vellore ICH,Vellore ICH,L1,Tamilnadu Circle,631603,631606
25588,Vellore ICH,Vellore ICH,L1,Tamilnadu Circle,631701,631702
25588,Vellore ICH,Vellore ICH,L1,Tamilnadu Circle,632000,632999
25588,Vellore ICH,Vellore ICH,L1,Tamilnadu Circle,632001,632002
25588,Vellore ICH,Vellore ICH,L1,Tamilnadu Circle,632004,632004
25588,Vellore ICH,Vellore ICH,L1,Tamilnadu Circle,632006,632009
25588,Vellore ICH,Vellore ICH,L1,Tamilnadu Circle,632010,632011
25588,Vellore ICH,Vellore ICH,L1,Tamilnadu Circle,632012,632014
25588,Vellore ICH,Vellore ICH,L1,Tamilnadu Circle,632055,632055
25588,Vellore ICH,Vellore ICH,L1,Tamilnadu Circle,632057,632059
25588,Vellore ICH,Vellore ICH,L1,Tamilnadu Circle,632101,632107
25588,Vellore ICH,Vellore ICH,L1,Tamilnadu Circle,632113,632115
25588,Vellore ICH,Vellore ICH,L1,Tamilnadu Circle,632201,632204
25588,Vellore ICH,Vellore ICH,L1,Tamilnadu Circle,632209,632209
25588,Vellore ICH,Vellore ICH,L1,Tamilnadu Circle,632301,632301
25588,Vellore ICH,Vellore ICH,L1,Tamilnadu Circle,632311,632319
25588,Vellore ICH,Vellore ICH,L1,Tamilnadu Circle,632326,632326
25588,Vellore ICH,Vellore ICH,L1,Tamilnadu Circle,632401,632401
25588,Vellore ICH,Vellore ICH,L1,Tamilnadu Circle,632403,632406
25588,Vellore ICH,Vellore ICH,L1,Tamilnadu Circle,632501,632521
25588,Vellore ICH,Vellore ICH,L1,Tamilnadu Circle,632531,632531
25588,Vellore ICH,Vellore ICH,L1,Tamilnadu Circle,632601,632604
25588,Vellore ICH,Vellore ICH,L1,Tamilnadu Circle,635000,635999
25588,Salem ICH,Salem ICH,L1,Tamilnadu Circle,635201,635202
25588,Salem ICH,Salem ICH,L1,Tamilnadu Circle,635205,635205
25588,Salem ICH,Salem ICH,L1,Tamilnadu Circle,635301,635303
25588,Salem ICH,Salem ICH,L1,Tamilnadu Circle,635305,635305
25588,Salem ICH,Salem ICH,L1,Tamilnadu Circle,636000,638999
25588,Salem ICH,Salem ICH,L1,Tamilnadu Circle,636001,636016
25588,Salem ICH,Salem ICH,L1,Tamilnadu Circle,636017,636017
25588,Salem ICH,Salem ICH,L1,Tamilnadu Circle,636030,636030
25588,Salem ICH,Salem ICH,L1,Tamilnadu Circle,636101,636119
25588,Salem ICH,Salem ICH,L1,Tamilnadu Circle,636121,636122
25588,Salem ICH,Salem ICH,L1,Tamilnadu Circle,636138,636142
25588,Salem ICH,Salem ICH,L1,Tamilnadu Circle,636201,636204
25588,Salem ICH,Salem ICH,L1,Tamilnadu Circle,636301,636301
25588,Salem ICH,Salem ICH,L1,Tamilnadu Circle,636302,636302
25588,Salem ICH,Salem ICH,L1,Tamilnadu Circle,636303,636306
25588,Salem ICH,Salem ICH,L1,Tamilnadu Circle,636307,636307
25588,Salem ICH,Salem ICH,L1,Tamilnadu Circle,636308,636308
25588,Salem ICH,Salem ICH,L1,Tamilnadu Circle,636351,636352
25588,Salem ICH,Salem ICH,L1,Tamilnadu Circle,636354,636354
25588,Salem ICH,Salem ICH,L1,Tamilnadu Circle,636401,636404
25588,Salem ICH,Salem ICH,L1,Tamilnadu Circle,636406,636406
25588,Salem ICH,Salem ICH,L1,Tamilnadu Circle,636451,636458
25588,Salem ICH,Salem ICH,L1,Tamilnadu Circle,636501,636503
25588,Salem ICH,Salem ICH,L1,Tamilnadu Circle,636601,636602
25588,Salem ICH,Salem ICH,L1,Tamilnadu Circle,636701,636701
25588,Salem ICH,Salem ICH,L1,Tamilnadu Circle,636704,636705
25588,Salem ICH,Salem ICH,L1,Tamilnadu Circle,636803,636811
25588,Salem ICH,Salem ICH,L1,Tamilnadu Circle,636813,636813
25588,Salem ICH,Salem ICH,L1,Tamilnadu Circle,636902,636906
25588,Salem ICH,Salem ICH,L1,Tamilnadu Circle,637001,637003
25588,Salem ICH,Salem ICH,L1,Tamilnadu Circle,637013,637015
25588,Salem ICH,Salem ICH,L1,Tamilnadu Circle,637017,637021
25588,Salem ICH,Salem ICH,L1,Tamilnadu Circle,637101,637105
25588,Salem ICH,Salem ICH,L1,Tamilnadu Circle,637107,637107
25588,Salem ICH,Salem ICH,L1,Tamilnadu Circle,637201,637208
25588,Salem ICH,Salem ICH,L1,Tamilnadu Circle,637209,637209
25588,Salem ICH,Salem ICH,L1,Tamilnadu Circle,637210,637210
25588,Salem ICH,Salem ICH,L1,Tamilnadu Circle,637211,637211
25588,Salem ICH,Salem ICH,L1,Tamilnadu Circle,637212,637216
25588,Salem ICH,Salem ICH,L1,Tamilnadu Circle,637301,637304
25588,Salem ICH,Salem ICH,L1,Tamilnadu Circle,637401,637412
25588,Salem ICH,Salem ICH,L1,Tamilnadu Circle,637415,637415
25588,Salem ICH,Salem ICH,L1,Tamilnadu Circle,637501,637505
25588,Trichy ICH,Trichy ICH,L1,Tamilnadu Circle,639000,639999
25588,Trichy ICH,Trichy ICH,L1,Tamilnadu Circle,639001,639207
25588,Coimbatore NSH,Coimbatore NSH,L1,Tamilnadu Circle,641000,643999
25588,Coimbatore NSH,Coimbatore NSH,L1,Tamilnadu Circle,641001,641009
25588,Coimbatore NSH,Coimbatore NSH,L1,Tamilnadu Circle,641010,641010
25588,Coimbatore NSH,Coimbatore NSH,L1,Tamilnadu Circle,641011,641016
25588,Coimbatore NSH,Coimbatore NSH,L1,Tamilnadu Circle,641017,641017
25588,Coimbatore NSH,Coimbatore NSH,L1,Tamilnadu Circle,641018,641018
25588,Coimbatore NSH,Coimbatore NSH,L1,Tamilnadu Circle,641019,641020
25588,Coimbatore NSH,Coimbatore NSH,L1,Tamilnadu Circle,641021,641021
25588,Coimbatore NSH,Coimbatore NSH,L1,Tamilnadu Circle,641022,641022
25588,Coimbatore NSH,Coimbatore NSH,L1,Tamilnadu Circle,641023,641030
25588,Coimbatore NSH,Coimbatore NSH,L1,Tamilnadu Circle,641031,641032
25588,Coimbatore NSH,Coimbatore NSH,L1,Tamilnadu Circle,641033,641039
25588,Coimbatore NSH,Coimbatore NSH,L1,Tamilnadu Circle,641041,641046
25588,Coimbatore NSH,Coimbatore NSH,L1,Tamilnadu Circle,641047,641047
25588,Coimbatore NSH,Coimbatore NSH,L1,Tamilnadu Circle,641048,641049
25588,Coimbatore NSH,Coimbatore NSH,L1,Tamilnadu Circle,641050,641050
25588,Coimbatore NSH,Coimbatore NSH,L1,Tamilnadu Circle,641062,641062
25588,Coimbatore NSH,Coimbatore NSH,L1,Tamilnadu Circle,641101,641101
25588,Coimbatore NSH,Coimbatore NSH,L1,Tamilnadu Circle,641103,641104
25588,Coimbatore NSH,Coimbatore NSH,L1,Tamilnadu Circle,641105,641105
25588,Coimbatore NSH,Coimbatore NSH,L1,Tamilnadu Circle,641107,641112
25588,Coimbatore NSH,Coimbatore NSH,L1,Tamilnadu Circle,641113,641114
25588,Coimbatore NSH,Coimbatore NSH,L1,Tamilnadu Circle,641201,641201
25588,Coimbatore NSH,Coimbatore NSH,L1,Tamilnadu Circle,641202,641202
25588,Coimbatore NSH,Coimbatore NSH,L1,Tamilnadu Circle,641301,641302
25588,Coimbatore NSH,Coimbatore NSH,L1,Tamilnadu Circle,641305,641305
25588,Coimbatore NSH,Coimbatore NSH,L1,Tamilnadu Circle,641401,641402
25588,Coimbatore NSH,Coimbatore NSH,L1,Tamilnadu Circle,641407,641407
25588,Coimbatore NSH,Coimbatore NSH,L1,Tamilnadu Circle,642001,642007
25588,Coimbatore NSH,Coimbatore NSH,L1,Tamilnadu Circle,642101,642114
25588,Coimbatore NSH,Coimbatore NSH,L1,Tamilnadu Circle,642117,642117
25588,Coimbatore NSH,Coimbatore NSH,L1,Tamilnadu Circle,642120,642120
25588,Coimbatore NSH,Coimbatore NSH,L1,Tamilnadu Circle,642122,642123
25588,Coimbatore NSH,Coimbatore NSH,L1,Tamilnadu Circle,642125,642130
25588,Coimbatore NSH,Coimbatore NSH,L1,Tamilnadu Circle,642132,642134
25588,Coimbatore NSH,Coimbatore NSH,L1,Tamilnadu Circle,642154,642154
25588,Coimbatore NSH,Coimbatore NSH,L1,Tamilnadu Circle,642201,642207
25588,Coimbatore NSH,Coimbatore NSH,L1,Tamilnadu Circle,643001,643007
25588,Coimbatore NSH,Coimbatore NSH,L1,Tamilnadu Circle,643101,643103
25588,Coimbatore NSH,Coimbatore NSH,L1,Tamilnadu Circle,643105,643105
25588,Coimbatore NSH,Coimbatore NSH,L1,Tamilnadu Circle,643201,643209
25588,Coimbatore NSH,Coimbatore NSH,L1,Tamilnadu Circle,643211,643226
25588,Coimbatore NSH,Coimbatore NSH,L1,Tamilnadu Circle,643231,643231
25588,Coimbatore NSH,Coimbatore NSH,L1,Tamilnadu Circle,643233,643233
25588,Coimbatore NSH,Coimbatore NSH,L1,Tamilnadu Circle,643236,643243
25588,Coimbatore NSH,Coimbatore NSH,L1,Tamilnadu Circle,643253,643253
25588,Coimbatore NSH,Coimbatore NSH,L1,Tamilnadu Circle,643270,643270
25588,Kannur ICH,Kannur ICH,L1,Kerala Circle,670000,671999
25588,Kannur ICH,Kannur ICH,L1,Kerala Circle,670001,670014
25588,Kannur ICH,Kannur ICH,L1,Kerala Circle,670017,670018
25588,Kannur ICH,Kannur ICH,L1,Kerala Circle,670101,670107
25588,Kannur ICH,Kannur ICH,L1,Kerala Circle,670141,670143
25588,Kannur ICH,Kannur ICH,L1,Kerala Circle,670301,670310
25588,Kannur ICH,Kannur ICH,L1,Kerala Circle,670325,670325
25588,Kannur ICH,Kannur ICH,L1,Kerala Circle,670327,670327
25588,Kannur ICH,Kannur ICH,L1,Kerala Circle,670331,670331
25588,Kannur ICH,Kannur ICH,L1,Kerala Circle,670334,670334
25588,Kannur ICH,Kannur ICH,L1,Kerala Circle,670353,670353
25588,Kannur ICH,Kannur ICH,L1,Kerala Circle,670358,670358
25588,Kannur ICH,Kannur ICH,L1,Kerala Circle,670501,670504
25588,Kannur ICH,Kannur ICH,L1,Kerala Circle,670511,670511
25588,Kannur ICH,Kannur ICH,L1,Kerala Circle,670521,670521
25588,Kannur ICH,Kannur ICH,L1,Kerala Circle,670561,670563
25588,Kannur ICH,Kannur ICH,L1,Kerala Circle,670567,670567
25588,Kannur ICH,Kannur ICH,L1,Kerala Circle,670571,670571
25588,Kannur ICH,Kannur ICH,L1,Kerala Circle,670581,670582
25588,Kannur ICH,Kannur ICH,L1,Kerala Circle,670591,670595
25588,Kannur ICH,Kannur ICH,L1,Kerala Circle,670601,670602
25588,Kannur ICH,Kannur ICH,L1,Kerala Circle,670604,670604
25588,Kannur ICH,Kannur ICH,L1,Kerala Circle,670611,670613
25588,Kannur ICH,Kannur ICH,L1,Kerala Circle,670621,670622
25588,Kannur ICH,Kannur ICH,L1,Kerala Circle,670631,670633
25588,Kannur ICH,Kannur ICH,L1,Kerala Circle,670641,670646
25588,Kannur ICH,Kannur ICH,L1,Kerala Circle,670649,670651
25588,Kannur ICH,Kannur ICH,L1,Kerala Circle,670661,670663
25588,Kannur ICH,Kannur ICH,L1,Kerala Circle,670671,670676
25588,Kannur ICH,Kannur ICH,L1,Kerala Circle,670691,670694
25588,Kannur ICH,Kannur ICH,L1,Kerala Circle,670701,670706
25588,Kannur ICH,Kannur ICH,L1,Kerala Circle,670708,670708
25588,Kannur ICH,Kannur ICH,L1,Kerala Circle,670721,670721
25588,Kannur ICH,Kannur ICH,L1,Kerala Circle,670731,670731
25588,Kannur ICH,Kannur ICH,L1,Kerala Circle,670741,670741
25588,Kozhikode ICH,Kozhikode ICH,L1,Kerala Circle,673000,676999
25588,Kozhikode ICH,Kozhikode ICH,L1,Kerala Circle,673001,673012
25588,Kozhikode ICH,Kozhikode ICH,L1,Kerala Circle,673014,673021
25588,Kozhikode ICH,Kozhikode ICH,L1,Kerala Circle,673027,673029
25588,Kozhikode ICH,Kozhikode ICH,L1,Kerala Circle,673032,673032
25588,Kozhikode ICH,Kozhikode ICH,L1,Kerala Circle,673101,673106
25588,Kozhikode ICH,Kozhikode ICH,L1,Kerala Circle,673121,673124
25588,Kozhikode ICH,Kozhikode ICH,L1,Kerala Circle,673301,673307
25588,Kozhikode ICH,Kozhikode ICH,L1,Kerala Circle,673308,673313
25588,Kozhikode ICH,Kozhikode ICH,L1,Kerala Circle,673314,673315
25588,Kozhikode ICH,Kozhikode ICH,L1,Kerala Circle,673316,673316
25588,Kozhikode ICH,Kozhikode ICH,L1,Kerala Circle,673317,673317
25588,Kozhikode ICH,Kozhikode ICH,L1,Kerala Circle,673323,673323
25588,Kozhikode ICH,Kozhikode ICH,L1,Kerala Circle,673328,673328
25588,Kozhikode ICH,Kozhikode ICH,L1,Kerala Circle,673501,673509
25588,Kozhikode ICH,Kozhikode ICH,L1,Kerala Circle,673513,673513
25588,Kozhikode ICH,Kozhikode ICH,L1,Kerala Circle,673517,673517
25588,Kozhikode ICH,Kozhikode ICH,L1,Kerala Circle,673521,673526
25588,Kozhikode ICH,Kozhikode ICH,L1,Kerala Circle,673527,673527
25588,Kozhikode ICH,Kozhikode ICH,L1,Kerala Circle,673528,673528
25588,Kozhikode ICH,Kozhikode ICH,L1,Kerala Circle,673529,673529
25588,Kozhikode ICH,Kozhikode ICH,L1,Kerala Circle,673541,673542
25588,Kozhikode ICH,Kozhikode ICH,L1,Kerala Circle,673570,673577
25588,Kozhikode ICH,Kozhikode ICH,L1,Kerala Circle,673579,673583
25588,Kozhikode ICH,Kozhikode ICH,L1,Kerala Circle,673585,673586
25588,Kozhikode ICH,Kozhikode ICH,L1,Kerala Circle,673591,673592
25588,Kozhikode ICH,Kozhikode ICH,L1,Kerala Circle,673595,673596
25588,Kozhikode ICH,Kozhikode ICH,L1,Kerala Circle,673601,673604
25588,Kozhikode ICH,Kozhikode ICH,L1,Kerala Circle,673611,673614
25588,Kozhikode ICH,Kozhikode ICH,L1,Kerala Circle,673616,673616
25588,Kozhikode ICH,Kozhikode ICH,L1,Kerala Circle,673620,673620
25588,Kozhikode ICH,Kozhikode ICH,L1,Kerala Circle,673631,673642
25588,Kozhikode ICH,Kozhikode ICH,L1,Kerala Circle,673645,673645
25588,Kozhikode ICH,Kozhikode ICH,L1,Kerala Circle,673647,673647
25588,Kozhikode ICH,Kozhikode ICH,L1,Kerala Circle,673655,673655
25588,Kozhikode ICH,Kozhikode ICH,L1,Kerala Circle,673661,673661
25588,Thrissur ICH,Thrissur ICH,L1,Kerala Circle,678000,680999
25588,Thrissur ICH,Thrissur ICH,L1,Kerala Circle,679105,679106
25588,Thrissur ICH,Thrissur ICH,L1,Kerala Circle,679321,679327
25588,Thrissur ICH,Thrissur ICH,L1,Kerala Circle,679338,679341
25588,Thrissur ICH,Thrissur ICH,L1,Kerala Circle,679357,679357
25588,Thrissur ICH,Thrissur ICH,L1,Kerala Circle,679531,679532
25588,Thrissur ICH,Thrissur ICH,L1,Kerala Circle,679561,679564
25588,Thrissur ICH,Thrissur ICH,L1,Kerala Circle,680001,680009
25588,Thrissur ICH,Thrissur ICH,L1,Kerala Circle,680010,680010
25588,Thrissur ICH,Thrissur ICH,L1,Kerala Circle,680011,680011
25588,Thrissur ICH,Thrissur ICH,L1,Kerala Circle,680012,680014
25588,Thrissur ICH,Thrissur ICH,L1,Kerala Circle,680020,680022
25588,Thrissur ICH,Thrissur ICH,L1,Kerala Circle,680026,680026
25588,Thrissur ICH,Thrissur ICH,L1,Kerala Circle,680027,680028
25588,Thrissur ICH,Thrissur ICH,L1,Kerala Circle,680051,680051
25588,Thrissur ICH,Thrissur ICH,L1,Kerala Circle,680101,680104
25588,Thrissur ICH,Thrissur ICH,L1,Kerala Circle,680121,680125
25588,Thrissur ICH,Thrissur ICH,L1,Kerala Circle,680301,680312
25588,Thrissur ICH,Thrissur ICH,L1,Kerala Circle,680317,680317
25588,Thrissur ICH,Thrissur ICH,L1,Kerala Circle,680501,680524
25588,Thrissur ICH,Thrissur ICH,L1,Kerala Circle,680541,680546
25588,Thrissur ICH,Thrissur ICH,L1,Kerala Circle,680551,680553
25588,Thrissur ICH,Thrissur ICH,L1,Kerala Circle,680555,680555
25588,Thrissur ICH,Thrissur ICH,L1,Kerala Circle,680561,680571
25588,Thrissur ICH,Thrissur ICH,L1,Kerala Circle,680581,680581
25588,Thrissur ICH,Thrissur ICH,L1,Kerala Circle,680583,680591
25588,Thrissur ICH,Thrissur ICH,L1,Kerala Circle,680594,680594
25588,Thrissur ICH,Thrissur ICH,L1,Kerala Circle,680596,680596
25588,Thrissur ICH,Thrissur ICH,L1,Kerala Circle,680601,680602
25588,Thrissur ICH,Thrissur ICH,L1,Kerala Circle,680604,680604
25588,Thrissur ICH,Thrissur ICH,L1,Kerala Circle,680611,680620
25588,Thrissur ICH,Thrissur ICH,L1,Kerala Circle,680631,680631
25588,Thrissur ICH,Thrissur ICH,L1,Kerala Circle,680641,680642
25588,Thrissur ICH,Thrissur ICH,L1,Kerala Circle,680661,680671
25588,Thrissur ICH,Thrissur ICH,L1,Kerala Circle,680681,680689
25588,Thrissur ICH,Thrissur ICH,L1,Kerala Circle,680691,680691
25588,Thrissur ICH,Thrissur ICH,L1,Kerala Circle,680697,680697
25588,Thrissur ICH,Thrissur ICH,L1,Kerala Circle,680699,680699
25588,Thrissur ICH,Thrissur ICH,L1,Kerala Circle,680701,680703
25588,Thrissur ICH,Thrissur ICH,L1,Kerala Circle,680711,680712
25588,Thrissur ICH,Thrissur ICH,L1,Kerala Circle,680721,680722
25588,Thrissur ICH,Thrissur ICH,L1,Kerala Circle,680724,680724
25588,Thrissur ICH,Thrissur ICH,L1,Kerala Circle,680731,680734
25588,Thrissur ICH,Thrissur ICH,L1,Kerala Circle,680741,680741
25588,Thrissur ICH,Thrissur ICH,L1,Kerala Circle,680751,680751
25588,Kochi NSH,Kochi NSH,L1,Kerala Circle,682000,688999
25588,Kochi NSH,Kochi NSH,L1,Kerala Circle,682007,682008
25588,Kochi NSH,Kochi NSH,L1,Kerala Circle,682009,682013
25588,Kochi NSH,Kochi NSH,L1,Kerala Circle,682015,682020
25588,Kochi NSH,Kochi NSH,L1,Kerala Circle,682021,682022
25588,Kochi NSH,Kochi NSH,L1,Kerala Circle,682023,682026
25588,Kochi NSH,Kochi NSH,L1,Kerala Circle,682027,682027
25588,Kochi NSH,Kochi NSH,L1,Kerala Circle,682028,682029
25588,Kochi NSH,Kochi NSH,L1,Kerala Circle,682030,682030
25588,Kochi NSH,Kochi NSH,L1,Kerala Circle,682031,682032
25588,Kochi NSH,Kochi NSH,L1,Kerala Circle,682033,682034
25588,Kochi NSH,Kochi NSH,L1,Kerala Circle,682035,682036
25588,Kochi NSH,Kochi NSH,L1,Kerala Circle,682037,682037
25588,Kochi NSH,Kochi NSH,L1,Kerala Circle,682038,682038
25588,Kochi NSH,Kochi NSH,L1,Kerala Circle,682039,682040
25588,Kochi NSH,Kochi NSH,L1,Kerala Circle,682041,682041
25588,Kochi NSH,Kochi NSH,L1,Kerala Circle,682042,682042
25588,Kochi NSH,Kochi NSH,L1,Kerala Circle,682050,682052
25588,Kochi NSH,Kochi NSH,L1,Kerala Circle,682301,682317
25588,Kochi NSH,Kochi NSH,L1,Kerala Circle,682501,682559
25588,Kochi NSH,Kochi NSH,L1,Kerala Circle,683101,683112
25588,Kochi NSH,Kochi NSH,L1,Kerala Circle,683502,683502
25588,Kochi NSH,Kochi NSH,L1,Kerala Circle,683511,683512
25588,Kochi NSH,Kochi NSH,L1,Kerala Circle,683541,683550
25588,Kochi NSH,Kochi NSH,L1,Kerala Circle,683556,683556
25588,Kochi NSH,Kochi NSH,L1,Kerala Circle,683561,683565
25588,Kochi NSH,Kochi NSH,L1,Kerala Circle,683571,683581
25588,Kochi NSH,Kochi NSH,L1,Kerala Circle,683585,683585
25588,Kochi NSH,Kochi NSH,L1,Kerala Circle,683587,683587
25588,Kochi NSH,Kochi NSH,L1,Kerala Circle,683589,683589
25588,Kochi NSH,Kochi NSH,L1,Kerala Circle,683591,683591
25588,Kochi NSH,Kochi NSH,L1,Kerala Circle,686681,686681
25588,Kochi NSH,Kochi NSH,L1,Kerala Circle,686691,686693
25588,Trivandrum NSH,Trivandrum NSH,L1,Kerala Circle,695001,695099
25588,Trivandrum NSH,Trivandrum NSH,L1,Kerala Circle,695101,695104
25588,Trivandrum NSH,Trivandrum NSH,L1,Kerala Circle,695121,695146
25588,Trivandrum NSH,Trivandrum NSH,L1,Kerala Circle,695301,695318
25588,Trivandrum NSH,Trivandrum NSH,L1,Kerala Circle,695501,695527
25588,Trivandrum NSH,Trivandrum NSH,L1,Kerala Circle,695528,695528
25588,Trivandrum NSH,Trivandrum NSH,L1,Kerala Circle,695541,695589
25588,Trivandrum NSH,Trivandrum NSH,L1,Kerala Circle,695601,695615
25588,Kolkata NSH,Kolkata NSH,L1,West Bengal Circle,700000,700999
25588,Kolkata NSH,Kolkata NSH,L1,West Bengal Circle,700001,700069
25588,Kolkata NSH,Kolkata NSH,L1,West Bengal Circle,700070,700070
25588,Kolkata NSH,Kolkata NSH,L1,West Bengal Circle,700071,700092
25588,Kolkata NSH,Kolkata NSH,L1,West Bengal Circle,700093,700093
25588,Kolkata NSH,Kolkata NSH,L1,West Bengal Circle,700094,700095
25588,Kolkata NSH,Kolkata NSH,L1,West Bengal Circle,700096,700097
25588,Kolkata NSH,Kolkata NSH,L1,West Bengal Circle,700099,700103
25588,Kolkata NSH,Kolkata NSH,L1,West Bengal Circle,700104,700108
25588,Kolkata NSH,Kolkata NSH,L1,West Bengal Circle,700109,700133
25588,Kolkata NSH,Kolkata NSH,L1,West Bengal Circle,700134,700136
25588,Kolkata NSH,Kolkata NSH,L1,West Bengal Circle,700137,700151
25588,Kolkata NSH,Kolkata NSH,L1,West Bengal Circle,700152,700163
25588,Kharagpur ICH,Kharagpur ICH,L1,West Bengal Circle,721000,723999
25588,Kharagpur ICH,Kharagpur ICH,L1,West Bengal Circle,721101,721102
25588,Kharagpur ICH,Kharagpur ICH,L1,West Bengal Circle,721121,721129
25588,Kharagpur ICH,Kharagpur ICH,L1,West Bengal Circle,721131,721133
25588,Kharagpur ICH,Kharagpur ICH,L1,West Bengal Circle,721135,721136
25588,Kharagpur ICH,Kharagpur ICH,L1,West Bengal Circle,721140,721140
25588,Kharagpur ICH,Kharagpur ICH,L1,West Bengal Circle,721143,721147
25588,Kharagpur ICH,Kharagpur ICH,L1,West Bengal Circle,721149,721150
25588,Kharagpur ICH,Kharagpur ICH,L1,West Bengal Circle,721155,721157
25588,Kharagpur ICH,Kharagpur ICH,L1,West Bengal Circle,721159,721166
25588,Kharagpur ICH,Kharagpur ICH,L1,West Bengal Circle,721201,721260
25588,Kharagpur ICH,Kharagpur ICH,L1,West Bengal Circle,721301,721306
25588,Kharagpur ICH,Kharagpur ICH,L1,West Bengal Circle,721400,721499
25588,Kharagpur ICH,Kharagpur ICH,L1,West Bengal Circle,721500,721599
25588,Kolkata NSH,Kolkata NSH,L1,West Bengal Circle,731000,731999
25588,Siliguri NSH,Siliguri NSH,L1,West Bengal Circle,732000,737999
25588,Siliguri NSH,Siliguri NSH,L1,West Bengal Circle,733201,733215
25588,Siliguri NSH,Siliguri NSH,L1,West Bengal Circle,734001,734007
25588,Siliguri NSH,Siliguri NSH,L1,West Bengal Circle,734008,734015
25588,Siliguri NSH,Siliguri NSH,L1,West Bengal Circle,734091,734091
25588,Siliguri NSH,Siliguri NSH,L1,West Bengal Circle,734101,734105
25588,Siliguri NSH,Siliguri NSH,L1,West Bengal Circle,734201,734201
25588,Siliguri NSH,Siliguri NSH,L1,West Bengal Circle,734203,734204
25588,Siliguri NSH,Siliguri NSH,L1,West Bengal Circle,734209,734209
25588,Siliguri NSH,Siliguri NSH,L1,West Bengal Circle,734213,734218
25588,Siliguri NSH,Siliguri NSH,L1,West Bengal Circle,734220,734224
25588,Siliguri NSH,Siliguri NSH,L1,West Bengal Circle,734226,734226
25588,Siliguri NSH,Siliguri NSH,L1,West Bengal Circle,734301,734301
25588,Siliguri NSH,Siliguri NSH,L1,West Bengal Circle,734311,734316
25588,Siliguri NSH,Siliguri NSH,L1,West Bengal Circle,734421,734421
25588,Siliguri NSH,Siliguri NSH,L1,West Bengal Circle,734423,734427
25588,Siliguri NSH,Siliguri NSH,L1,West Bengal Circle,734429,734429
25588,Siliguri NSH,Siliguri NSH,L1,West Bengal Circle,734434,734434
25588,Siliguri NSH,Siliguri NSH,L1,West Bengal Circle,734501,734501
25588,Siliguri NSH,Siliguri NSH,L1,West Bengal Circle,734503,734503
25588,Siliguri NSH,Siliguri NSH,L1,West Bengal Circle,735101,735102
25588,Siliguri NSH,Siliguri NSH,L1,West Bengal Circle,735121,735122
25588,Siliguri NSH,Siliguri NSH,L1,West Bengal Circle,735132,735135
25588,Siliguri NSH,Siliguri NSH,L1,West Bengal Circle,735202,735234
25588,Siliguri NSH,Siliguri NSH,L1,West Bengal Circle,735301,735305
25588,Siliguri NSH,Siliguri NSH,L1,West Bengal Circle,736101,736101
25588,Siliguri NSH,Siliguri NSH,L1,West Bengal Circle,736121,736123
25588,Siliguri NSH,Siliguri NSH,L1,West Bengal Circle,736131,736131
25588,Siliguri NSH,Siliguri NSH,L1,West Bengal Circle,736133,736135
25588,Siliguri NSH,Siliguri NSH,L1,West Bengal Circle,736145,736146
25588,Siliguri NSH,Siliguri NSH,L1,West Bengal Circle,736156,736160
25588,Siliguri NSH,Siliguri NSH,L1,West Bengal Circle,736165,736165
25588,Siliguri NSH,Siliguri NSH,L1,West Bengal Circle,736167,736172
25588,Siliguri NSH,Siliguri NSH,L1,West Bengal Circle,736176,736176
25588,Siliguri NSH,Siliguri NSH,L1,West Bengal Circle,736179,736179
25588,Siliguri NSH,Siliguri NSH,L1,West Bengal Circle,736182,736182
25588,Siliguri NSH,Siliguri NSH,L1,West Bengal Circle,736201,736209
25588,Siliguri NSH,Siliguri NSH,L1,West Bengal Circle,737101,737103
25588,Siliguri NSH,Siliguri NSH,L1,West Bengal Circle,737106,737107
25588,Siliguri NSH,Siliguri NSH,L1,West Bengal Circle,737111,737111
25588,Siliguri NSH,Siliguri NSH,L1,West Bengal Circle,737113,737113
25588,Siliguri NSH,Siliguri NSH,L1,West Bengal Circle,737116,737116
25588,Siliguri NSH,Siliguri NSH,L1,West Bengal Circle,737120,737121
25588,Siliguri NSH,Siliguri NSH,L1,West Bengal Circle,737126,737126
25588,Siliguri NSH,Siliguri NSH,L1,West Bengal Circle,737128,737128
25588,Siliguri NSH,Siliguri NSH,L1,West Bengal Circle,737131,737136
25588,Siliguri NSH,Siliguri NSH,L1,West Bengal Circle,737139,737139
25588,Kolkata NSH,Kolkata NSH,L1,West Bengal Circle,741000,743999
25588,Port Blair ICH,Port Blair ICH,L1,West Bengal Circle,744000,744999
25588,Port Blair ICH,Port Blair ICH,L1,West Bengal Circle,744101,744107
25588,Port Blair ICH,Port Blair ICH,L1,West Bengal Circle,744112,744112
25588,Port Blair ICH,Port Blair ICH,L1,West Bengal Circle,744201,744207
25588,Port Blair ICH,Port Blair ICH,L1,West Bengal Circle,744209,744211
25588,Port Blair ICH,Port Blair ICH,L1,West Bengal Circle,744301,744304
25588,Bhubaneswar NSH,Bhubaneswar NSH,L1,Odisha Circle,751000,756999
25588,Bhubaneswar NSH,Bhubaneswar NSH,L1,Odisha Circle,752122,752999
25588,Bhubaneswar NSH,Bhubaneswar NSH,L1,Odisha Circle,754012,754012
25588,Bhubaneswar NSH,Bhubaneswar NSH,L1,Odisha Circle,758000,759999
25588,Berhampur ICH,Berhampur ICH,L1,Odisha Circle,760000,765999
25588,Berhampur ICH,Berhampur ICH,L1,Odisha Circle,760001,760011
25588,Berhampur ICH,Berhampur ICH,L1,Odisha Circle,761001,761217
25588,Berhampur ICH,Berhampur ICH,L1,Odisha Circle,762001,762112
25588,Sambalpur ICH,Sambalpur ICH,L1,Odisha Circle,768001,768024
25588,Sambalpur ICH,Sambalpur ICH,L1,Odisha Circle,768025,768200
25588,Sambalpur ICH,Sambalpur ICH,L1,Odisha Circle,768200,768299
25588,Sambalpur ICH,Sambalpur ICH,L1,Odisha Circle,768235,768999
25588,Guwahati NSH,Guwahati NSH,L1,Assam Circle,781001,781040
25588,Guwahati NSH,Guwahati NSH,L1,Assam Circle,781101,781150
25588,Guwahati NSH,Guwahati NSH,L1,Assam Circle,781171,781171
25588,Guwahati NSH,Guwahati NSH,L1,Assam Circle,781301,781382
25588,Guwahati NSH,Guwahati NSH,L1,Assam Circle,783101,783136
25588,Dibrugarh ICH,Dibrugarh ICH,L1,Assam Circle,786001,786012
25588,Dibrugarh ICH,Dibrugarh ICH,L1,Assam Circle,786101,786103
25588,Dibrugarh ICH,Dibrugarh ICH,L1,Assam Circle,786125,786183
25588,Dibrugarh ICH,Dibrugarh ICH,L1,Assam Circle,786184,786184
25588,Dibrugarh ICH,Dibrugarh ICH,L1,Assam Circle,786187,786192
25588,Dibrugarh ICH,Dibrugarh ICH,L1,Assam Circle,786601,786692
25588,Dibrugarh ICH,Dibrugarh ICH,L1,Assam Circle,787000,787999
25588,Guwahati NSH,Guwahati NSH,L1,Assam Circle,788832,788832
25588,Itanagar ICH,Itanagar ICH,L1,North Eastern Circle,790102,790102
25588,Itanagar ICH,Itanagar ICH,L1,North Eastern Circle,791000,791999
25588,Itanagar ICH,Itanagar ICH,L1,North Eastern Circle,791001,791003
25588,Itanagar ICH,Itanagar ICH,L1,North Eastern Circle,791101,791105
25588,Itanagar ICH,Itanagar ICH,L1,North Eastern Circle,791109,791113
25588,Itanagar ICH,Itanagar ICH,L1,North Eastern Circle,791114,791114
25588,Itanagar ICH,Itanagar ICH,L1,North Eastern Circle,791118,791123
25588,Itanagar ICH,Itanagar ICH,L1,North Eastern Circle,791125,791125
25588,Dibrugarh ICH,Dibrugarh ICH,L1,Assam Circle,792000,792999
25588,Shillong ICH,Shillong ICH,L1,North Eastern Circle,793000,793999
25588,Shillong ICH,Shillong ICH,L1,North Eastern Circle,793001,793200
25588,Shillong ICH,Shillong ICH,L1,North Eastern Circle,793210,793210
25588,Guwahati NSH,Guwahati NSH,L1,Assam Circle,794000,794999
25588,Imphal ICH,Imphal ICH,L1,North Eastern Circle,795000,795999
25588,Imphal ICH,Imphal ICH,L1,North Eastern Circle,795001,795005
25588,Imphal ICH,Imphal ICH,L1,North Eastern Circle,795006,795007
25588,Imphal ICH,Imphal ICH,L1,North Eastern Circle,795008,795011
25588,Imphal ICH,Imphal ICH,L1,North Eastern Circle,795015,795015
25588,Imphal ICH,Imphal ICH,L1,North Eastern Circle,795101,795104
25588,Imphal ICH,Imphal ICH,L1,North Eastern Circle,795106,795107
25588,Imphal ICH,Imphal ICH,L1,North Eastern Circle,795112,795118
25588,Imphal ICH,Imphal ICH,L1,North Eastern Circle,795121,795122
25588,Imphal ICH,Imphal ICH,L1,North Eastern Circle,795124,795127
25588,Imphal ICH,Imphal ICH,L1,North Eastern Circle,795129,795136
25588,Imphal ICH,Imphal ICH,L1,North Eastern Circle,795138,795142
25588,Imphal ICH,Imphal ICH,L1,North Eastern Circle,795144,795145
25588,Imphal ICH,Imphal ICH,L1,North Eastern Circle,795146,795146
25588,Imphal ICH,Imphal ICH,L1,North Eastern Circle,795147,795150
25588,Imphal ICH,Imphal ICH,L1,North Eastern Circle,795158,795159
25588,Dimapur ICH,Dimapur ICH,L1,Assam Circle,797001,797118
25588,Dimapur ICH,Dimapur ICH,L1,Assam Circle,797119,797120
25588,Dimapur ICH,Dimapur ICH,L1,Assam Circle,798000,798999
25588,Dimapur ICH,Dimapur ICH,L1,Assam Circle,798601,798604
25588,Dimapur ICH,Dimapur ICH,L1,Assam Circle,798607,798607
25588,Dimapur ICH,Dimapur ICH,L1,Assam Circle,798611,798616
25588,Dimapur ICH,Dimapur ICH,L1,Assam Circle,798618,798618
25588,Dimapur ICH,Dimapur ICH,L1,Assam Circle,798620,798623
25588,Dimapur ICH,Dimapur ICH,L1,Assam Circle,798625,798628
25588,Agartala ICH,Agartala ICH,L1,North Eastern Circle,799000,799999
25588,Agartala ICH,Agartala ICH,L1,North Eastern Circle,799001,799290
25588,Patna NSH,Patna NSH,L1,Bihar Circle,800000,801999
25588,Patna NSH,Patna NSH,L1,Bihar Circle,802000,802131
25588,Gaya ICH,Gaya ICH,L1,Bihar Circle,802132,802132
25588,Patna NSH,Patna NSH,L1,Bihar Circle,802133,802199
25588,Patna NSH,Patna NSH,L1,Bihar Circle,802200,802210
25588,Gaya ICH,Gaya ICH,L1,Bihar Circle,802211,802221
25588,Patna NSH,Patna NSH,L1,Bihar Circle,802222,802223
25588,Gaya ICH,Gaya ICH,L1,Bihar Circle,802226,802226
25588,Patna NSH,Patna NSH,L1,Bihar Circle,802237,802237
25588,Patna NSH,Patna NSH,L1,Bihar Circle,802300,802399
25588,Patna NSH,Patna NSH,L1,Bihar Circle,804401,804406
25588,Gaya ICH,Gaya ICH,L1,Bihar Circle,804407,804407
25588,Patna NSH,Patna NSH,L1,Bihar Circle,804408,804999
25588,Patna NSH,Patna NSH,L1,Bihar Circle,805000,812999
25588,Patna NSH,Patna NSH,L1,Bihar Circle,813100,813199
25588,Dhanbad ICH,Dhanbad ICH,L1,Jharkhand Circle,813300,813399
25588,Dhanbad ICH,Dhanbad ICH,L1,Jharkhand Circle,815000,816999
25588,Dhanbad ICH,Dhanbad ICH,L1,Jharkhand Circle,815301,815302
25588,Dhanbad ICH,Dhanbad ICH,L1,Jharkhand Circle,815311,815318
25588,Gaya ICH,Gaya ICH,L1,Bihar Circle,821000,821999
25588,Gaya ICH,Gaya ICH,L1,Bihar Circle,821015,821015
25588,Gaya ICH,Gaya ICH,L1,Bihar Circle,821101,821115
25588,Gaya ICH,Gaya ICH,L1,Bihar Circle,821301,821312
25588,Ranchi NSH,Ranchi NSH,L1,Jharkhand Circle,822000,822999
25588,Gaya ICH,Gaya ICH,L1,Bihar Circle,823000,824999
25588,Gaya ICH,Gaya ICH,L1,Bihar Circle,823001,823005
25588,Gaya ICH,Gaya ICH,L1,Bihar Circle,823311,823311
25588,Gaya ICH,Gaya ICH,L1,Bihar Circle,824101,824103
25588,Gaya ICH,Gaya ICH,L1,Bihar Circle,824111,824116
25588,Gaya ICH,Gaya ICH,L1,Bihar Circle,824118,824118
25588,Gaya ICH,Gaya ICH,L1,Bihar Circle,824120,824127
25588,Gaya ICH,Gaya ICH,L1,Bihar Circle,824129,824129
25588,Gaya ICH,Gaya ICH,L1,Bihar Circle,824143,824143
25588,Gaya ICH,Gaya ICH,L1,Bihar Circle,824201,824211
25588,Gaya ICH,Gaya ICH,L1,Bihar Circle,824217,824221
25588,Gaya ICH,Gaya ICH,L1,Bihar Circle,824231,824237
25588,Gaya ICH,Gaya ICH,L1,Bihar Circle,824301,824304
25588,Ranchi NSH,Ranchi NSH,L1,Jharkhand Circle,825000,825999
25588,Ranchi NSH,Ranchi NSH,L1,Jharkhand Circle,825101,825101
25588,Ranchi NSH,Ranchi NSH,L1,Jharkhand Circle,825123,825123
25588,Ranchi NSH,Ranchi NSH,L1,Jharkhand Circle,825229,825229
25588,Ranchi NSH,Ranchi NSH,L1,Jharkhand Circle,825301,825303
25588,Ranchi NSH,Ranchi NSH,L1,Jharkhand Circle,825311,825317
25588,Ranchi NSH,Ranchi NSH,L1,Jharkhand Circle,825319,825319
25588,Ranchi NSH,Ranchi NSH,L1,Jharkhand Circle,825321,825321
25588,Ranchi NSH,Ranchi NSH,L1,Jharkhand Circle,825325,825325
25588,Ranchi NSH,Ranchi NSH,L1,Jharkhand Circle,825326,825326
25588,Ranchi NSH,Ranchi NSH,L1,Jharkhand Circle,825330,825330
25588,Ranchi NSH,Ranchi NSH,L1,Jharkhand Circle,825336,825336
25588,Ranchi NSH,Ranchi NSH,L1,Jharkhand Circle,825402,825402
25588,Ranchi NSH,Ranchi NSH,L1,Jharkhand Circle,825411,825411
25588,Ranchi NSH,Ranchi NSH,L1,Jharkhand Circle,825415,825415
25588,Dhanbad ICH,Dhanbad ICH,L1,Jharkhand Circle,826000,828999
25588,Dhanbad ICH,Dhanbad ICH,L1,Jharkhand Circle,826001,826001
25588,Dhanbad ICH,Dhanbad ICH,L1,Jharkhand Circle,826002,826012
25588,Dhanbad ICH,Dhanbad ICH,L1,Jharkhand Circle,826013,826013
25588,Dhanbad ICH,Dhanbad ICH,L1,Jharkhand Circle,827001,827015
25588,Dhanbad ICH,Dhanbad ICH,L1,Jharkhand Circle,827016,827016
25588,Dhanbad ICH,Dhanbad ICH,L1,Jharkhand Circle,827302,827302
25588,Dhanbad ICH,Dhanbad ICH,L1,Jharkhand Circle,828101,828142
25588,Dhanbad ICH,Dhanbad ICH,L1,Jharkhand Circle,828201,828207
25588,Dhanbad ICH,Dhanbad ICH,L1,Jharkhand Circle,828301,828309
25588,Dhanbad ICH,Dhanbad ICH,L1,Jharkhand Circle,828401,828404
25588,Ranchi NSH,Ranchi NSH,L1,Jharkhand Circle,829000,829999
25588,Ranchi NSH,Ranchi NSH,L1,Jharkhand Circle,829101,829103
25588,Ranchi NSH,Ranchi NSH,L1,Jharkhand Circle,829105,829106
25588,Dhanbad ICH,Dhanbad ICH,L1,Jharkhand Circle,829107,829107
25588,Ranchi NSH,Ranchi NSH,L1,Jharkhand Circle,829108,829110
25588,Dhanbad ICH,Dhanbad ICH,L1,Jharkhand Circle,829111,829114
25588,Dhanbad ICH,Dhanbad ICH,L1,Jharkhand Circle,829116,829116
25588,Ranchi NSH,Ranchi NSH,L1,Jharkhand Circle,829117,829119
25588,Dhanbad ICH,Dhanbad ICH,L1,Jharkhand Circle,829121,829121
25588,Ranchi NSH,Ranchi NSH,L1,Jharkhand Circle,829122,829122
25588,Dhanbad ICH,Dhanbad ICH,L1,Jharkhand Circle,829123,829123
25588,Ranchi NSH,Ranchi NSH,L1,Jharkhand Circle,829124,829126
25588,Dhanbad ICH,Dhanbad ICH,L1,Jharkhand Circle,829127,829129
25588,Ranchi NSH,Ranchi NSH,L1,Jharkhand Circle,829130,829131
25588,Dhanbad ICH,Dhanbad ICH,L1,Jharkhand Circle,829132,829132
25588,Ranchi NSH,Ranchi NSH,L1,Jharkhand Circle,829133,829135
25588,Ranchi NSH,Ranchi NSH,L1,Jharkhand Circle,829143,829143
25588,Dhanbad ICH,Dhanbad ICH,L1,Jharkhand Circle,829144,829144
25588,Dhanbad ICH,Dhanbad ICH,L1,Jharkhand Circle,829149,829149
25588,Ranchi NSH,Ranchi NSH,L1,Jharkhand Circle,829150,829150
25588,Ranchi NSH,Ranchi NSH,L1,Jharkhand Circle,829201,829210
25588,Dhanbad ICH,Dhanbad ICH,L1,Jharkhand Circle,829301,829301
25588,Ranchi NSH,Ranchi NSH,L1,Jharkhand Circle,829330,829330
25588,Dehradun NSH,Pithoragarh ICH,L2,Uttarakhand Circle,262501,262502
25588,Dehradun NSH,Pithoragarh ICH,L2,Uttarakhand Circle,262520,262534
25588,Dehradun NSH,Pithoragarh ICH,L2,Uttarakhand Circle,262540,262540
25588,Dehradun NSH,Pithoragarh ICH,L2,Uttarakhand Circle,262541,262547
25588,Dehradun NSH,Pithoragarh ICH,L2,Uttarakhand Circle,262551,262555
25588,Dehradun NSH,Pithoragarh ICH,L2,Uttarakhand Circle,262561,262561
25588,Dehradun NSH,Pithoragarh ICH,L2,Uttarakhand Circle,262572,262572
25588,Dehradun NSH,Pithoragarh ICH,L2,Uttarakhand Circle,262576,262576
25588,Dehradun NSH,Pithoragarh ICH,L2,Uttarakhand Circle,262580,262580
25588,Dehradun NSH,Almora ICH,L2,Uttarakhand Circle,263601,263601
25588,Dehradun NSH,Almora ICH,L2,Uttarakhand Circle,263619,263626
25588,Dehradun NSH,Almora ICH,L2,Uttarakhand Circle,263628,263643
25588,Dehradun NSH,Almora ICH,L2,Uttarakhand Circle,263645,263646
25588,Dehradun NSH,Almora ICH,L2,Uttarakhand Circle,263651,263653
25588,Dehradun NSH,Almora ICH,L2,Uttarakhand Circle,263655,263656
25588,Dehradun NSH,Almora ICH,L2,Uttarakhand Circle,263658,263661
25588,Dehradun NSH,Almora ICH,L2,Uttarakhand Circle,263663,263665
25588,Dehradun NSH,Almora ICH,L2,Uttarakhand Circle,263667,263667
25588,Dehradun NSH,Almora ICH,L2,Uttarakhand Circle,263676,263676
25588,Dehradun NSH,Almora ICH,L2,Uttarakhand Circle,263678,263680
25588,Jaipur NSH,Udaipur ICH,L2,Rajasthan Circle,305921,305921
25588,JODHPUR NSH,Falna ICH,L2,Rajasthan Circle,306001,306001
25588,JODHPUR NSH,Falna ICH,L2,Rajasthan Circle,306010,306010
25588,JODHPUR NSH,Falna ICH,L2,Rajasthan Circle,306021,306023
25588,JODHPUR NSH,Falna ICH,L2,Rajasthan Circle,306101,306105
25588,JODHPUR NSH,Falna ICH,L2,Rajasthan Circle,306114,306116
25588,JODHPUR NSH,Falna ICH,L2,Rajasthan Circle,306119,306119
25588,JODHPUR NSH,Falna ICH,L2,Rajasthan Circle,306126,306126
25588,JODHPUR NSH,Falna ICH,L2,Rajasthan Circle,306301,306308
25588,JODHPUR NSH,Falna ICH,L2,Rajasthan Circle,306401,306401
25588,JODHPUR NSH,Falna ICH,L2,Rajasthan Circle,306421,306422
25588,JODHPUR NSH,Falna ICH,L2,Rajasthan Circle,306501,306504
25588,JODHPUR NSH,Falna ICH,L2,Rajasthan Circle,306601,306603
25588,JODHPUR NSH,Falna ICH,L2,Rajasthan Circle,306701,306709
25588,JODHPUR NSH,Falna ICH,L2,Rajasthan Circle,306901,306902
25588,JODHPUR NSH,Falna ICH,L2,Rajasthan Circle,306912,306912
25588,JODHPUR NSH,Falna ICH,L2,Rajasthan Circle,307001,307001
25588,JODHPUR NSH,Falna ICH,L2,Rajasthan Circle,307019,307019
25588,JODHPUR NSH,Falna ICH,L2,Rajasthan Circle,307022,307024
25588,Jaipur NSH,Udaipur ICH,L2,Rajasthan Circle,307025,307025
25588,JODHPUR NSH,Falna ICH,L2,Rajasthan Circle,307026,307031
25588,JODHPUR NSH,Falna ICH,L2,Rajasthan Circle,307032,307032
25588,JODHPUR NSH,Falna ICH,L2,Rajasthan Circle,307043,307043
25588,JODHPUR NSH,Falna ICH,L2,Rajasthan Circle,307501,307501
25588,JODHPUR NSH,Falna ICH,L2,Rajasthan Circle,307510,307515
25588,JODHPUR NSH,Falna ICH,L2,Rajasthan Circle,307801,307803
25588,Jaipur NSH,Udaipur ICH,L2,Rajasthan Circle,313001,313004
25588,Jaipur NSH,Udaipur ICH,L2,Rajasthan Circle,313011,313011
25588,Jaipur NSH,Udaipur ICH,L2,Rajasthan Circle,313015,313015
25588,Jaipur NSH,Udaipur ICH,L2,Rajasthan Circle,313022,313022
25588,Jaipur NSH,Udaipur ICH,L2,Rajasthan Circle,313024,313027
25588,Jaipur NSH,Udaipur ICH,L2,Rajasthan Circle,313031,313031
25588,Jaipur NSH,Udaipur ICH,L2,Rajasthan Circle,313038,313038
25588,Jaipur NSH,Udaipur ICH,L2,Rajasthan Circle,313201,313207
25588,Jaipur NSH,Udaipur ICH,L2,Rajasthan Circle,313211,313211
25588,Jaipur NSH,Udaipur ICH,L2,Rajasthan Circle,313301,313301
25588,Jaipur NSH,Udaipur ICH,L2,Rajasthan Circle,313321,313325
25588,Jaipur NSH,Udaipur ICH,L2,Rajasthan Circle,313327,313334
25588,Jaipur NSH,Udaipur ICH,L2,Rajasthan Circle,313337,313338
25588,Jaipur NSH,Udaipur ICH,L2,Rajasthan Circle,313341,313342
25588,Jaipur NSH,Udaipur ICH,L2,Rajasthan Circle,313601,313605
25588,Jaipur NSH,Udaipur ICH,L2,Rajasthan Circle,313611,313611
25588,Jaipur NSH,Udaipur ICH,L2,Rajasthan Circle,313614,313614
25588,Jaipur NSH,Udaipur ICH,L2,Rajasthan Circle,313701,313706
25588,Jaipur NSH,Udaipur ICH,L2,Rajasthan Circle,313708,313708
25588,Jaipur NSH,Udaipur ICH,L2,Rajasthan Circle,313801,313804
25588,Jaipur NSH,Udaipur ICH,L2,Rajasthan Circle,313805,313805
25588,Jaipur NSH,Udaipur ICH,L2,Rajasthan Circle,313901,313905
25588,Jaipur NSH,Udaipur ICH,L2,Rajasthan Circle,313906,313906
25588,Jaipur NSH,Udaipur ICH,L2,Rajasthan Circle,314001,314001
25588,Jaipur NSH,Udaipur ICH,L2,Rajasthan Circle,314011,314011
25588,Jaipur NSH,Udaipur ICH,L2,Rajasthan Circle,314021,314032
25588,Jaipur NSH,Udaipur ICH,L2,Rajasthan Circle,314034,314038
25588,Jaipur NSH,Udaipur ICH,L2,Rajasthan Circle,314401,314404
25588,Jaipur NSH,Udaipur ICH,L2,Rajasthan Circle,314406,314406
25588,Jaipur NSH,Udaipur ICH,L2,Rajasthan Circle,314801,314802
25588,Jaipur NSH,Udaipur ICH,L2,Rajasthan Circle,314804,314804
25588,Jaipur NSH,Udaipur ICH,L2,Rajasthan Circle,327001,327001
25588,Jaipur NSH,Udaipur ICH,L2,Rajasthan Circle,327021,327027
25588,Jaipur NSH,Udaipur ICH,L2,Rajasthan Circle,327031,327032
25588,Jaipur NSH,Udaipur ICH,L2,Rajasthan Circle,327034,327034
25588,Jaipur NSH,Udaipur ICH,L2,Rajasthan Circle,327601,327606
25588,Jaipur NSH,Udaipur ICH,L2,Rajasthan Circle,327801,327801
25588,JODHPUR NSH,Falna ICH,L2,Rajasthan Circle,343001,343002
25588,JODHPUR NSH,Falna ICH,L2,Rajasthan Circle,343021,343025
25588,JODHPUR NSH,Falna ICH,L2,Rajasthan Circle,343027,343030
25588,JODHPUR NSH,Falna ICH,L2,Rajasthan Circle,343032,343032
25588,JODHPUR NSH,Falna ICH,L2,Rajasthan Circle,343039,343042
25588,JODHPUR NSH,Falna ICH,L2,Rajasthan Circle,343048,343049
25588,Surat NSH,Bharuch ICH,L2,Gujarat Circle,391800,391999
25588,Surat NSH,Bharuch ICH,L2,Gujarat Circle,392001,392001
25588,Surat NSH,Bharuch ICH,L2,Gujarat Circle,392011,392011
25588,Surat NSH,Bharuch ICH,L2,Gujarat Circle,392012,392012
25588,Surat NSH,Bharuch ICH,L2,Gujarat Circle,392015,392015
25588,Surat NSH,Bharuch ICH,L2,Gujarat Circle,392016,393999
25588,Surat NSH,Bharuch ICH,L2,Gujarat Circle,394115,394116
25588,Surat NSH,Bharuch ICH,L2,Gujarat Circle,394801,394999
25588,Nashik Road NSH,Parbhani ICH,L2,Maharashtra Circle,431401,431402
25588,Nashik Road NSH,Parbhani ICH,L2,Maharashtra Circle,431501,431521
25588,Nashik Road NSH,Parbhani ICH,L2,Maharashtra Circle,431523,431523
25588,Nashik Road NSH,Parbhani ICH,L2,Maharashtra Circle,431530,431530
25588,Nashik Road NSH,Parbhani ICH,L2,Maharashtra Circle,431536,431537
25588,Nashik Road NSH,Parbhani ICH,L2,Maharashtra Circle,431540,431542
25588,Nashik Road NSH,NANDED ICH,L2,Maharashtra Circle,431601,431606
25588,Nashik Road NSH,Parbhani ICH,L2,Maharashtra Circle,431646,431646
25588,Nashik Road NSH,Parbhani ICH,L2,Maharashtra Circle,431701,431703
25588,Nashik Road NSH,NANDED ICH,L2,Maharashtra Circle,431704,431704
25588,Nashik Road NSH,Parbhani ICH,L2,Maharashtra Circle,431705,431705
25588,Nashik Road NSH,NANDED ICH,L2,Maharashtra Circle,431707,431719
25588,Nashik Road NSH,NANDED ICH,L2,Maharashtra Circle,431721,431724
25588,Nashik Road NSH,NANDED ICH,L2,Maharashtra Circle,431731,431731
25588,Nashik Road NSH,NANDED ICH,L2,Maharashtra Circle,431736,431736
25588,Nashik Road NSH,NANDED ICH,L2,Maharashtra Circle,431741,431743
25588,Nashik Road NSH,NANDED ICH,L2,Maharashtra Circle,431745,431746
25588,Nashik Road NSH,NANDED ICH,L2,Maharashtra Circle,431750,431750
25588,Nashik Road NSH,NANDED ICH,L2,Maharashtra Circle,431801,431811
25588,Varanasi NSH,Satna ICH,L2,Madhya Pradesh Circle,485001,485881
25588,Varanasi NSH,Satna ICH,L2,Madhya Pradesh Circle,486001,486556
25588,Varanasi NSH,Satna ICH,L2,Madhya Pradesh Circle,486661,486892
25588,Varanasi NSH,Satna ICH,L2,Madhya Pradesh Circle,488001,488448
25588,Raipur NSH,Bilaspur ICH,L2,Chhattisgarh Circle,495001,495999
25588,Raipur NSH,Raigarh ICH,L2,Chhattisgarh Circle,496001,496999
25588,Raipur NSH,AMBIKAPUR ICH,L2,Chhattisgarh Circle,497001,497999
25588,Hyderabad NSH,ICH Mancherial,L2,Telangana Circle,504001,504002
25588,Hyderabad NSH,ICH Mancherial,L2,Telangana Circle,504101,504107
25588,Hyderabad NSH,ICH Mancherial,L2,Telangana Circle,504109,504110
25588,Hyderabad NSH,ICH Mancherial,L2,Telangana Circle,504201,504209
25588,Hyderabad NSH,ICH Mancherial,L2,Telangana Circle,504214,504216
25588,Hyderabad NSH,ICH Mancherial,L2,Telangana Circle,504218,504220
25588,Hyderabad NSH,ICH Mancherial,L2,Telangana Circle,504231,504231
25588,Hyderabad NSH,ICH Mancherial,L2,Telangana Circle,504251,504251
25588,Hyderabad NSH,ICH Mancherial,L2,Telangana Circle,504272,504273
25588,Hyderabad NSH,ICH Mancherial,L2,Telangana Circle,504292,504297
25588,Hyderabad NSH,ICH Mancherial,L2,Telangana Circle,504299,504299
25588,Hyderabad NSH,ICH Mancherial,L2,Telangana Circle,504301,504304
25588,Hyderabad NSH,ICH Mancherial,L2,Telangana Circle,504306,504313
25588,Hyderabad NSH,ICH Mancherial,L2,Telangana Circle,504323,504323
25588,Hyderabad NSH,ICH Mancherial,L2,Telangana Circle,504346,504346
25588,Hyderabad NSH,ICH Karimnagar,L2,Telangana Circle,505001,505999
25588,Hyderabad NSH,ICH Khammam,L2,Telangana Circle,507001,507999
25588,Tirupathi NSH,Anantapur ICH,L2,Andhra Pradesh Circle,515001,515872
25588,Tirupathi NSH,Cuddapah ICH,L2,Andhra Pradesh Circle,516001,516505
25588,Bengaluru NSH,DAVANAGERE ICH,L2,Karnataka Circle,577001,577008
25588,Bengaluru NSH,SHIVAMOGGA ICH,L2,Karnataka Circle,577201,577245
25588,Bengaluru NSH,DAVANAGERE ICH,L2,Karnataka Circle,577213,577225
25588,Bengaluru NSH,SHIVAMOGGA ICH,L2,Karnataka Circle,577401,577453
25588,Bengaluru NSH,DAVANAGERE ICH,L2,Karnataka Circle,577501,577599
25588,Madurai NSH,Nagercoil ICH,L2,Tamilnadu Circle,629001,629004
25588,Madurai NSH,Nagercoil ICH,L2,Tamilnadu Circle,629101,629102
25588,Madurai NSH,Nagercoil ICH,L2,Tamilnadu Circle,629151,629180
25588,Madurai NSH,Nagercoil ICH,L2,Tamilnadu Circle,629193,629193
25588,Madurai NSH,Nagercoil ICH,L2,Tamilnadu Circle,629201,629204
25588,Madurai NSH,Nagercoil ICH,L2,Tamilnadu Circle,629251,629252
25588,Madurai NSH,Nagercoil ICH,L2,Tamilnadu Circle,629301,629302
25588,Madurai NSH,Nagercoil ICH,L2,Tamilnadu Circle,629401,629403
25588,Madurai NSH,Nagercoil ICH,L2,Tamilnadu Circle,629501,629502
25588,Madurai NSH,Nagercoil ICH,L2,Tamilnadu Circle,629601,629602
25588,Madurai NSH,Nagercoil ICH,L2,Tamilnadu Circle,629701,629704
25588,Madurai NSH,Nagercoil ICH,L2,Tamilnadu Circle,629801,629804
25588,Madurai NSH,Nagercoil ICH,L2,Tamilnadu Circle,629809,629810
25588,Madurai NSH,Nagercoil ICH,L2,Tamilnadu Circle,629851,629852
25588,Madurai NSH,Nagercoil ICH,L2,Tamilnadu Circle,629901,629901
25588,Coimbatore NSH,Palakkad ICH,L2,Kerala Circle,678001,678762
25588,Coimbatore NSH,Palakkad ICH,L2,Kerala Circle,679101,679104
25588,Coimbatore NSH,Palakkad ICH,L2,Kerala Circle,679121,679123
25588,Coimbatore NSH,Palakkad ICH,L2,Kerala Circle,679301,679302
25588,Coimbatore NSH,Palakkad ICH,L2,Kerala Circle,679313,679313
25588,Coimbatore NSH,Palakkad ICH,L2,Kerala Circle,679335,679335
25588,Coimbatore NSH,Palakkad ICH,L2,Kerala Circle,679336,679337
25588,Coimbatore NSH,Palakkad ICH,L2,Kerala Circle,679501,679522
25588,Coimbatore NSH,Palakkad ICH,L2,Kerala Circle,679523,679523
25588,Coimbatore NSH,Palakkad ICH,L2,Kerala Circle,679533,679536
25588,Coimbatore NSH,Palakkad ICH,L2,Kerala Circle,679551,679554
25588,Kolkata NSH,Asansol ICH,L2,West Bengal Circle,713301,713305
25588,Kolkata NSH,Asansol ICH,L2,West Bengal Circle,713315,713315
25588,Kolkata NSH,Asansol ICH,L2,West Bengal Circle,713321,713326
25588,Kolkata NSH,Asansol ICH,L2,West Bengal Circle,713330,713344
25588,Kolkata NSH,Asansol ICH,L2,West Bengal Circle,713346,713347
25588,Kolkata NSH,Asansol ICH,L2,West Bengal Circle,713357,713365
25588,Kolkata NSH,Asansol ICH,L2,West Bengal Circle,713369,713373
25588,Kolkata NSH,Asansol ICH,L2,West Bengal Circle,713376,713376
25588,Kolkata NSH,Asansol ICH,L2,West Bengal Circle,713378,713378
25588,Kolkata NSH,Asansol ICH,L2,West Bengal Circle,713381,713381
25588,Kolkata NSH,Asansol ICH,L2,West Bengal Circle,713384,713384
25588,Kolkata NSH,Asansol ICH,L2,West Bengal Circle,713385,713385
25588,Kolkata NSH,Asansol ICH,L2,West Bengal Circle,713386,713386
25588,Guwahati NSH,Jorhat ICH,L2,Assam Circle,785001,785001
25588,Guwahati NSH,Jorhat ICH,L2,Assam Circle,785004,785010
25588,Guwahati NSH,Jorhat ICH,L2,Assam Circle,785013,785015
25588,Guwahati NSH,Jorhat ICH,L2,Assam Circle,785101,785102
25588,Guwahati NSH,Jorhat ICH,L2,Assam Circle,785104,785108
25588,Guwahati NSH,Jorhat ICH,L2,Assam Circle,785110,785112
25588,Guwahati NSH,Jorhat ICH,L2,Assam Circle,785601,785603
25588,Guwahati NSH,Jorhat ICH,L2,Assam Circle,785609,785616
25588,Guwahati NSH,Jorhat ICH,L2,Assam Circle,785618,785619
25588,Guwahati NSH,Jorhat ICH,L2,Assam Circle,785621,785622
25588,Guwahati NSH,Jorhat ICH,L2,Assam Circle,785625,785626
25588,Guwahati NSH,Jorhat ICH,L2,Assam Circle,785630,785636
25588,Guwahati NSH,Jorhat ICH,L2,Assam Circle,785640,785640
25588,Guwahati NSH,Jorhat ICH,L2,Assam Circle,785661,785667
25588,Guwahati NSH,Jorhat ICH,L2,Assam Circle,785669,785674
25588,Guwahati NSH,Jorhat ICH,L2,Assam Circle,785680,785686
25588,Guwahati NSH,Jorhat ICH,L2,Assam Circle,785688,785693
25588,Guwahati NSH,Jorhat ICH,L2,Assam Circle,785696,785701
25588,Guwahati NSH,Jorhat ICH,L2,Assam Circle,785703,785705
25588,Guwahati NSH,Jorhat ICH,L2,Assam Circle,785720,785720
25588,Patna NSH,ICH SAHARSA,L2,Bihar Circle,852201,852221
25588,Patna NSH,ICH KATIHAR,L2,Bihar Circle,854101,854110
25588,Patna NSH,ICH KATIHAR,L2,Bihar Circle,854112,854117
25588,Patna NSH,ICH KATIHAR,L2,Bihar Circle,854201,854206
25588,Patna NSH,ICH KATIHAR,L2,Bihar Circle,854301,854306
25588,Patna NSH,ICH KATIHAR,L2,Bihar Circle,854311,854312
25588,Patna NSH,ICH KATIHAR,L2,Bihar Circle,854315,854318
25588,Patna NSH,ICH KATIHAR,L2,Bihar Circle,854325,854337
25588,Patna NSH,ICH SAHARSA,L2,Bihar Circle,854338,854340
25588,Patna NSH,ICH KATIHAR,L2,Bihar Circle,855101,855102
25588,Patna NSH,ICH KATIHAR,L2,Bihar Circle,855105,855108
25588,Patna NSH,ICH KATIHAR,L2,Bihar Circle,855113,855117
25588,Jalandhar ICH,Amritsar ICH,L2,Punjab Circle,143006,143006
25588,Jalandhar ICH,Amritsar ICH,L2,Punjab Circle,143008,143008
25588,New Delhi NSH,ICH Leh,L2,Jammu and Kashmir Circle,194000,194999
25588,New Delhi NSH,ICH Leh,L2,Jammu and Kashmir Circle,194101,194101
25588,New Delhi NSH,ICH Leh,L2,Jammu and Kashmir Circle,194102,194104
25588,New Delhi NSH,ICH Leh,L2,Jammu and Kashmir Circle,194106,194107
25588,New Delhi NSH,ICH Leh,L2,Jammu and Kashmir Circle,194109,194109
25588,New Delhi NSH,ICH Leh,L2,Jammu and Kashmir Circle,194201,194202
25588,New Delhi NSH,ICH Leh,L2,Jammu and Kashmir Circle,194301,194303
25588,New Delhi NSH,ICH Leh,L2,Jammu and Kashmir Circle,194401,194401
25588,Bareilly ICH,Moradabad ICH,L2,Uttar Pradesh Circle,244000,244699
25588,Bareilly ICH,Moradabad ICH,L2,Uttar Pradesh Circle,244700,244711
25588,Dehradun NSH,Rudrapur ICH,L2,Uttarakhand Circle,244712,244717
25588,Bareilly ICH,Moradabad ICH,L2,Uttar Pradesh Circle,244718,244799
25588,Bareilly ICH,Moradabad ICH,L2,Uttar Pradesh Circle,244800,244999
25588,Dehradun NSH,Rudrapur ICH,L2,Uttarakhand Circle,262308,262311
25588,Dehradun NSH,Rudrapur ICH,L2,Uttarakhand Circle,262401,262405
25588,Dehradun NSH,Rudrapur ICH,L2,Uttarakhand Circle,262500,262599
25588,Dehradun NSH,Rudrapur ICH,L2,Uttarakhand Circle,263000,263999
25588,Dehradun NSH,Rudrapur ICH,L2,Uttarakhand Circle,263001,263001
25588,Dehradun NSH,Rudrapur ICH,L2,Uttarakhand Circle,263126,263160
25588,Jaipur NSH,Ajmer ICH,L2,Rajasthan Circle,305001,305025
25588,Jaipur NSH,Ajmer ICH,L2,Rajasthan Circle,305027,305920
25588,Jaipur NSH,Ajmer ICH,L2,Rajasthan Circle,305922,305999
25588,Jaipur NSH,Ajmer ICH,L2,Rajasthan Circle,306000,314999
25588,Jaipur NSH,Ajmer ICH,L2,Rajasthan Circle,311001,311001
25588,Jaipur NSH,Ajmer ICH,L2,Rajasthan Circle,311011,311011
25588,Jaipur NSH,Ajmer ICH,L2,Rajasthan Circle,311021,311026
25588,Jaipur NSH,Ajmer ICH,L2,Rajasthan Circle,311030,311030
25588,Jaipur NSH,Ajmer ICH,L2,Rajasthan Circle,311201,311204
25588,Jaipur NSH,Ajmer ICH,L2,Rajasthan Circle,311301,311302
25588,Jaipur NSH,Ajmer ICH,L2,Rajasthan Circle,311401,311404
25588,Jaipur NSH,Ajmer ICH,L2,Rajasthan Circle,311407,311408
25588,Jaipur NSH,Ajmer ICH,L2,Rajasthan Circle,311601,311606
25588,Jaipur NSH,Ajmer ICH,L2,Rajasthan Circle,311801,311806
25588,Jaipur NSH,Ajmer ICH,L2,Rajasthan Circle,312001,312001
25588,Jaipur NSH,Ajmer ICH,L2,Rajasthan Circle,312021,312024
25588,Jaipur NSH,Ajmer ICH,L2,Rajasthan Circle,312027,312027
25588,Jaipur NSH,Ajmer ICH,L2,Rajasthan Circle,312201,312207
25588,Jaipur NSH,Ajmer ICH,L2,Rajasthan Circle,312401,312404
25588,Jaipur NSH,Ajmer ICH,L2,Rajasthan Circle,312601,312606
25588,Jaipur NSH,Ajmer ICH,L2,Rajasthan Circle,312612,312617
25588,Jaipur NSH,Ajmer ICH,L2,Rajasthan Circle,312619,312620
25588,Jaipur NSH,Ajmer ICH,L2,Rajasthan Circle,312622,312627
25588,Jaipur NSH,Ajmer ICH,L2,Rajasthan Circle,312901,312901
25588,Jaipur NSH,Ajmer ICH,L2,Rajasthan Circle,327000,327999
25588,Jaipur NSH,Ajmer ICH,L2,Rajasthan Circle,343000,343999
25588,Nashik Road NSH,Chhatrapati Sambhajinagar ICH,L2,Maharashtra Circle,413207,413207
25588,Nashik Road NSH,Chhatrapati Sambhajinagar ICH,L2,Maharashtra Circle,413229,413229
25588,Nashik Road NSH,Chhatrapati Sambhajinagar ICH,L2,Maharashtra Circle,413249,413249
25588,Nashik Road NSH,Chhatrapati Sambhajinagar ICH,L2,Maharashtra Circle,414202,414205
25588,Nashik Road NSH,Chhatrapati Sambhajinagar ICH,L2,Maharashtra Circle,414208,414208
25588,Nashik Road NSH,Chhatrapati Sambhajinagar ICH,L2,Maharashtra Circle,423700,423999
25588,Nashik Road NSH,Chhatrapati Sambhajinagar ICH,L2,Maharashtra Circle,423701,423703
25588,Nashik Road NSH,Chhatrapati Sambhajinagar ICH,L2,Maharashtra Circle,431000,431999
25588,Nashik Road NSH,Chhatrapati Sambhajinagar ICH,L2,Maharashtra Circle,431001,431011
25588,Nashik Road NSH,Chhatrapati Sambhajinagar ICH,L2,Maharashtra Circle,431101,431105
25588,Nashik Road NSH,Chhatrapati Sambhajinagar ICH,L2,Maharashtra Circle,431107,431107
25588,Nashik Road NSH,Chhatrapati Sambhajinagar ICH,L2,Maharashtra Circle,431109,431118
25588,Nashik Road NSH,Chhatrapati Sambhajinagar ICH,L2,Maharashtra Circle,431120,431132
25588,Nashik Road NSH,Chhatrapati Sambhajinagar ICH,L2,Maharashtra Circle,431133,431133
25588,Nashik Road NSH,Chhatrapati Sambhajinagar ICH,L2,Maharashtra Circle,431134,431135
25588,Nashik Road NSH,Chhatrapati Sambhajinagar ICH,L2,Maharashtra Circle,431136,431136
25588,Nashik Road NSH,Chhatrapati Sambhajinagar ICH,L2,Maharashtra Circle,431137,431137
25588,Nashik Road NSH,Chhatrapati Sambhajinagar ICH,L2,Maharashtra Circle,431142,431144
25588,Nashik Road NSH,Chhatrapati Sambhajinagar ICH,L2,Maharashtra Circle,431147,431148
25588,Nashik Road NSH,Chhatrapati Sambhajinagar ICH,L2,Maharashtra Circle,431150,431154
25588,Nashik Road NSH,Chhatrapati Sambhajinagar ICH,L2,Maharashtra Circle,431202,431209
25588,Nashik Road NSH,Chhatrapati Sambhajinagar ICH,L2,Maharashtra Circle,431211,431214
25588,Bhopal NSH,Jabalpur ICH,L2,Madhya Pradesh Circle,480000,488999
25588,Bhopal NSH,Jabalpur ICH,L2,Madhya Pradesh Circle,480661,480661
25588,Bhopal NSH,Jabalpur ICH,L2,Madhya Pradesh Circle,480667,480667
25588,Bhopal NSH,Jabalpur ICH,L2,Madhya Pradesh Circle,480771,480771
25588,Bhopal NSH,Jabalpur ICH,L2,Madhya Pradesh Circle,480880,480882
25588,Bhopal NSH,Jabalpur ICH,L2,Madhya Pradesh Circle,480884,480884
25588,Bhopal NSH,Jabalpur ICH,L2,Madhya Pradesh Circle,480886,480888
25588,Bhopal NSH,Jabalpur ICH,L2,Madhya Pradesh Circle,480990,480991
25588,Bhopal NSH,Jabalpur ICH,L2,Madhya Pradesh Circle,480994,480994
25588,Bhopal NSH,Jabalpur ICH,L2,Madhya Pradesh Circle,480996,480997
25588,Bhopal NSH,Jabalpur ICH,L2,Madhya Pradesh Circle,480999,480999
25588,Bhopal NSH,Jabalpur ICH,L2,Madhya Pradesh Circle,481661,481661
25588,Bhopal NSH,Jabalpur ICH,L2,Madhya Pradesh Circle,481662,481666
25588,Bhopal NSH,Jabalpur ICH,L2,Madhya Pradesh Circle,481668,481668
25588,Bhopal NSH,Jabalpur ICH,L2,Madhya Pradesh Circle,481672,481672
25588,Bhopal NSH,Jabalpur ICH,L2,Madhya Pradesh Circle,481768,481768
25588,Bhopal NSH,Jabalpur ICH,L2,Madhya Pradesh Circle,481771,481771
25588,Bhopal NSH,Jabalpur ICH,L2,Madhya Pradesh Circle,481776,481776
25588,Bhopal NSH,Jabalpur ICH,L2,Madhya Pradesh Circle,481778,481778
25588,Bhopal NSH,Jabalpur ICH,L2,Madhya Pradesh Circle,481879,481880
25588,Bhopal NSH,Jabalpur ICH,L2,Madhya Pradesh Circle,481882,481884
25588,Bhopal NSH,Jabalpur ICH,L2,Madhya Pradesh Circle,481885,481885
25588,Bhopal NSH,Jabalpur ICH,L2,Madhya Pradesh Circle,481990,481990
25588,Bhopal NSH,Jabalpur ICH,L2,Madhya Pradesh Circle,481995,481996
25588,Bhopal NSH,Jabalpur ICH,L2,Madhya Pradesh Circle,481998,481998
25588,Bhopal NSH,Jabalpur ICH,L2,Madhya Pradesh Circle,482001,482005
25588,Bhopal NSH,Jabalpur ICH,L2,Madhya Pradesh Circle,482008,482011
25588,Bhopal NSH,Jabalpur ICH,L2,Madhya Pradesh Circle,482020,482021
25588,Bhopal NSH,Jabalpur ICH,L2,Madhya Pradesh Circle,482051,482051
25588,Bhopal NSH,Jabalpur ICH,L2,Madhya Pradesh Circle,482056,482056
25588,Bhopal NSH,Jabalpur ICH,L2,Madhya Pradesh Circle,483001,483001
25588,Bhopal NSH,Jabalpur ICH,L2,Madhya Pradesh Circle,483053,483053
25588,Bhopal NSH,Jabalpur ICH,L2,Madhya Pradesh Circle,483105,483105
25588,Bhopal NSH,Jabalpur ICH,L2,Madhya Pradesh Circle,483110,483110
25588,Bhopal NSH,Jabalpur ICH,L2,Madhya Pradesh Circle,483113,483113
25588,Bhopal NSH,Jabalpur ICH,L2,Madhya Pradesh Circle,483119,483220
25588,Bhopal NSH,Jabalpur ICH,L2,Madhya Pradesh Circle,487001,487001
25588,Bhopal NSH,Jabalpur ICH,L2,Madhya Pradesh Circle,487110,487110
25588,Bhopal NSH,Jabalpur ICH,L2,Madhya Pradesh Circle,487114,487114
25588,Bhopal NSH,Jabalpur ICH,L2,Madhya Pradesh Circle,487118,487118
25588,Bhopal NSH,Jabalpur ICH,L2,Madhya Pradesh Circle,487221,487221
25588,Bhopal NSH,Jabalpur ICH,L2,Madhya Pradesh Circle,487225,487225
25588,Bhopal NSH,Jabalpur ICH,L2,Madhya Pradesh Circle,487330,487330
25588,Bhopal NSH,Jabalpur ICH,L2,Madhya Pradesh Circle,487334,487334
25588,Bhopal NSH,Jabalpur ICH,L2,Madhya Pradesh Circle,487337,487337
25588,Bhopal NSH,Jabalpur ICH,L2,Madhya Pradesh Circle,487441,487441
25588,Bhopal NSH,Jabalpur ICH,L2,Madhya Pradesh Circle,487551,487551
25588,Bhopal NSH,Jabalpur ICH,L2,Madhya Pradesh Circle,487555,487555
25588,Raipur NSH,BILASPUR NSH,L2,Chhattisgarh Circle,495000,497999
25588,Hyderabad NSH,ICH Warangal,L2,Telangana Circle,504000,506999
25588,Hyderabad NSH,ICH Warangal,L2,Telangana Circle,506001,506009
25588,Hyderabad NSH,ICH Warangal,L2,Telangana Circle,506011,506011
25588,Hyderabad NSH,ICH Warangal,L2,Telangana Circle,506013,506013
25588,Hyderabad NSH,ICH Warangal,L2,Telangana Circle,506015,506015
25588,Hyderabad NSH,ICH Warangal,L2,Telangana Circle,506101,506105
25588,Hyderabad NSH,ICH Warangal,L2,Telangana Circle,506112,506112
25588,Hyderabad NSH,ICH Warangal,L2,Telangana Circle,506122,506122
25588,Hyderabad NSH,ICH Warangal,L2,Telangana Circle,506132,506132
25588,Hyderabad NSH,ICH Warangal,L2,Telangana Circle,506134,506135
25588,Hyderabad NSH,ICH Warangal,L2,Telangana Circle,506142,506146
25588,Hyderabad NSH,ICH Warangal,L2,Telangana Circle,506151,506151
25588,Hyderabad NSH,ICH Warangal,L2,Telangana Circle,506163,506170
25588,Hyderabad NSH,ICH Warangal,L2,Telangana Circle,506172,506172
25588,Hyderabad NSH,ICH Warangal,L2,Telangana Circle,506175,506175
25588,Hyderabad NSH,ICH Warangal,L2,Telangana Circle,506201,506201
25588,Hyderabad NSH,ICH Warangal,L2,Telangana Circle,506221,506224
25588,Hyderabad NSH,ICH Warangal,L2,Telangana Circle,506244,506244
25588,Hyderabad NSH,ICH Warangal,L2,Telangana Circle,506252,506252
25588,Hyderabad NSH,ICH Warangal,L2,Telangana Circle,506301,506303
25588,Hyderabad NSH,ICH Warangal,L2,Telangana Circle,506310,506310
25588,Hyderabad NSH,ICH Warangal,L2,Telangana Circle,506313,506319
25588,Hyderabad NSH,ICH Warangal,L2,Telangana Circle,506324,506325
25588,Hyderabad NSH,ICH Warangal,L2,Telangana Circle,506329,506333
25588,Hyderabad NSH,ICH Warangal,L2,Telangana Circle,506342,506345
25588,Hyderabad NSH,ICH Warangal,L2,Telangana Circle,506347,506350
25588,Hyderabad NSH,ICH Warangal,L2,Telangana Circle,506352,506352
25588,Hyderabad NSH,ICH Warangal,L2,Telangana Circle,506355,506356
25588,Hyderabad NSH,ICH Warangal,L2,Telangana Circle,506365,506371
25588,Hyderabad NSH,ICH Warangal,L2,Telangana Circle,506381,506381
25588,Hyderabad NSH,ICH Warangal,L2,Telangana Circle,506391,506391
25588,Hyderabad NSH,ICH Warangal,L2,Telangana Circle,507000,507999
25588,Tirupathi NSH,Kurnool ICH,L2,Andhra Pradesh Circle,515000,515999
25588,Tirupathi NSH,Kurnool ICH,L2,Andhra Pradesh Circle,518000,518999
25588,Tirupathi NSH,Kurnool ICH,L2,Andhra Pradesh Circle,518001,518008
25588,Tirupathi NSH,Kurnool ICH,L2,Andhra Pradesh Circle,518010,518999
25588,Bengaluru NSH,Arsikere ICH,L2,Karnataka Circle,573000,573999
25588,Bengaluru NSH,Arsikere ICH,L2,Karnataka Circle,573101,573226
25588,Bengaluru NSH,Arsikere ICH,L2,Karnataka Circle,577000,577999
25588,Bengaluru NSH,Arsikere ICH,L2,Karnataka Circle,577009,577100
25588,Bengaluru NSH,Arsikere ICH,L2,Karnataka Circle,577101,577114
25588,Bengaluru NSH,Arsikere ICH,L2,Karnataka Circle,577212,577212
25588,Bengaluru NSH,Arsikere ICH,L2,Karnataka Circle,577226,577452
25588,Bengaluru NSH,Arsikere ICH,L2,Karnataka Circle,577454,577500
25588,Madurai NSH,Tirunelveli ICH,L2,Tamilnadu Circle,627000,627999
25588,Madurai NSH,Tirunelveli ICH,L2,Tamilnadu Circle,627001,627011
25588,Madurai NSH,Tirunelveli ICH,L2,Tamilnadu Circle,627101,627102
25588,Madurai NSH,Tirunelveli ICH,L2,Tamilnadu Circle,627104,627118
25588,Madurai NSH,Tirunelveli ICH,L2,Tamilnadu Circle,627120,627120
25588,Madurai NSH,Tirunelveli ICH,L2,Tamilnadu Circle,627127,627127
25588,Madurai NSH,Tirunelveli ICH,L2,Tamilnadu Circle,627133,627133
25588,Madurai NSH,Tirunelveli ICH,L2,Tamilnadu Circle,627151,627152
25588,Madurai NSH,Tirunelveli ICH,L2,Tamilnadu Circle,627201,627202
25588,Madurai NSH,Tirunelveli ICH,L2,Tamilnadu Circle,627351,627355
25588,Madurai NSH,Tirunelveli ICH,L2,Tamilnadu Circle,627357,627359
25588,Madurai NSH,Tirunelveli ICH,L2,Tamilnadu Circle,627401,627401
25588,Madurai NSH,Tirunelveli ICH,L2,Tamilnadu Circle,627412,627416
25588,Madurai NSH,Tirunelveli ICH,L2,Tamilnadu Circle,627421,627421
25588,Madurai NSH,Tirunelveli ICH,L2,Tamilnadu Circle,627423,627426
25588,Madurai NSH,Tirunelveli ICH,L2,Tamilnadu Circle,627451,627453
25588,Madurai NSH,Tirunelveli ICH,L2,Tamilnadu Circle,627501,627502
25588,Madurai NSH,Tirunelveli ICH,L2,Tamilnadu Circle,627601,627604
25588,Madurai NSH,Tirunelveli ICH,L2,Tamilnadu Circle,627651,627652
25588,Madurai NSH,Tirunelveli ICH,L2,Tamilnadu Circle,627654,627654
25588,Madurai NSH,Tirunelveli ICH,L2,Tamilnadu Circle,627657,627657
25588,Madurai NSH,Tirunelveli ICH,L2,Tamilnadu Circle,627713,627713
25588,Madurai NSH,Tirunelveli ICH,L2,Tamilnadu Circle,627719,627719
25588,Madurai NSH,Tirunelveli ICH,L2,Tamilnadu Circle,627751,627751
25588,Madurai NSH,Tirunelveli ICH,L2,Tamilnadu Circle,627753,627761
25588,Madurai NSH,Tirunelveli ICH,L2,Tamilnadu Circle,627764,627764
25588,Madurai NSH,Tirunelveli ICH,L2,Tamilnadu Circle,627802,627809
25588,Madurai NSH,Tirunelveli ICH,L2,Tamilnadu Circle,627811,627814
25588,Madurai NSH,Tirunelveli ICH,L2,Tamilnadu Circle,627818,627818
25588,Madurai NSH,Tirunelveli ICH,L2,Tamilnadu Circle,627851,627862
25588,Madurai NSH,Tirunelveli ICH,L2,Tamilnadu Circle,627951,627951
25588,Madurai NSH,Tirunelveli ICH,L2,Tamilnadu Circle,627953,627953
25588,Madurai NSH,Tirunelveli ICH,L2,Tamilnadu Circle,629000,629999
25588,Kochi NSH,Thrissur ICH,L2,Kerala Circle,678000,680999
25588,Kochi NSH,Thrissur ICH,L2,Kerala Circle,679105,679106
25588,Kochi NSH,Thrissur ICH,L2,Kerala Circle,679321,679327
25588,Kochi NSH,Thrissur ICH,L2,Kerala Circle,679338,679341
25588,Kochi NSH,Thrissur ICH,L2,Kerala Circle,679357,679357
25588,Kochi NSH,Thrissur ICH,L2,Kerala Circle,679531,679532
25588,Kochi NSH,Thrissur ICH,L2,Kerala Circle,679561,679564
25588,Kochi NSH,Thrissur ICH,L2,Kerala Circle,680001,680009
25588,Kochi NSH,Thrissur ICH,L2,Kerala Circle,680010,680010
25588,Kochi NSH,Thrissur ICH,L2,Kerala Circle,680011,680011
25588,Kochi NSH,Thrissur ICH,L2,Kerala Circle,680012,680014
25588,Kochi NSH,Thrissur ICH,L2,Kerala Circle,680020,680022
25588,Kochi NSH,Thrissur ICH,L2,Kerala Circle,680026,680026
25588,Kochi NSH,Thrissur ICH,L2,Kerala Circle,680027,680028
25588,Kochi NSH,Thrissur ICH,L2,Kerala Circle,680051,680051
25588,Kochi NSH,Thrissur ICH,L2,Kerala Circle,680101,680104
25588,Kochi NSH,Thrissur ICH,L2,Kerala Circle,680121,680125
25588,Kochi NSH,Thrissur ICH,L2,Kerala Circle,680301,680312
25588,Kochi NSH,Thrissur ICH,L2,Kerala Circle,680317,680317
25588,Kochi NSH,Thrissur ICH,L2,Kerala Circle,680501,680524
25588,Kochi NSH,Thrissur ICH,L2,Kerala Circle,680541,680546
25588,Kochi NSH,Thrissur ICH,L2,Kerala Circle,680551,680553
25588,Kochi NSH,Thrissur ICH,L2,Kerala Circle,680555,680555
25588,Kochi NSH,Thrissur ICH,L2,Kerala Circle,680561,680571
25588,Kochi NSH,Thrissur ICH,L2,Kerala Circle,680581,680581
25588,Kochi NSH,Thrissur ICH,L2,Kerala Circle,680583,680591
25588,Kochi NSH,Thrissur ICH,L2,Kerala Circle,680594,680594
25588,Kochi NSH,Thrissur ICH,L2,Kerala Circle,680596,680596
25588,Kochi NSH,Thrissur ICH,L2,Kerala Circle,680601,680602
25588,Kochi NSH,Thrissur ICH,L2,Kerala Circle,680604,680604
25588,Kochi NSH,Thrissur ICH,L2,Kerala Circle,680611,680620
25588,Kochi NSH,Thrissur ICH,L2,Kerala Circle,680631,680631
25588,Kochi NSH,Thrissur ICH,L2,Kerala Circle,680641,680642
25588,Kochi NSH,Thrissur ICH,L2,Kerala Circle,680661,680671
25588,Kochi NSH,Thrissur ICH,L2,Kerala Circle,680681,680689
25588,Kochi NSH,Thrissur ICH,L2,Kerala Circle,680691,680691
25588,Kochi NSH,Thrissur ICH,L2,Kerala Circle,680697,680697
25588,Kochi NSH,Thrissur ICH,L2,Kerala Circle,680699,680699
25588,Kochi NSH,Thrissur ICH,L2,Kerala Circle,680701,680703
25588,Kochi NSH,Thrissur ICH,L2,Kerala Circle,680711,680712
25588,Kochi NSH,Thrissur ICH,L2,Kerala Circle,680721,680722
25588,Kochi NSH,Thrissur ICH,L2,Kerala Circle,680724,680724
25588,Kochi NSH,Thrissur ICH,L2,Kerala Circle,680731,680734
25588,Kochi NSH,Thrissur ICH,L2,Kerala Circle,680741,680741
25588,Kochi NSH,Thrissur ICH,L2,Kerala Circle,680751,680751
25588,Kolkata NSH,Burdwan ICH,L2,West Bengal Circle,713000,713999
25588,Kolkata NSH,Burdwan ICH,L2,West Bengal Circle,713101,713101
25588,Kolkata NSH,Burdwan ICH,L2,West Bengal Circle,713102,713102
25588,Kolkata NSH,Burdwan ICH,L2,West Bengal Circle,713103,713104
25588,Kolkata NSH,Burdwan ICH,L2,West Bengal Circle,713121,713122
25588,Kolkata NSH,Burdwan ICH,L2,West Bengal Circle,713140,713154
25588,Kolkata NSH,Burdwan ICH,L2,West Bengal Circle,713166,713166
25588,Kolkata NSH,Burdwan ICH,L2,West Bengal Circle,713201,713217
25588,Kolkata NSH,Burdwan ICH,L2,West Bengal Circle,713401,713401
25588,Kolkata NSH,Burdwan ICH,L2,West Bengal Circle,713403,713409
25588,Kolkata NSH,Burdwan ICH,L2,West Bengal Circle,713420,713424
25588,Kolkata NSH,Burdwan ICH,L2,West Bengal Circle,713426,713428
25588,Kolkata NSH,Burdwan ICH,L2,West Bengal Circle,713502,713502
25588,Kolkata NSH,Burdwan ICH,L2,West Bengal Circle,713512,713515
25588,Kolkata NSH,Burdwan ICH,L2,West Bengal Circle,713519,713520
25588,Bhubaneswar NSH,Rourkela ICH,L2,Odisha Circle,769001,769006
25588,Bhubaneswar NSH,Rourkela ICH,L2,Odisha Circle,769007,769007
25588,Bhubaneswar NSH,Rourkela ICH,L2,Odisha Circle,769008,769015
25588,Bhubaneswar NSH,Rourkela ICH,L2,Odisha Circle,769016,769016
25588,Bhubaneswar NSH,Rourkela ICH,L2,Odisha Circle,769042,769042
25588,Bhubaneswar NSH,Rourkela ICH,L2,Odisha Circle,769043,769043
25588,Bhubaneswar NSH,Rourkela ICH,L2,Odisha Circle,770016,770018
25588,Bhubaneswar NSH,Rourkela ICH,L2,Odisha Circle,770023,770023
25588,Bhubaneswar NSH,Rourkela ICH,L2,Odisha Circle,770031,770044
25588,Bhubaneswar NSH,Rourkela ICH,L2,Odisha Circle,770046,770046
25588,Bhubaneswar NSH,Rourkela ICH,L2,Odisha Circle,770048,770048
25588,Bhubaneswar NSH,Rourkela ICH,L2,Odisha Circle,770051,770052
25588,Bhubaneswar NSH,Rourkela ICH,L2,Odisha Circle,770070,770070
25588,Guwahati NSH,Dibrugarh ICH,L2,Assam Circle,786001,786012
25588,Guwahati NSH,Dibrugarh ICH,L2,Assam Circle,786101,786103
25588,Guwahati NSH,Dibrugarh ICH,L2,Assam Circle,786125,786183
25588,Guwahati NSH,Dibrugarh ICH,L2,Assam Circle,786184,786184
25588,Guwahati NSH,Dibrugarh ICH,L2,Assam Circle,786187,786192
25588,Guwahati NSH,Dibrugarh ICH,L2,Assam Circle,786601,786692
25588,Guwahati NSH,Dibrugarh ICH,L2,Assam Circle,787000,787999
25588,Guwahati NSH,Dibrugarh ICH,L2,Assam Circle,792000,792999
25588,Guwahati NSH,Aizawl ICH,L2,North Eastern Circle,796001,796999
25588,Ranchi NSH,Jamshedpur ICH,L2,Jharkhand Circle,831000,833999
25588,Ranchi NSH,Jamshedpur ICH,L2,Jharkhand Circle,831002,831021
25588,Ranchi NSH,Jamshedpur ICH,L2,Jharkhand Circle,832101,832113
25588,Ranchi NSH,Jamshedpur ICH,L2,Jharkhand Circle,832301,832304
25588,Bengaluru NSH,SHIVAMOGGA ICH,L2,Karnataka Circle,577301,577302
25588,Bengaluru NSH,SHIVAMOGGA ICH,L2,Karnataka Circle,577211,577216
25588,Bengaluru NSH,SHIVAMOGGA ICH,L2,Karnataka Circle,577243,577243
25588,Bengaluru NSH,SHIVAMOGGA ICH,L2,Karnataka Circle,577227,577227
25588,Ahmedabad NSH,Vadodara ICH,L1,Gujarat Circle,390000,390999
25588,Ahmedabad NSH,Vadodara ICH,L1,Gujarat Circle,390001,390999
25588,Ahmedabad NSH,Vadodara ICH,L1,Gujarat Circle,391001,391799
25588,Ahmedabad NSH,Vadodara ICH,L1,Gujarat Circle,391100,391799
25588,Surat NSH,Bharuch ICH,L2,Gujarat Circle,391800,391999
25588,Surat NSH,Bharuch ICH,L2,Gujarat Circle,392001,392001
25588,Surat NSH,Bharuch ICH,L2,Gujarat Circle,392011,392011
25588,Surat NSH,Bharuch ICH,L2,Gujarat Circle,392012,392012
25588,Surat NSH,Bharuch ICH,L2,Gujarat Circle,392015,392015
25588,Surat NSH,Bharuch ICH,L2,Gujarat Circle,392016,393999
25588,Surat NSH,Bharuch ICH,L2,Gujarat Circle,394115,394116
25588,Surat NSH,Bharuch ICH,L2,Gujarat Circle,394801,394999
25588,Ahmedabad NSH,Anand ICH,L2,Gujarat Circle,387001,387999
25588,Ahmedabad NSH,Anand ICH,L2,Gujarat Circle,388001,388269
25588,Ahmedabad NSH,Godhra ICH,L2,Gujarat Circle,388270,388270
25588,Ahmedabad NSH,Anand ICH,L2,Gujarat Circle,388271,388709
25588,Ahmedabad NSH,Godhra ICH,L2,Gujarat Circle,388710,388710
25588,Ahmedabad NSH,Anand ICH,L2,Gujarat Circle,388711,388712
25588,Ahmedabad NSH,Godhra ICH,L2,Gujarat Circle,388713,388713
25588,Ahmedabad NSH,Anand ICH,L2,Gujarat Circle,388714,388999
25588,Ahmedabad NSH,Godhra ICH,L2,Gujarat Circle,389001,389999
25588,Jalandhar ICH,Amritsar ICH,L2,Punjab Circle,143009,143009
25588,Jalandhar ICH,Amritsar ICH,L2,Punjab Circle,143022,143022
25588,Jalandhar ICH,Amritsar ICH,L2,Punjab Circle,143101,143101
25588,Jalandhar ICH,Amritsar ICH,L2,Punjab Circle,143102,143102
25588,Jalandhar ICH,Amritsar ICH,L2,Punjab Circle,143103,143103
25588,Jalandhar ICH,Amritsar ICH,L2,Punjab Circle,143105,143105
25588,Jalandhar ICH,Amritsar ICH,L2,Punjab Circle,143107,143107
25588,Jalandhar ICH,Amritsar ICH,L2,Punjab Circle,143108,143108
25588,Jalandhar ICH,Amritsar ICH,L2,Punjab Circle,143109,143109
25588,Jalandhar ICH,Amritsar ICH,L2,Punjab Circle,143111,143111
25588,Jalandhar ICH,Amritsar ICH,L2,Punjab Circle,143112,143112
25588,Jalandhar ICH,Amritsar ICH,L2,Punjab Circle,143113,143113
25588,Jalandhar ICH,Amritsar ICH,L2,Punjab Circle,143114,143114
25588,Jalandhar ICH,Amritsar ICH,L2,Punjab Circle,143115,143115
25588,Jalandhar ICH,Amritsar ICH,L2,Punjab Circle,143116,143116
25588,Jalandhar ICH,Amritsar ICH,L2,Punjab Circle,143117,143117
25588,Jalandhar ICH,Amritsar ICH,L2,Punjab Circle,143118,143118
25588,Jalandhar ICH,Amritsar ICH,L2,Punjab Circle,143119,143119
25588,Jalandhar ICH,Amritsar ICH,L2,Punjab Circle,143149,143149
25588,Jalandhar ICH,Amritsar ICH,L2,Punjab Circle,143201,143201
25588,Jalandhar ICH,Amritsar ICH,L2,Punjab Circle,143202,143202
25588,Jalandhar ICH,Amritsar ICH,L2,Punjab Circle,143203,143203
25588,Jalandhar ICH,Amritsar ICH,L2,Punjab Circle,143204,143204
25588,Jalandhar ICH,Amritsar ICH,L2,Punjab Circle,143205,143205
25588,Jalandhar ICH,Amritsar ICH,L2,Punjab Circle,143301,143301
25588,Jalandhar ICH,Amritsar ICH,L2,Punjab Circle,143302,143302
25588,Jalandhar ICH,Amritsar ICH,L2,Punjab Circle,143303,143303
25588,Jalandhar ICH,Amritsar ICH,L2,Punjab Circle,143304,143304
25588,Jalandhar ICH,Amritsar ICH,L2,Punjab Circle,143305,143305
25588,Jalandhar ICH,Amritsar ICH,L2,Punjab Circle,143401,143401
25588,Jalandhar ICH,Amritsar ICH,L2,Punjab Circle,143402,143402
25588,Jalandhar ICH,Amritsar ICH,L2,Punjab Circle,143406,143406
25588,Jalandhar ICH,Amritsar ICH,L2,Punjab Circle,143407,143407
25588,Jalandhar ICH,Amritsar ICH,L2,Punjab Circle,143408,143408
25588,Jalandhar ICH,Amritsar ICH,L2,Punjab Circle,143409,143409
25588,Jalandhar ICH,Amritsar ICH,L2,Punjab Circle,143410,143410
25588,Jalandhar ICH,Amritsar ICH,L2,Punjab Circle,143411,143411
25588,Jalandhar ICH,Amritsar ICH,L2,Punjab Circle,143412,143412
25588,Jalandhar ICH,Amritsar ICH,L2,Punjab Circle,143413,143413
25588,Jalandhar ICH,Amritsar ICH,L2,Punjab Circle,143414,143414
25588,Jalandhar ICH,Amritsar ICH,L2,Punjab Circle,143415,143415
25588,Jalandhar ICH,Amritsar ICH,L2,Punjab Circle,143416,143416
25588,Jalandhar ICH,Amritsar ICH,L2,Punjab Circle,143419,143419
25588,Jalandhar ICH,Amritsar ICH,L2,Punjab Circle,143422,143422
25588,Jalandhar ICH,Amritsar ICH,L2,Punjab Circle,143501,143501
25588,Jalandhar ICH,Amritsar ICH,L2,Punjab Circle,143502,143502
25588,Jalandhar ICH,Amritsar ICH,L2,Punjab Circle,143504,143504
25588,Jalandhar ICH,Amritsar ICH,L2,Punjab Circle,143505,143505
25588,Jalandhar ICH,Amritsar ICH,L2,Punjab Circle,143506,143506
25588,Jalandhar ICH,Amritsar ICH,L2,Punjab Circle,143507,143507
25588,Jalandhar ICH,Amritsar ICH,L2,Punjab Circle,143511,143511
25588,Jalandhar ICH,Amritsar ICH,L2,Punjab Circle,143512,143512
25588,Jalandhar ICH,Amritsar ICH,L2,Punjab Circle,143513,143513
25588,Jalandhar ICH,Amritsar ICH,L2,Punjab Circle,143514,143514
25588,Jalandhar ICH,Amritsar ICH,L2,Punjab Circle,143515,143515
25588,Jalandhar ICH,Amritsar ICH,L2,Punjab Circle,143516,143516
25588,Jalandhar ICH,Amritsar ICH,L2,Punjab Circle,143517,143517
25588,Jalandhar ICH,Amritsar ICH,L2,Punjab Circle,143518,143518
25588,Jalandhar ICH,Amritsar ICH,L2,Punjab Circle,143519,143519
25588,Jalandhar ICH,Amritsar ICH,L2,Punjab Circle,143520,143520
25588,Jalandhar ICH,Amritsar ICH,L2,Punjab Circle,143521,143521
25588,Jalandhar ICH,Amritsar ICH,L2,Punjab Circle,143525,143525
25588,Jalandhar ICH,Amritsar ICH,L2,Punjab Circle,143526,143526
25588,Jalandhar ICH,Amritsar ICH,L2,Punjab Circle,143527,143527
25588,Jalandhar ICH,Amritsar ICH,L2,Punjab Circle,143528,143528
25588,Jalandhar ICH,Amritsar ICH,L2,Punjab Circle,143529,143529
25588,Jalandhar ICH,Amritsar ICH,L2,Punjab Circle,143530,143530
25588,Jalandhar ICH,Amritsar ICH,L2,Punjab Circle,143531,143531
25588,Jalandhar ICH,Amritsar ICH,L2,Punjab Circle,143532,143532
25588,Jalandhar ICH,Amritsar ICH,L2,Punjab Circle,143533,143533
25588,Jalandhar ICH,Amritsar ICH,L2,Punjab Circle,143534,143534
25588,Jalandhar ICH,Amritsar ICH,L2,Punjab Circle,143601,143601
25588,Jalandhar ICH,Amritsar ICH,L2,Punjab Circle,143602,143602
25588,Jalandhar ICH,Amritsar ICH,L2,Punjab Circle,143603,143603
25588,Jalandhar ICH,Amritsar ICH,L2,Punjab Circle,143604,143604
25588,Jalandhar ICH,Amritsar ICH,L2,Punjab Circle,143605,143605
25588,Jalandhar ICH,Amritsar ICH,L2,Punjab Circle,143606,143606
25588,Jalandhar ICH,Amritsar ICH,L2,Punjab Circle,145000,145999
25588,Jalandhar ICH,Amritsar ICH,L2,Punjab Circle,145001,145001
25588,Jalandhar ICH,Amritsar ICH,L2,Punjab Circle,145002,145002
25588,Jalandhar ICH,Amritsar ICH,L2,Punjab Circle,145022,145022
25588,Jalandhar ICH,Amritsar ICH,L2,Punjab Circle,145023,145023
25588,Jalandhar ICH,Amritsar ICH,L2,Punjab Circle,145024,145024
25588,Jalandhar ICH,Amritsar ICH,L2,Punjab Circle,145025,145025
25588,Jalandhar ICH,Amritsar ICH,L2,Punjab Circle,145026,145026
25588,Jalandhar ICH,Amritsar ICH,L2,Punjab Circle,145027,145027
25588,Jalandhar ICH,Amritsar ICH,L2,Punjab Circle,145029,145029
25588,Jalandhar ICH,Amritsar ICH,L2,Punjab Circle,145101,145101
25588,Jalandhar ICH,Amritsar ICH,L2,Punjab Circle,143000,143999
25588,Jalandhar ICH,Amritsar ICH,L2,Punjab Circle,143001,143001
25588,Pathankot NSH,HAMIRPUR(HP) ICH,L2,Himachal Pradesh Circle,174301,174309
25588,Pathankot NSH,HAMIRPUR(HP) ICH,L2,Himachal Pradesh Circle,174311,174312
25588,Pathankot NSH,HAMIRPUR(HP) ICH,L2,Himachal Pradesh Circle,174314,174317
25588,Pathankot NSH,HAMIRPUR(HP) ICH,L2,Himachal Pradesh Circle,174319,174321
25588,Pathankot NSH,HAMIRPUR(HP) ICH,L2,Himachal Pradesh Circle,174405,174405
25588,Pathankot NSH,HAMIRPUR(HP) ICH,L2,Himachal Pradesh Circle,174503,174503
25588,Pathankot NSH,HAMIRPUR(HP) ICH,L2,Himachal Pradesh Circle,174505,174505
25588,Pathankot NSH,HAMIRPUR(HP) ICH,L2,Himachal Pradesh Circle,174507,174507
25588,Pathankot NSH,HAMIRPUR(HP) ICH,L2,Himachal Pradesh Circle,176039,176045
25588,Pathankot NSH,HAMIRPUR(HP) ICH,L2,Himachal Pradesh Circle,176048,176049
25588,Pathankot NSH,HAMIRPUR(HP) ICH,L2,Himachal Pradesh Circle,176108,176111
25588,Pathankot NSH,HAMIRPUR(HP) ICH,L2,Himachal Pradesh Circle,176601,176601
25588,Pathankot NSH,HAMIRPUR(HP) ICH,L2,Himachal Pradesh Circle,177001,177001
25588,Pathankot NSH,HAMIRPUR(HP) ICH,L2,Himachal Pradesh Circle,177005,177007
25588,Pathankot NSH,HAMIRPUR(HP) ICH,L2,Himachal Pradesh Circle,177020,177029
25588,Pathankot NSH,HAMIRPUR(HP) ICH,L2,Himachal Pradesh Circle,177031,177031
25588,Pathankot NSH,HAMIRPUR(HP) ICH,L2,Himachal Pradesh Circle,177033,177033
25588,Pathankot NSH,HAMIRPUR(HP) ICH,L2,Himachal Pradesh Circle,177038,177042
25588,Pathankot NSH,HAMIRPUR(HP) ICH,L2,Himachal Pradesh Circle,177044,177045
25588,Pathankot NSH,HAMIRPUR(HP) ICH,L2,Himachal Pradesh Circle,177048,177048
25588,Pathankot NSH,HAMIRPUR(HP) ICH,L2,Himachal Pradesh Circle,177109,177110
25588,Pathankot NSH,HAMIRPUR(HP) ICH,L2,Himachal Pradesh Circle,177118,177119
25588,Pathankot NSH,HAMIRPUR(HP) ICH,L2,Himachal Pradesh Circle,177201,177213
25588,Pathankot NSH,HAMIRPUR(HP) ICH,L2,Himachal Pradesh Circle,177219,177220
25588,Pathankot NSH,HAMIRPUR(HP) ICH,L2,Himachal Pradesh Circle,177301,177301
25588,Pathankot NSH,HAMIRPUR(HP) ICH,L2,Himachal Pradesh Circle,177401,177401
25588,Pathankot NSH,HAMIRPUR(HP) ICH,L2,Himachal Pradesh Circle,177501,177501
25588,Pathankot NSH,HAMIRPUR(HP) ICH,L2,Himachal Pradesh Circle,177601,177601