Sortplan Id,L1 Office Name,L2 Office Name,Hub Level,Circel Name,From Pin,To Pin
1,Tirupathi NSH,Tirupathi NSH,L1,Andhra Pradesh Circle,517004,517004
1,Tirupathi NSH,Tirupathi NSH,L1,Andhra Pradesh Circle,517101,517102
1,Tirupathi NSH,Tirupathi NSH,L1,Andhra Pradesh Circle,517112,517113
1,Tirupathi NSH,Tirupathi NSH,L1,Andhra Pradesh Circle,517123,517132
1,Tirupathi NSH,Tirupathi NSH,L1,Andhra Pradesh Circle,517152,517152
1,Tirupathi NSH,Tirupathi NSH,L1,Andhra Pradesh Circle,517167,517167
1,Tirupathi NSH,Tirupathi NSH,L1,Andhra Pradesh Circle,517001,517002
1,Tirupathi NSH,Tirupathi NSH,L1,Andhra Pradesh Circle,517213,517214
1,Tirupathi NSH,Tirupathi NSH,L1,Andhra Pradesh Circle,517234,517237
1,Tirupathi NSH,Tirupathi NSH,L1,Andhra Pradesh Circle,517247,517247
1,Tirupathi NSH,Tirupathi NSH,L1,Andhra Pradesh Circle,517257,517257
1,Tirupathi NSH,Tirupathi NSH,L1,Andhra Pradesh Circle,517277,517277
1,Tirupathi NSH,Tirupathi NSH,L1,Andhra Pradesh Circle,517280,517280
1,Tirupathi NSH,Tirupathi NSH,L1,Andhra Pradesh Circle,517390,517391
1,Tirupathi NSH,Tirupathi NSH,L1,Andhra Pradesh Circle,517401,517401
1,Tirupathi NSH,Tirupathi NSH,L1,Andhra Pradesh Circle,517403,517403
1,Tirupathi NSH,Tirupathi NSH,L1,Andhra Pradesh Circle,517408,517408
1,Tirupathi NSH,Tirupathi NSH,L1,Andhra Pradesh Circle,517414,517419
1,Tirupathi NSH,Tirupathi NSH,L1,Andhra Pradesh Circle,517421,517426
1,Tirupathi NSH,Tirupathi NSH,L1,Andhra Pradesh Circle,517319,517319
1,Tirupathi NSH,Tirupathi NSH,L1,Andhra Pradesh Circle,517325,517326
1,Tirupathi NSH,Tirupathi NSH,L1,Andhra Pradesh Circle,517350,517352
1,Tirupathi NSH,Tirupathi NSH,L1,Andhra Pradesh Circle,517370,517370
1,Tirupathi NSH,Tirupathi NSH,L1,Andhra Pradesh Circle,517291,517291
1,Tirupathi NSH,Tirupathi NSH,L1,Andhra Pradesh Circle,517297,517297
1,Tirupathi NSH,Tirupathi NSH,L1,Andhra Pradesh Circle,517299,517299
1,Tirupathi NSH,Tirupathi NSH,L1,Andhra Pradesh Circle,517305,517305
1,Tirupathi NSH,Tirupathi NSH,L1,Andhra Pradesh Circle,517429,517429
1,Tirupathi NSH,Tirupathi NSH,L1,Andhra Pradesh Circle,517432,517432
1,Tirupathi NSH,Tirupathi NSH,L1,Andhra Pradesh Circle,517501,517502
1,Tirupathi NSH,Tirupathi NSH,L1,Andhra Pradesh Circle,517172,517172
1,Tirupathi NSH,Tirupathi NSH,L1,Andhra Pradesh Circle,517192,517194
1,Tirupathi NSH,Tirupathi NSH,L1,Andhra Pradesh Circle,517503,517506
1,Tirupathi NSH,Tirupathi NSH,L1,Andhra Pradesh Circle,517507,517510
1,Tirupathi NSH,Tirupathi NSH,L1,Andhra Pradesh Circle,517520,517520
1,Tirupathi NSH,Tirupathi NSH,L1,Andhra Pradesh Circle,517526,517526
1,Tirupathi NSH,Tirupathi NSH,L1,Andhra Pradesh Circle,517536,517536
1,Tirupathi NSH,Tirupathi NSH,L1,Andhra Pradesh Circle,517541,517541
1,Tirupathi NSH,Tirupathi NSH,L1,Andhra Pradesh Circle,517551,517551
1,Tirupathi NSH,Tirupathi NSH,L1,Andhra Pradesh Circle,517561,517561
1,Tirupathi NSH,Tirupathi NSH,L1,Andhra Pradesh Circle,517569,517569
1,Tirupathi NSH,Tirupathi NSH,L1,Andhra Pradesh Circle,517571,517571
1,Tirupathi NSH,Tirupathi NSH,L1,Andhra Pradesh Circle,517581,517584
1,Tirupathi NSH,Tirupathi NSH,L1,Andhra Pradesh Circle,517586,517592
1,Tirupathi NSH,Tirupathi NSH,L1,Andhra Pradesh Circle,517599,517599
1,Tirupathi NSH,Tirupathi NSH,L1,Andhra Pradesh Circle,517619,517620
1,Tirupathi NSH,Tirupathi NSH,L1,Andhra Pradesh Circle,517640,517646
1,Vijayawada NSH,Vijayawada NSH,L1,Andhra Pradesh Circle,520001,520015
1,Vijayawada NSH,Vijayawada NSH,L1,Andhra Pradesh Circle,521001,521004
1,Vijayawada NSH,Vijayawada NSH,L1,Andhra Pradesh Circle,521101,521102
1,Vijayawada NSH,Vijayawada NSH,L1,Andhra Pradesh Circle,521104,521111
1,Vijayawada NSH,Vijayawada NSH,L1,Andhra Pradesh Circle,521120,521122
1,Vijayawada NSH,Vijayawada NSH,L1,Andhra Pradesh Circle,521125,521126
1,Vijayawada NSH,Vijayawada NSH,L1,Andhra Pradesh Circle,521130,521139
1,Vijayawada NSH,Vijayawada NSH,L1,Andhra Pradesh Circle,521148,521151
1,Vijayawada NSH,Vijayawada NSH,L1,Andhra Pradesh Circle,521153,521153
1,Vijayawada NSH,Vijayawada NSH,L1,Andhra Pradesh Circle,521156,521158
1,Vijayawada NSH,Vijayawada NSH,L1,Andhra Pradesh Circle,521162,521165
1,Vijayawada NSH,Vijayawada NSH,L1,Andhra Pradesh Circle,521170,521170
1,Vijayawada NSH,Vijayawada NSH,L1,Andhra Pradesh Circle,521175,521175
1,Vijayawada NSH,Vijayawada NSH,L1,Andhra Pradesh Circle,521178,521178
1,Vijayawada NSH,Vijayawada NSH,L1,Andhra Pradesh Circle,521180,521185
1,Vijayawada NSH,Vijayawada NSH,L1,Andhra Pradesh Circle,521190,521190
1,Vijayawada NSH,Vijayawada NSH,L1,Andhra Pradesh Circle,521201,521202
1,Vijayawada NSH,Vijayawada NSH,L1,Andhra Pradesh Circle,521207,521207
1,Vijayawada NSH,Vijayawada NSH,L1,Andhra Pradesh Circle,521211,521215
1,Vijayawada NSH,Vijayawada NSH,L1,Andhra Pradesh Circle,521225,521231
1,Vijayawada NSH,Vijayawada NSH,L1,Andhra Pradesh Circle,521235,521235
1,Vijayawada NSH,Vijayawada NSH,L1,Andhra Pradesh Circle,521241,521241
1,Vijayawada NSH,Vijayawada NSH,L1,Andhra Pradesh Circle,521245,521247
1,Vijayawada NSH,Vijayawada NSH,L1,Andhra Pradesh Circle,521250,521250
1,Vijayawada NSH,Vijayawada NSH,L1,Andhra Pradesh Circle,521256,521256
1,Vijayawada NSH,Vijayawada NSH,L1,Andhra Pradesh Circle,521260,521261
1,Vijayawada NSH,Vijayawada NSH,L1,Andhra Pradesh Circle,521263,521263
1,Vijayawada NSH,Vijayawada NSH,L1,Andhra Pradesh Circle,521286,521286
1,Vijayawada NSH,Vijayawada NSH,L1,Andhra Pradesh Circle,521301,521301
1,Vijayawada NSH,Vijayawada NSH,L1,Andhra Pradesh Circle,521311,521312
1,Vijayawada NSH,Vijayawada NSH,L1,Andhra Pradesh Circle,521320,521333
1,Vijayawada NSH,Vijayawada NSH,L1,Andhra Pradesh Circle,521340,521340
1,Vijayawada NSH,Vijayawada NSH,L1,Andhra Pradesh Circle,521343,521345
1,Vijayawada NSH,Vijayawada NSH,L1,Andhra Pradesh Circle,521356,521356
1,Vijayawada NSH,Vijayawada NSH,L1,Andhra Pradesh Circle,521366,521366
1,Vijayawada NSH,Vijayawada NSH,L1,Andhra Pradesh Circle,521369,521369
1,Vijayawada NSH,Vijayawada NSH,L1,Andhra Pradesh Circle,521390,521390
1,Vijayawada NSH,Vijayawada NSH,L1,Andhra Pradesh Circle,521401,521403
1,Vijayawada NSH,Vijayawada NSH,L1,Andhra Pradesh Circle,521456,521457
1,Visakhapatnam NSH,Visakhapatnam NSH,L1,Andhra Pradesh Circle,530001,530005
1,Visakhapatnam NSH,Visakhapatnam NSH,L1,Andhra Pradesh Circle,530007,530009
1,Visakhapatnam NSH,Visakhapatnam NSH,L1,Andhra Pradesh Circle,530016,530018
1,Visakhapatnam NSH,Visakhapatnam NSH,L1,Andhra Pradesh Circle,530020,530020
1,Visakhapatnam NSH,Visakhapatnam NSH,L1,Andhra Pradesh Circle,530022,530022
1,Visakhapatnam NSH,Visakhapatnam NSH,L1,Andhra Pradesh Circle,530024,530024
1,Visakhapatnam NSH,Visakhapatnam NSH,L1,Andhra Pradesh Circle,530026,530029
1,Visakhapatnam NSH,Visakhapatnam NSH,L1,Andhra Pradesh Circle,530031,530032
1,Visakhapatnam NSH,Visakhapatnam NSH,L1,Andhra Pradesh Circle,530040,530041
1,Visakhapatnam NSH,Visakhapatnam NSH,L1,Andhra Pradesh Circle,530043,530049
1,Visakhapatnam NSH,Visakhapatnam NSH,L1,Andhra Pradesh Circle,530051,530052
1,Visakhapatnam NSH,Visakhapatnam NSH,L1,Andhra Pradesh Circle,530053,530053
1,Visakhapatnam NSH,Visakhapatnam NSH,L1,Andhra Pradesh Circle,531001,531002
1,Visakhapatnam NSH,Visakhapatnam NSH,L1,Andhra Pradesh Circle,531011,531011
1,Visakhapatnam NSH,Visakhapatnam NSH,L1,Andhra Pradesh Circle,531019,531036
1,Visakhapatnam NSH,Visakhapatnam NSH,L1,Andhra Pradesh Circle,531055,531055
1,Visakhapatnam NSH,Visakhapatnam NSH,L1,Andhra Pradesh Circle,531060,531061
1,Visakhapatnam NSH,Visakhapatnam NSH,L1,Andhra Pradesh Circle,531075,531075
1,Visakhapatnam NSH,Visakhapatnam NSH,L1,Andhra Pradesh Circle,531077,531077
1,Visakhapatnam NSH,Visakhapatnam NSH,L1,Andhra Pradesh Circle,531081,531085
1,Visakhapatnam NSH,Visakhapatnam NSH,L1,Andhra Pradesh Circle,531087,531087
1,Visakhapatnam NSH,Visakhapatnam NSH,L1,Andhra Pradesh Circle,531105,531105
1,Visakhapatnam NSH,Visakhapatnam NSH,L1,Andhra Pradesh Circle,531111,531111
1,Visakhapatnam NSH,Visakhapatnam NSH,L1,Andhra Pradesh Circle,531113,531118
1,Visakhapatnam NSH,Visakhapatnam NSH,L1,Andhra Pradesh Circle,531126,531127
1,Visakhapatnam NSH,Visakhapatnam NSH,L1,Andhra Pradesh Circle,531133,531133
1,Visakhapatnam NSH,Visakhapatnam NSH,L1,Andhra Pradesh Circle,531149,531149
1,Visakhapatnam NSH,Visakhapatnam NSH,L1,Andhra Pradesh Circle,531151,531151
1,Visakhapatnam NSH,Visakhapatnam NSH,L1,Andhra Pradesh Circle,531162,531163
1,Visakhapatnam NSH,Visakhapatnam NSH,L1,Andhra Pradesh Circle,531173,531173
1,Visakhapatnam NSH,Visakhapatnam NSH,L1,Andhra Pradesh Circle,531219,531219
1,Tirupathi NSH,Nellore ICH,L2,Andhra Pradesh Circle,524001,524005
1,Tirupathi NSH,Anantapur ICH,L2,Andhra Pradesh Circle,515001,515006
1,Tirupathi NSH,Anantapur ICH,L2,Andhra Pradesh Circle,515101,515872
1,Tirupathi NSH,Cuddapah ICH,L2,Andhra Pradesh Circle,516001,516005
1,Tirupathi NSH,Cuddapah ICH,L2,Andhra Pradesh Circle,516101,516505
1,Tirupathi NSH,Kurnool ICH,L2,Andhra Pradesh Circle,518001,518009
1,Visakhapatnam NSH,Visakhapatnam NSH,L1,Andhra Pradesh Circle,530055,530059
1,Tirupathi NSH,Kurnool ICH,L2,Andhra Pradesh Circle,518010,518674
1,Tirupathi NSH,Nellore ICH,L2,Andhra Pradesh Circle,524101,524421
1,Vijayawada NSH,Guntur ICH,L2,Andhra Pradesh Circle,522001,522004
1,Vijayawada NSH,Guntur ICH,L2,Andhra Pradesh Circle,522005,522005
1,Vijayawada NSH,Guntur ICH,L2,Andhra Pradesh Circle,522006,522008
1,Vijayawada NSH,Guntur ICH,L2,Andhra Pradesh Circle,522009,522999
1,Vijayawada NSH,Ongole ICH,L2,Andhra Pradesh Circle,523001,523003
1,Vijayawada NSH,Ongole ICH,L2,Andhra Pradesh Circle,523101,523999
1,Vijayawada NSH,Eluru ICH,L2,Andhra Pradesh Circle,534001,534001
1,Vijayawada NSH,Eluru ICH,L2,Andhra Pradesh Circle,534007,534007
1,Vijayawada NSH,Eluru ICH,L2,Andhra Pradesh Circle,534003,534003
1,Vijayawada NSH,Eluru ICH,L2,Andhra Pradesh Circle,534002,534002
1,Vijayawada NSH,Eluru ICH,L2,Andhra Pradesh Circle,534008,534475
1,Visakhapatnam NSH,Rajahmundry ICH,L2,Andhra Pradesh Circle,533101,533101
1,Visakhapatnam NSH,Rajahmundry ICH,L2,Andhra Pradesh Circle,533001,533007
1,Visakhapatnam NSH,Rajahmundry ICH,L2,Andhra Pradesh Circle,533016,533016
1,Visakhapatnam NSH,Rajahmundry ICH,L2,Andhra Pradesh Circle,533102,533577
1,Visakhapatnam NSH,Srikakulam ICH,L2,Andhra Pradesh Circle,532001,532005
1,Visakhapatnam NSH,Srikakulam ICH,L2,Andhra Pradesh Circle,532185,532187
1,Visakhapatnam NSH,Srikakulam ICH,L2,Andhra Pradesh Circle,532122,532168
1,Visakhapatnam NSH,Srikakulam ICH,L2,Andhra Pradesh Circle,532190,532484
1,Visakhapatnam NSH,Vizianagaram ICH,L2,Andhra Pradesh Circle,535001,535001
1,Visakhapatnam NSH,Vizianagaram ICH,L2,Andhra Pradesh Circle,535002,535003
1,Visakhapatnam NSH,Vizianagaram ICH,L2,Andhra Pradesh Circle,535004,535594
1,Guwahati NSH,Guwahati NSH,L1,Assam Circle,781001,781040
1,Guwahati NSH,Guwahati NSH,L1,Assam Circle,781101,781150
1,Guwahati NSH,Guwahati NSH,L1,Assam Circle,781171,781171
1,Guwahati NSH,Guwahati NSH,L1,Assam Circle,781301,781382
1,Guwahati NSH,Guwahati NSH,L1,Assam Circle,782401,782403
1,Guwahati NSH,Guwahati NSH,L1,Assam Circle,783101,783136
1,Guwahati NSH,Guwahati NSH,L1,Assam Circle,788818,788820
1,Guwahati NSH,Guwahati NSH,L1,Assam Circle,794000,794999
1,Guwahati NSH,Jorhat ICH,L2,Assam Circle,785001,785001
1,Guwahati NSH,Jorhat ICH,L2,Assam Circle,785004,785010
1,Guwahati NSH,Jorhat ICH,L2,Assam Circle,785013,785015
1,Guwahati NSH,Jorhat ICH,L2,Assam Circle,785101,785102
1,Guwahati NSH,Jorhat ICH,L2,Assam Circle,785104,785108
1,Guwahati NSH,Jorhat ICH,L2,Assam Circle,785110,785112
1,Guwahati NSH,Jorhat ICH,L2,Assam Circle,785601,785603
1,Guwahati NSH,Jorhat ICH,L2,Assam Circle,785609,785616
1,Guwahati NSH,Jorhat ICH,L2,Assam Circle,785618,785619
1,Guwahati NSH,Jorhat ICH,L2,Assam Circle,785621,785622
1,Guwahati NSH,Jorhat ICH,L2,Assam Circle,785625,785626
1,Guwahati NSH,Jorhat ICH,L2,Assam Circle,785630,785636
1,Guwahati NSH,Jorhat ICH,L2,Assam Circle,785640,785640
1,Guwahati NSH,Jorhat ICH,L2,Assam Circle,785661,785667
1,Guwahati NSH,Jorhat ICH,L2,Assam Circle,785669,785674
1,Guwahati NSH,Jorhat ICH,L2,Assam Circle,785688,785693
1,Guwahati NSH,Jorhat ICH,L2,Assam Circle,785696,785701
1,Guwahati NSH,Jorhat ICH,L2,Assam Circle,785720,785720
1,Guwahati NSH,Dibrugarh ICH,L2,Assam Circle,786001,786012
1,Guwahati NSH,Dibrugarh ICH,L2,Assam Circle,786101,786103
1,Guwahati NSH,Dibrugarh ICH,L2,Assam Circle,786125,786183
1,Guwahati NSH,Dibrugarh ICH,L2,Assam Circle,786184,786184
1,Guwahati NSH,Dibrugarh ICH,L2,Assam Circle,786187,786192
1,Guwahati NSH,Dibrugarh ICH,L2,Assam Circle,786601,786692
1,Guwahati NSH,Dibrugarh ICH,L2,Assam Circle,787000,787999
1,Guwahati NSH,Nagaon ICH,L2,Assam Circle,782101,782107
1,Guwahati NSH,Nagaon ICH,L2,Assam Circle,782135,782144
1,Guwahati NSH,Nagaon ICH,L2,Assam Circle,782425,782429
1,Guwahati NSH,Nagaon ICH,L2,Assam Circle,782439,782442
1,Guwahati NSH,Nagaon ICH,L2,Assam Circle,782445,782448
1,Guwahati NSH,Nagaon ICH,L2,Assam Circle,782450,782450
1,Guwahati NSH,Nagaon ICH,L2,Assam Circle,782460,782462
1,Guwahati NSH,Nagaon ICH,L2,Assam Circle,782470,782470
1,Guwahati NSH,Nagaon ICH,L2,Assam Circle,782480,782482
1,Guwahati NSH,Nagaon ICH,L2,Assam Circle,782485,782486
1,Guwahati NSH,Nagaon ICH,L2,Assam Circle,782490,782490
1,Guwahati NSH,NEW BONGAIGAON ICH,L2,Assam Circle,783301,783376
1,Guwahati NSH,NEW BONGAIGAON ICH,L2,Assam Circle,783380,783394
1,Guwahati NSH,Tezpur ICH,L2,Assam Circle,784001,784105
1,Guwahati NSH,Tezpur ICH,L2,Assam Circle,784110,784529
1,Guwahati NSH,Silchar ICH,L2,Assam Circle,788001,788015
1,Guwahati NSH,Silchar ICH,L2,Assam Circle,788025,788026
1,Guwahati NSH,Silchar ICH,L2,Assam Circle,788030,788031
1,Guwahati NSH,Silchar ICH,L2,Assam Circle,788098,788099
1,Guwahati NSH,Silchar ICH,L2,Assam Circle,788101,788104
1,Guwahati NSH,Silchar ICH,L2,Assam Circle,788106,788121
1,Guwahati NSH,Silchar ICH,L2,Assam Circle,788123,788123
1,Guwahati NSH,Silchar ICH,L2,Assam Circle,788126,788127
1,Guwahati NSH,Silchar ICH,L2,Assam Circle,788150,788152
1,Guwahati NSH,Silchar ICH,L2,Assam Circle,788155,788156
1,Guwahati NSH,Silchar ICH,L2,Assam Circle,788160,788166
1,Guwahati NSH,Silchar ICH,L2,Assam Circle,788168,788168
1,Guwahati NSH,Silchar ICH,L2,Assam Circle,788701,788702
1,Guwahati NSH,Silchar ICH,L2,Assam Circle,788709,788713
1,Guwahati NSH,Silchar ICH,L2,Assam Circle,788719,788720
1,Guwahati NSH,Silchar ICH,L2,Assam Circle,788722,788728
1,Guwahati NSH,Silchar ICH,L2,Assam Circle,788781,788781
1,Guwahati NSH,Silchar ICH,L2,Assam Circle,788801,788806
1,Guwahati NSH,Silchar ICH,L2,Assam Circle,788835,788931
1,Guwahati NSH,Tezpur ICH,L2,Assam Circle,790000,790999
1,Guwahati NSH,Dimapur ICH,L2,Assam Circle,797001,797004
1,Guwahati NSH,Dimapur ICH,L2,Assam Circle,797006,797006
1,Guwahati NSH,Dimapur ICH,L2,Assam Circle,797099,797099
1,Guwahati NSH,Dimapur ICH,L2,Assam Circle,797101,797101
1,Guwahati NSH,Dimapur ICH,L2,Assam Circle,797103,797103
1,Guwahati NSH,Dimapur ICH,L2,Assam Circle,797104,797111
1,Guwahati NSH,Dimapur ICH,L2,Assam Circle,797112,797113
1,Guwahati NSH,Dimapur ICH,L2,Assam Circle,797114,797114
1,Guwahati NSH,Dimapur ICH,L2,Assam Circle,797115,797118
1,Guwahati NSH,Dimapur ICH,L2,Assam Circle,797119,797120
1,Guwahati NSH,Dimapur ICH,L2,Assam Circle,798601,798604
1,Guwahati NSH,Dimapur ICH,L2,Assam Circle,798607,798607
1,Guwahati NSH,Dimapur ICH,L2,Assam Circle,798611,798618
1,Guwahati NSH,Dimapur ICH,L2,Assam Circle,798620,798623
1,Guwahati NSH,Dimapur ICH,L2,Assam Circle,798625,798628
1,Guwahati NSH,Itanagar ICH,L2,North Eastern Circle,791001,791001
1,Guwahati NSH,Itanagar ICH,L2,North Eastern Circle,791002,791002
1,Guwahati NSH,Itanagar ICH,L2,North Eastern Circle,791101,791101
1,Guwahati NSH,Itanagar ICH,L2,North Eastern Circle,791102,791102
1,Guwahati NSH,Itanagar ICH,L2,North Eastern Circle,791103,791103
1,Guwahati NSH,Itanagar ICH,L2,North Eastern Circle,791104,791104
1,Guwahati NSH,Itanagar ICH,L2,North Eastern Circle,791109,791109
1,Guwahati NSH,Itanagar ICH,L2,North Eastern Circle,791110,791110
1,Guwahati NSH,Itanagar ICH,L2,North Eastern Circle,791111,791111
1,Guwahati NSH,Itanagar ICH,L2,North Eastern Circle,791112,791112
1,Guwahati NSH,Itanagar ICH,L2,North Eastern Circle,791113,791113
1,Guwahati NSH,Itanagar ICH,L2,North Eastern Circle,791114,791114
1,Guwahati NSH,Itanagar ICH,L2,North Eastern Circle,791118,791118
1,Guwahati NSH,Itanagar ICH,L2,North Eastern Circle,791119,791119
1,Guwahati NSH,Itanagar ICH,L2,North Eastern Circle,791120,791120
1,Guwahati NSH,Itanagar ICH,L2,North Eastern Circle,791121,791121
1,Guwahati NSH,Itanagar ICH,L2,North Eastern Circle,791122,791122
1,Guwahati NSH,Itanagar ICH,L2,North Eastern Circle,791123,791123
1,Guwahati NSH,Itanagar ICH,L2,North Eastern Circle,791125,791125
1,Guwahati NSH,Itanagar ICH,L2,North Eastern Circle,792051,792051
1,Guwahati NSH,Itanagar ICH,L2,North Eastern Circle,792061,792061
1,Guwahati NSH,Jorhat ICH,L2,Assam Circle,785680,785687
1,Guwahati NSH,Jorhat ICH,L2,Assam Circle,785702,785705
1,Guwahati NSH,Nagaon ICH,L2,Assam Circle,782120,782128
1,Guwahati NSH,Nagaon ICH,L2,Assam Circle,782410,782413
1,Guwahati NSH,Nagaon ICH,L2,Assam Circle,782435,782436
1,Guwahati NSH,Silchar ICH,L2,Assam Circle,788733,788738
1,Guwahati NSH,Shillong ICH,L2,North Eastern Circle,793001,793009
1,Guwahati NSH,Shillong ICH,L2,North Eastern Circle,793010,793010
1,Guwahati NSH,Shillong ICH,L2,North Eastern Circle,793011,793012
1,Guwahati NSH,Shillong ICH,L2,North Eastern Circle,793014,793019
1,Guwahati NSH,Shillong ICH,L2,North Eastern Circle,793021,793022
1,Guwahati NSH,Shillong ICH,L2,North Eastern Circle,793101,793110
1,Guwahati NSH,Shillong ICH,L2,North Eastern Circle,793112,793116
1,Guwahati NSH,Shillong ICH,L2,North Eastern Circle,793119,793123
1,Guwahati NSH,Shillong ICH,L2,North Eastern Circle,793126,793126
1,Guwahati NSH,Shillong ICH,L2,North Eastern Circle,793150,793151
1,Guwahati NSH,Shillong ICH,L2,North Eastern Circle,793160,793161
1,Guwahati NSH,Shillong ICH,L2,North Eastern Circle,793200,793200
1,Guwahati NSH,Shillong ICH,L2,North Eastern Circle,793210,793210
1,Guwahati NSH,Imphal ICH,L2,North Eastern Circle,795001,795005
1,Guwahati NSH,Imphal ICH,L2,North Eastern Circle,795008,795008
1,Guwahati NSH,Imphal ICH,L2,North Eastern Circle,795010,795010
1,Guwahati NSH,Imphal ICH,L2,North Eastern Circle,795113,795113
1,Guwahati NSH,Imphal ICH,L2,North Eastern Circle,795140,795140
1,Guwahati NSH,Imphal ICH,L2,North Eastern Circle,795006,795006
1,Guwahati NSH,Imphal ICH,L2,North Eastern Circle,795011,795112
1,Guwahati NSH,Imphal ICH,L2,North Eastern Circle,795114,795139
1,Guwahati NSH,Imphal ICH,L2,North Eastern Circle,795141,795999
1,Guwahati NSH,Aizawl ICH,L2,North Eastern Circle,796001,796999
1,Guwahati NSH,Agartala ICH,L2,North Eastern Circle,799001,799010
1,Guwahati NSH,Agartala ICH,L2,North Eastern Circle,799011,799015
1,Guwahati NSH,Agartala ICH,L2,North Eastern Circle,799022,799022
1,Guwahati NSH,Agartala ICH,L2,North Eastern Circle,799035,799035
1,Guwahati NSH,Agartala ICH,L2,North Eastern Circle,799045,799045
1,Guwahati NSH,Agartala ICH,L2,North Eastern Circle,799046,799046
1,Guwahati NSH,Agartala ICH,L2,North Eastern Circle,799101,799105
1,Guwahati NSH,Agartala ICH,L2,North Eastern Circle,799113,799115
1,Guwahati NSH,Agartala ICH,L2,North Eastern Circle,799120,799120
1,Guwahati NSH,Agartala ICH,L2,North Eastern Circle,799125,799125
1,Guwahati NSH,Agartala ICH,L2,North Eastern Circle,799130,799132
1,Guwahati NSH,Agartala ICH,L2,North Eastern Circle,799141,799145
1,Guwahati NSH,Agartala ICH,L2,North Eastern Circle,799150,799150
1,Guwahati NSH,Agartala ICH,L2,North Eastern Circle,799153,799153
1,Guwahati NSH,Agartala ICH,L2,North Eastern Circle,799155,799157
1,Guwahati NSH,Agartala ICH,L2,North Eastern Circle,799210,799212
1,Guwahati NSH,Agartala ICH,L2,North Eastern Circle,799201,799205
1,Guwahati NSH,Agartala ICH,L2,North Eastern Circle,799207,799207
1,Guwahati NSH,Agartala ICH,L2,North Eastern Circle,799250,799254
1,Guwahati NSH,Agartala ICH,L2,North Eastern Circle,799256,799256
1,Guwahati NSH,Agartala ICH,L2,North Eastern Circle,799260,799264
1,Guwahati NSH,Agartala ICH,L2,North Eastern Circle,799269,799271
1,Guwahati NSH,Agartala ICH,L2,North Eastern Circle,799273,799273
1,Guwahati NSH,Agartala ICH,L2,North Eastern Circle,799275,799275
1,Guwahati NSH,Agartala ICH,L2,North Eastern Circle,799277,799281
1,Guwahati NSH,Agartala ICH,L2,North Eastern Circle,799284,799290
1,Patna NSH,Patna NSH,L1,Bihar Circle,800001,800032
1,Patna NSH,Patna NSH,L1,Bihar Circle,800033,801299
1,Patna NSH,Patna NSH,L1,Bihar Circle,802000,802131
1,Patna NSH,Patna NSH,L1,Bihar Circle,802133,802199
1,Patna NSH,Patna NSH,L1,Bihar Circle,802200,802210
1,Patna NSH,Patna NSH,L1,Bihar Circle,802222,802223
1,Patna NSH,Patna NSH,L1,Bihar Circle,802237,802237
1,Patna NSH,Patna NSH,L1,Bihar Circle,802300,802399
1,Patna NSH,Patna NSH,L1,Bihar Circle,804401,804406
1,Patna NSH,Patna NSH,L1,Bihar Circle,804408,804499
1,Patna NSH,Patna NSH,L1,Bihar Circle,801301,801308
1,Patna NSH,Patna NSH,L1,Bihar Circle,803110,803121
1,Patna NSH,Patna NSH,L1,Bihar Circle,803216,803216
1,Patna NSH,Patna NSH,L1,Bihar Circle,844101,844111
1,Patna NSH,Patna NSH,L1,Bihar Circle,844113,844119
1,Patna NSH,Patna NSH,L1,Bihar Circle,844121,844126
1,Patna NSH,Patna NSH,L1,Bihar Circle,844128,844999
1,Patna NSH,Kiul ICH,L2,Bihar Circle,803109,803109
1,Patna NSH,Kiul ICH,L2,Bihar Circle,805101,805112
1,Patna NSH,Kiul ICH,L2,Bihar Circle,805121,805131
1,Patna NSH,Kiul ICH,L2,Bihar Circle,811101,811107
1,Patna NSH,Kiul ICH,L2,Bihar Circle,811112,811112
1,Patna NSH,Kiul ICH,L2,Bihar Circle,811201,811202
1,Patna NSH,Kiul ICH,L2,Bihar Circle,811211,811214
1,Patna NSH,Kiul ICH,L2,Bihar Circle,811301,811305
1,Patna NSH,Kiul ICH,L2,Bihar Circle,811307,811317
1,Patna NSH,Bhagalpur ICH,L2,Bihar Circle,812001,812007
1,Patna NSH,Bhagalpur ICH,L2,Bihar Circle,813101,813110
1,Patna NSH,Bhagalpur ICH,L2,Bihar Circle,813201,813207
1,Patna NSH,Bhagalpur ICH,L2,Bihar Circle,813209,813214
1,Patna NSH,Bhagalpur ICH,L2,Bihar Circle,813221,813222
1,Patna NSH,Bhagalpur ICH,L2,Bihar Circle,814131,814131
1,Patna NSH,Chhapra ICH,L2,Bihar Circle,841101,841101
1,Patna NSH,Chhapra ICH,L2,Bihar Circle,841201,841228
1,Patna NSH,Chhapra ICH,L2,Bihar Circle,841231,841245
1,Patna NSH,Chhapra ICH,L2,Bihar Circle,841286,841287
1,Patna NSH,Chhapra ICH,L2,Bihar Circle,841301,841302
1,Patna NSH,Chhapra ICH,L2,Bihar Circle,841305,841305
1,Patna NSH,Chhapra ICH,L2,Bihar Circle,841311,841313
1,Patna NSH,Chhapra ICH,L2,Bihar Circle,841316,841316
1,Patna NSH,Chhapra ICH,L2,Bihar Circle,841401,841428
1,Patna NSH,Chhapra ICH,L2,Bihar Circle,841434,841443
1,Patna NSH,Chhapra ICH,L2,Bihar Circle,841446,841446
1,Patna NSH,Chhapra ICH,L2,Bihar Circle,841447,841447
1,Patna NSH,Chhapra ICH,L2,Bihar Circle,841460,841460
1,Patna NSH,Chhapra ICH,L2,Bihar Circle,841501,841509
1,Patna NSH,Bhagalpur ICH,L2,Bihar Circle,853201,853206
1,Patna NSH,Gaya ICH,L2,Bihar Circle,802132,802132
1,Patna NSH,Gaya ICH,L2,Bihar Circle,802211,802221
1,Patna NSH,Gaya ICH,L2,Bihar Circle,802226,802226
1,Patna NSH,Gaya ICH,L2,Bihar Circle,804407,804407
1,Patna NSH,Gaya ICH,L2,Bihar Circle,824219,824221
1,Patna NSH,Gaya ICH,L2,Bihar Circle,821015,821015
1,Patna NSH,Gaya ICH,L2,Bihar Circle,821101,821115
1,Patna NSH,Gaya ICH,L2,Bihar Circle,821301,821312
1,Patna NSH,Gaya ICH,L2,Bihar Circle,824205,824211
1,Patna NSH,Gaya ICH,L2,Bihar Circle,823001,823005
1,Patna NSH,Gaya ICH,L2,Bihar Circle,823311,823311
1,Patna NSH,Gaya ICH,L2,Bihar Circle,824101,824103
1,Patna NSH,Gaya ICH,L2,Bihar Circle,824111,824116
1,Patna NSH,Gaya ICH,L2,Bihar Circle,824118,824118
1,Patna NSH,Gaya ICH,L2,Bihar Circle,824120,824127
1,Patna NSH,Gaya ICH,L2,Bihar Circle,824129,824129
1,Patna NSH,Gaya ICH,L2,Bihar Circle,824143,824143
1,Patna NSH,Gaya ICH,L2,Bihar Circle,824217,824217
1,Patna NSH,Gaya ICH,L2,Bihar Circle,824231,824237
1,Patna NSH,Gaya ICH,L2,Bihar Circle,824301,824304
1,Patna NSH,ICH Motihari,L2,Bihar Circle,845101,845107
1,Patna NSH,ICH Motihari,L2,Bihar Circle,845301,845307
1,Patna NSH,ICH Motihari,L2,Bihar Circle,845315,845315
1,Patna NSH,ICH Motihari,L2,Bihar Circle,845401,845402
1,Patna NSH,ICH Motihari,L2,Bihar Circle,845405,845406
1,Patna NSH,ICH Motihari,L2,Bihar Circle,845411,845440
1,Patna NSH,ICH Motihari,L2,Bihar Circle,845455,845459
1,Patna NSH,Barauni ICH,L2,Bihar Circle,851101,851101
1,Patna NSH,Barauni ICH,L2,Bihar Circle,851110,851121
1,Patna NSH,Barauni ICH,L2,Bihar Circle,851126,851135
1,Patna NSH,Barauni ICH,L2,Bihar Circle,851201,851206
1,Patna NSH,Barauni ICH,L2,Bihar Circle,851210,851218
1,Patna NSH,Barauni ICH,L2,Bihar Circle,848201,848204
1,Patna NSH,Gaya ICH,L2,Bihar Circle,824201,824203
1,Patna NSH,Barauni ICH,L2,Bihar Circle,852161,852161
1,Patna NSH,ICH SAHARSA,L2,Bihar Circle,852201,852202
1,Patna NSH,ICH SAHARSA,L2,Bihar Circle,852212,852221
1,Patna NSH,ICH SAHARSA,L2,Bihar Circle,852119,852119
1,Patna NSH,ICH SAHARSA,L2,Bihar Circle,852121,852132
1,Patna NSH,ICH SAHARSA,L2,Bihar Circle,852134,852134
1,Patna NSH,ICH SAHARSA,L2,Bihar Circle,852137,852139
1,Patna NSH,ICH SAHARSA,L2,Bihar Circle,852101,852101
1,Patna NSH,ICH SAHARSA,L2,Bihar Circle,852105,852116
1,Patna NSH,ICH SAHARSA,L2,Bihar Circle,854338,854340
1,Patna NSH,ICH SAHARSA,L2,Bihar Circle,847451,847451
1,Patna NSH,ICH SAHARSA,L2,Bihar Circle,847452,847452
1,Patna NSH,ICH SAHARSA,L2,Bihar Circle,852133,852133
1,Patna NSH,ICH KATIHAR,L2,Bihar Circle,854105,854105
1,Patna NSH,ICH KATIHAR,L2,Bihar Circle,854110,854110
1,Patna NSH,ICH KATIHAR,L2,Bihar Circle,854112,854117
1,Patna NSH,ICH KATIHAR,L2,Bihar Circle,854201,854205
1,Patna NSH,ICH KATIHAR,L2,Bihar Circle,854301,854306
1,Patna NSH,ICH KATIHAR,L2,Bihar Circle,854311,854312
1,Patna NSH,ICH KATIHAR,L2,Bihar Circle,854315,854318
1,Patna NSH,ICH KATIHAR,L2,Bihar Circle,854325,854337
1,Patna NSH,ICH KATIHAR,L2,Bihar Circle,855101,855102
1,Patna NSH,ICH KATIHAR,L2,Bihar Circle,855105,855108
1,Patna NSH,ICH KATIHAR,L2,Bihar Circle,855113,855117
1,Patna NSH,Muzaffarpur ICH,L2,Bihar Circle,842004,842006
1,Patna NSH,Muzaffarpur ICH,L2,Bihar Circle,843101,843109
1,Patna NSH,Muzaffarpur ICH,L2,Bihar Circle,843111,843113
1,Patna NSH,Muzaffarpur ICH,L2,Bihar Circle,843115,843132
1,Patna NSH,Muzaffarpur ICH,L2,Bihar Circle,843312,843312
1,Patna NSH,Muzaffarpur ICH,L2,Bihar Circle,843321,843321
1,Patna NSH,Muzaffarpur ICH,L2,Bihar Circle,843360,843360
1,Patna NSH,Muzaffarpur ICH,L2,Bihar Circle,844112,844112
1,Patna NSH,Muzaffarpur ICH,L2,Bihar Circle,844120,844120
1,Patna NSH,Muzaffarpur ICH,L2,Bihar Circle,844127,844127
1,Patna NSH,Muzaffarpur ICH,L2,Bihar Circle,843301,843302
1,Patna NSH,Muzaffarpur ICH,L2,Bihar Circle,843311,843311
1,Patna NSH,Muzaffarpur ICH,L2,Bihar Circle,843313,843320
1,Patna NSH,Muzaffarpur ICH,L2,Bihar Circle,843322,843335
1,Patna NSH,Muzaffarpur ICH,L2,Bihar Circle,848101,848104
1,Patna NSH,Muzaffarpur ICH,L2,Bihar Circle,848113,848115
1,Patna NSH,Muzaffarpur ICH,L2,Bihar Circle,848117,848117
1,Patna NSH,Muzaffarpur ICH,L2,Bihar Circle,848121,848122
1,Patna NSH,Muzaffarpur ICH,L2,Bihar Circle,848125,848125
1,Patna NSH,Muzaffarpur ICH,L2,Bihar Circle,848127,848127
1,Patna NSH,Muzaffarpur ICH,L2,Bihar Circle,848129,848134
1,Patna NSH,Muzaffarpur ICH,L2,Bihar Circle,848160,848160
1,Patna NSH,Muzaffarpur ICH,L2,Bihar Circle,848205,848211
1,Patna NSH,Muzaffarpur ICH,L2,Bihar Circle,848213,848213
1,Patna NSH,Muzaffarpur ICH,L2,Bihar Circle,848216,848216
1,Patna NSH,Muzaffarpur ICH,L2,Bihar Circle,848236,848236
1,Patna NSH,Muzaffarpur ICH,L2,Bihar Circle,848301,848302
1,Patna NSH,Muzaffarpur ICH,L2,Bihar Circle,848501,848506
1,Patna NSH,ICH Darbhanga,L2,Bihar Circle,846001,846009
1,Patna NSH,ICH Darbhanga,L2,Bihar Circle,846010,846010
1,Patna NSH,ICH Darbhanga,L2,Bihar Circle,847101,847109
1,Patna NSH,ICH Darbhanga,L2,Bihar Circle,847115,847115
1,Patna NSH,ICH Darbhanga,L2,Bihar Circle,847121,847123
1,Patna NSH,ICH Darbhanga,L2,Bihar Circle,847201,847204
1,Patna NSH,ICH Darbhanga,L2,Bihar Circle,847211,847215
1,Patna NSH,ICH Darbhanga,L2,Bihar Circle,847222,847236
1,Patna NSH,ICH Darbhanga,L2,Bihar Circle,847238,847240
1,Patna NSH,ICH Darbhanga,L2,Bihar Circle,847301,847308
1,Patna NSH,ICH Darbhanga,L2,Bihar Circle,847337,847337
1,Patna NSH,ICH Darbhanga,L2,Bihar Circle,847401,847405
1,Patna NSH,ICH Darbhanga,L2,Bihar Circle,847407,847412
1,Patna NSH,ICH Darbhanga,L2,Bihar Circle,847421,847424
1,Patna NSH,ICH Darbhanga,L2,Bihar Circle,847427,847429
1,Raipur NSH,Raipur NSH,L1,Chhattisgarh Circle,492001,492001
1,Raipur NSH,Raipur NSH,L1,Chhattisgarh Circle,492002,492003
1,Raipur NSH,Raipur NSH,L1,Chhattisgarh Circle,492004,492004
1,Raipur NSH,Raipur NSH,L1,Chhattisgarh Circle,492005,492005
1,Raipur NSH,Raipur NSH,L1,Chhattisgarh Circle,492008,492010
1,Raipur NSH,Raipur NSH,L1,Chhattisgarh Circle,492014,492018
1,Raipur NSH,Raipur NSH,L1,Chhattisgarh Circle,492099,492099
1,Raipur NSH,Raipur NSH,L1,Chhattisgarh Circle,492101,493999
1,Raipur NSH,Bilaspur ICH,L2,Chhattisgarh Circle,495001,495001
1,Raipur NSH,Bilaspur ICH,L2,Chhattisgarh Circle,495004,495006
1,Raipur NSH,Bilaspur ICH,L2,Chhattisgarh Circle,495003,495003
1,Raipur NSH,Bilaspur ICH,L2,Chhattisgarh Circle,495009,495999
1,Raipur NSH,Raigarh ICH,L2,Chhattisgarh Circle,496001,496001
1,Raipur NSH,Raigarh ICH,L2,Chhattisgarh Circle,496005,496999
1,Raipur NSH,AMBIKAPUR ICH,L2,Chhattisgarh Circle,497001,497001
1,Raipur NSH,AMBIKAPUR ICH,L2,Chhattisgarh Circle,497101,497999
1,Raipur NSH,Jagdalpur ICH,L2,Chhattisgarh Circle,494001,494001
1,Raipur NSH,Jagdalpur ICH,L2,Chhattisgarh Circle,494010,494999
1,New Delhi NSH,New Delhi NSH,L1,Delhi Circle,110001,110999
1,New Delhi NSH,ICH Leh,L2,Jammu and Kashmir Circle,194101,194101
1,New Delhi NSH,ICH Leh,L2,Jammu and Kashmir Circle,194102,194104
1,New Delhi NSH,ICH Leh,L2,Jammu and Kashmir Circle,194106,194107
1,New Delhi NSH,ICH Leh,L2,Jammu and Kashmir Circle,194109,194109
1,New Delhi NSH,ICH Leh,L2,Jammu and Kashmir Circle,194201,194202
1,New Delhi NSH,ICH Leh,L2,Jammu and Kashmir Circle,194301,194303
1,New Delhi NSH,ICH Leh,L2,Jammu and Kashmir Circle,194401,194401
1,Ahmedabad NSH,Ahmedabad NSH,L1,Gujarat Circle,380001,380063
1,Ahmedabad NSH,Ahmedabad NSH,L1,Gujarat Circle,380064,380999
1,Ahmedabad NSH,Ahmedabad NSH,L1,Gujarat Circle,382000,382999
1,Rajkot NSH,Rajkot NSH,L1,Gujarat Circle,360000,360007
1,Rajkot NSH,Rajkot NSH,L1,Gujarat Circle,360008,360509
1,Rajkot NSH,Rajkot NSH,L1,Gujarat Circle,360591,360999
1,Rajkot NSH,Rajkot NSH,L1,Gujarat Circle,363621,363654
1,Rajkot NSH,Rajkot NSH,L1,Gujarat Circle,363656,363670
1,Surat NSH,Surat NSH,L1,Gujarat Circle,394000,394100
1,Surat NSH,Surat NSH,L1,Gujarat Circle,394101,394101
1,Surat NSH,Surat NSH,L1,Gujarat Circle,394102,394104
1,Surat NSH,Surat NSH,L1,Gujarat Circle,394105,394105
1,Surat NSH,Surat NSH,L1,Gujarat Circle,394106,394106
1,Surat NSH,Surat NSH,L1,Gujarat Circle,394107,394107
1,Surat NSH,Surat NSH,L1,Gujarat Circle,394108,394114
1,Surat NSH,Surat NSH,L1,Gujarat Circle,394116,394149
1,Surat NSH,Surat NSH,L1,Gujarat Circle,394150,394150
1,Surat NSH,Surat NSH,L1,Gujarat Circle,394151,394209
1,Surat NSH,Surat NSH,L1,Gujarat Circle,394210,394210
1,Surat NSH,Surat NSH,L1,Gujarat Circle,394211,394220
1,Surat NSH,Surat NSH,L1,Gujarat Circle,394221,394221
1,Surat NSH,Surat NSH,L1,Gujarat Circle,394222,394229
1,Surat NSH,Surat NSH,L1,Gujarat Circle,394230,394230
1,Surat NSH,Surat NSH,L1,Gujarat Circle,394231,394509
1,Surat NSH,Surat NSH,L1,Gujarat Circle,394510,394510
1,Surat NSH,Surat NSH,L1,Gujarat Circle,394511,394517
1,Surat NSH,Surat NSH,L1,Gujarat Circle,394518,394518
1,Surat NSH,Surat NSH,L1,Gujarat Circle,394519,394519
1,Surat NSH,Surat NSH,L1,Gujarat Circle,394520,394520
1,Surat NSH,Surat NSH,L1,Gujarat Circle,394521,394549
1,Surat NSH,Surat NSH,L1,Gujarat Circle,394550,394550
1,Surat NSH,Surat NSH,L1,Gujarat Circle,394551,394809
1,Surat NSH,Surat NSH,L1,Gujarat Circle,394811,394999
1,Surat NSH,Surat NSH,L1,Gujarat Circle,395000,395023
1,Raipur NSH,Durg ICH,L2,Chhattisgarh Circle,490001,490001
1,Raipur NSH,Durg ICH,L2,Chhattisgarh Circle,490002,490011
1,New Delhi NSH,ICH Leh,L2,Jammu and Kashmir Circle,194000,194000
1,Surat NSH,Surat NSH,L1,Gujarat Circle,395024,395999
1,Surat NSH,Surat NSH,L1,Gujarat Circle,396510,396510
1,Ahmedabad NSH,Himatnagar ICH,L2,Gujarat Circle,383000,383002
1,Ahmedabad NSH,Himatnagar ICH,L2,Gujarat Circle,383003,383999
1,Ahmedabad NSH,Mehsana ICH,L2,Gujarat Circle,384000,384005
1,Ahmedabad NSH,Mehsana ICH,L2,Gujarat Circle,384006,384999
1,Ahmedabad NSH,Mehsana ICH,L2,Gujarat Circle,385340,385340
1,Ahmedabad NSH,Mehsana ICH,L2,Gujarat Circle,385350,385350
1,Ahmedabad NSH,Mehsana ICH,L2,Gujarat Circle,385360,385360
1,Ahmedabad NSH,Palanpur ICH,L2,Gujarat Circle,385000,385001
1,Raipur NSH,Raipur NSH,L1,Chhattisgarh Circle,492012,492013
1,Ahmedabad NSH,Palanpur ICH,L2,Gujarat Circle,385002,385339
1,Ahmedabad NSH,Palanpur ICH,L2,Gujarat Circle,385341,385349
1,Ahmedabad NSH,Palanpur ICH,L2,Gujarat Circle,385351,385359
1,Ahmedabad NSH,Palanpur ICH,L2,Gujarat Circle,385361,385999
1,Ahmedabad NSH,Vadodara ICH,L2,Gujarat Circle,390000,390025
1,Ahmedabad NSH,Vadodara ICH,L2,Gujarat Circle,390026,390999
1,Ahmedabad NSH,Vadodara ICH,L2,Gujarat Circle,391000,391799
1,Ahmedabad NSH,Anand ICH,L2,Gujarat Circle,387000,387999
1,Ahmedabad NSH,Anand ICH,L2,Gujarat Circle,388000,388001
1,Ahmedabad NSH,Anand ICH,L2,Gujarat Circle,388002,388269
1,Ahmedabad NSH,Anand ICH,L2,Gujarat Circle,388271,388709
1,Ahmedabad NSH,Anand ICH,L2,Gujarat Circle,388711,388712
1,Ahmedabad NSH,Anand ICH,L2,Gujarat Circle,388714,388999
1,Ahmedabad NSH,Godhra ICH,L2,Gujarat Circle,388270,388270
1,Ahmedabad NSH,Godhra ICH,L2,Gujarat Circle,388710,388710
1,Ahmedabad NSH,Godhra ICH,L2,Gujarat Circle,388713,388713
1,Ahmedabad NSH,Godhra ICH,L2,Gujarat Circle,389000,389002
1,Ahmedabad NSH,Godhra ICH,L2,Gujarat Circle,389003,389999
1,Rajkot NSH,Jamnagar ICH,L2,Gujarat Circle,360510,360540
1,Rajkot NSH,Jamnagar ICH,L2,Gujarat Circle,361000,361008
1,Rajkot NSH,Jamnagar ICH,L2,Gujarat Circle,361009,361999
1,Rajkot NSH,Jamnagar ICH,L2,Gujarat Circle,363655,363655
1,Rajkot NSH,Junagadh ICH,L2,Gujarat Circle,360545,360590
1,Rajkot NSH,Junagadh ICH,L2,Gujarat Circle,362000,362002
1,Rajkot NSH,Junagadh ICH,L2,Gujarat Circle,362015,362015
1,Rajkot NSH,Junagadh ICH,L2,Gujarat Circle,362037,362037
1,Rajkot NSH,Junagadh ICH,L2,Gujarat Circle,362003,362014
1,Rajkot NSH,Junagadh ICH,L2,Gujarat Circle,362016,362036
1,Rajkot NSH,Junagadh ICH,L2,Gujarat Circle,362038,362999
1,Rajkot NSH,Surendranagar ICH,L2,Gujarat Circle,363000,363040
1,Rajkot NSH,Surendranagar ICH,L2,Gujarat Circle,363041,363620
1,Rajkot NSH,Surendranagar ICH,L2,Gujarat Circle,363671,363999
1,Rajkot NSH,Amreli ICH,L2,Gujarat Circle,365000,365001
1,Rajkot NSH,Amreli ICH,L2,Gujarat Circle,365002,365999
1,Rajkot NSH,Amreli ICH,L2,Gujarat Circle,364515,364530
1,Rajkot NSH,Bhavnagar ICH,L2,Gujarat Circle,364000,364006
1,Rajkot NSH,Bhavnagar ICH,L2,Gujarat Circle,364007,364514
1,Rajkot NSH,Bhavnagar ICH,L2,Gujarat Circle,364531,364999
1,Rajkot NSH,Bhuj ICH,L2,Gujarat Circle,370000,370001
1,Rajkot NSH,Bhuj ICH,L2,Gujarat Circle,370002,370999
1,Surat NSH,Valsad ICH,L2,Gujarat Circle,396000,396001
1,Surat NSH,Valsad ICH,L2,Gujarat Circle,396002,396509
1,Surat NSH,Valsad ICH,L2,Gujarat Circle,396511,396999
1,Surat NSH,Bharuch ICH,L2,Gujarat Circle,391800,391999
1,Surat NSH,Bharuch ICH,L2,Gujarat Circle,392000,392015
1,Surat NSH,Bharuch ICH,L2,Gujarat Circle,392016,392999
1,Surat NSH,Bharuch ICH,L2,Gujarat Circle,393000,393999
1,Surat NSH,Bharuch ICH,L2,Gujarat Circle,394115,394115
1,Surat NSH,Bharuch ICH,L2,Gujarat Circle,394810,394810
1,Ambala NSH,Ambala NSH,L1,Haryana Circle,133001,133010
1,Ambala NSH,Ambala NSH,L1,Haryana Circle,133101,133999
1,Ambala NSH,Ambala NSH,L1,Haryana Circle,134001,134008
1,Ambala NSH,Ambala NSH,L1,Haryana Circle,134101,135999
1,Rohtak NSH,Rohtak NSH,L1,Haryana Circle,124001,124001
1,Ambala NSH,ICH KALKA,L2,Himachal Pradesh Circle,173102,173102
1,Ambala NSH,ICH KALKA,L2,Himachal Pradesh Circle,173104,173104
1,Ambala NSH,ICH KALKA,L2,Himachal Pradesh Circle,173201,173202
1,Ambala NSH,ICH KALKA,L2,Himachal Pradesh Circle,173204,173211
1,Ambala NSH,ICH KALKA,L2,Himachal Pradesh Circle,173212,173212
1,Ambala NSH,ICH KALKA,L2,Himachal Pradesh Circle,173213,173215
1,Ambala NSH,ICH KALKA,L2,Himachal Pradesh Circle,173217,173218
1,Ambala NSH,ICH KALKA,L2,Himachal Pradesh Circle,173220,173223
1,Ambala NSH,ICH KALKA,L2,Himachal Pradesh Circle,173225,173225
1,Ambala NSH,ICH KALKA,L2,Himachal Pradesh Circle,173229,173230
1,Ambala NSH,ICH KALKA,L2,Himachal Pradesh Circle,173233,173236
1,Ambala NSH,ICH KALKA,L2,Himachal Pradesh Circle,174101,174103
1,Ambala NSH,Karnal ICH,L2,Haryana Circle,132001,132001
1,Ambala NSH,Karnal ICH,L2,Haryana Circle,132002,132998
1,Ambala NSH,Karnal ICH,L2,Haryana Circle,136000,136998
1,NSH Gurgaon,FARIDABAD  ICH,L2,Haryana Circle,121001,121015
1,NSH Gurgaon,FARIDABAD  ICH,L2,Haryana Circle,121101,121999
1,Rohtak NSH,Hisar ICH,L2,Haryana Circle,125001,125001
1,Rohtak NSH,Hisar ICH,L2,Haryana Circle,125002,125999
1,Rohtak NSH,ICH Sonepat,L2,Haryana Circle,131001,131001
1,Rohtak NSH,ICH Sonepat,L2,Haryana Circle,131002,131998
1,Pathankot NSH,Pathankot NSH,L1,Himachal Pradesh Circle,176034,176035
1,Pathankot NSH,Pathankot NSH,L1,Himachal Pradesh Circle,176051,176051
1,Pathankot NSH,Pathankot NSH,L1,Himachal Pradesh Circle,176053,176053
1,Pathankot NSH,Pathankot NSH,L1,Himachal Pradesh Circle,176055,176056
1,Pathankot NSH,Pathankot NSH,L1,Himachal Pradesh Circle,176058,176058
1,Pathankot NSH,Pathankot NSH,L1,Himachal Pradesh Circle,176099,176099
1,Shimla NSH,Shimla NSH,L1,Himachal Pradesh Circle,171001,171014
1,Shimla NSH,Shimla NSH,L1,Himachal Pradesh Circle,171015,171199
1,Pathankot NSH,HAMIRPUR(HP) ICH,L2,Himachal Pradesh Circle,174301,174309
1,Pathankot NSH,HAMIRPUR(HP) ICH,L2,Himachal Pradesh Circle,174311,174312
1,Pathankot NSH,HAMIRPUR(HP) ICH,L2,Himachal Pradesh Circle,174314,174317
1,Pathankot NSH,HAMIRPUR(HP) ICH,L2,Himachal Pradesh Circle,174319,174321
1,Pathankot NSH,HAMIRPUR(HP) ICH,L2,Himachal Pradesh Circle,176039,176045
1,Pathankot NSH,HAMIRPUR(HP) ICH,L2,Himachal Pradesh Circle,176048,176049
1,Pathankot NSH,HAMIRPUR(HP) ICH,L2,Himachal Pradesh Circle,176108,176111
1,Pathankot NSH,HAMIRPUR(HP) ICH,L2,Himachal Pradesh Circle,176601,176601
1,Pathankot NSH,HAMIRPUR(HP) ICH,L2,Himachal Pradesh Circle,177001,177001
1,Pathankot NSH,HAMIRPUR(HP) ICH,L2,Himachal Pradesh Circle,177005,177007
1,Pathankot NSH,HAMIRPUR(HP) ICH,L2,Himachal Pradesh Circle,177020,177029
1,Pathankot NSH,HAMIRPUR(HP) ICH,L2,Himachal Pradesh Circle,177031,177031
1,Pathankot NSH,HAMIRPUR(HP) ICH,L2,Himachal Pradesh Circle,177033,177033
1,Pathankot NSH,HAMIRPUR(HP) ICH,L2,Himachal Pradesh Circle,177038,177042
1,Pathankot NSH,HAMIRPUR(HP) ICH,L2,Himachal Pradesh Circle,177044,177045
1,Pathankot NSH,HAMIRPUR(HP) ICH,L2,Himachal Pradesh Circle,177048,177048
1,Pathankot NSH,HAMIRPUR(HP) ICH,L2,Himachal Pradesh Circle,177109,177110
1,Pathankot NSH,HAMIRPUR(HP) ICH,L2,Himachal Pradesh Circle,177118,177119
1,Pathankot NSH,HAMIRPUR(HP) ICH,L2,Himachal Pradesh Circle,177201,177213
1,Pathankot NSH,HAMIRPUR(HP) ICH,L2,Himachal Pradesh Circle,177219,177220
1,Pathankot NSH,HAMIRPUR(HP) ICH,L2,Himachal Pradesh Circle,177301,177301
1,Pathankot NSH,HAMIRPUR(HP) ICH,L2,Himachal Pradesh Circle,177401,177401
1,Pathankot NSH,HAMIRPUR(HP) ICH,L2,Himachal Pradesh Circle,177501,177501
1,Pathankot NSH,HAMIRPUR(HP) ICH,L2,Himachal Pradesh Circle,177601,177601
1,Rohtak NSH,Rohtak NSH,L1,Haryana Circle,124002,124999
1,Pathankot NSH,Pathankot NSH,L1,Himachal Pradesh Circle,176001,176028
1,Pathankot NSH,Pathankot NSH,L1,Himachal Pradesh Circle,176038,176038
1,Pathankot NSH,HAMIRPUR(HP) ICH,L2,Himachal Pradesh Circle,174400,174499
1,Pathankot NSH,HAMIRPUR(HP) ICH,L2,Himachal Pradesh Circle,174500,174599
1,Shimla NSH,Rampur Bsr ICH,L2,Himachal Pradesh Circle,172001,172001
1,Shimla NSH,Rampur Bsr ICH,L2,Himachal Pradesh Circle,172002,172999
1,Jammu NSH,Jammu NSH,L1,Jammu and Kashmir Circle,180001,180007
1,Jammu NSH,Jammu NSH,L1,Jammu and Kashmir Circle,180009,180013
1,Jammu NSH,Jammu NSH,L1,Jammu and Kashmir Circle,180015,180016
1,Jammu NSH,Jammu NSH,L1,Jammu and Kashmir Circle,180017,180017
1,Jammu NSH,Jammu NSH,L1,Jammu and Kashmir Circle,180018,180020
1,Jammu NSH,Jammu NSH,L1,Jammu and Kashmir Circle,181008,181008
1,Jammu NSH,Jammu NSH,L1,Jammu and Kashmir Circle,181101,181102
1,Jammu NSH,Jammu NSH,L1,Jammu and Kashmir Circle,181111,181111
1,Jammu NSH,Jammu NSH,L1,Jammu and Kashmir Circle,181121,181121
1,Jammu NSH,Jammu NSH,L1,Jammu and Kashmir Circle,181122,181122
1,Jammu NSH,Jammu NSH,L1,Jammu and Kashmir Circle,181123,181124
1,Jammu NSH,Jammu NSH,L1,Jammu and Kashmir Circle,181131,181132
1,Jammu NSH,Jammu NSH,L1,Jammu and Kashmir Circle,181133,181133
1,Jammu NSH,Jammu NSH,L1,Jammu and Kashmir Circle,181141,181141
1,Jammu NSH,Jammu NSH,L1,Jammu and Kashmir Circle,181143,181143
1,Jammu NSH,Jammu NSH,L1,Jammu and Kashmir Circle,181145,181145
1,Jammu NSH,Jammu NSH,L1,Jammu and Kashmir Circle,181152,181152
1,Jammu NSH,Jammu NSH,L1,Jammu and Kashmir Circle,181201,181203
1,Jammu NSH,Jammu NSH,L1,Jammu and Kashmir Circle,181204,181204
1,Jammu NSH,Jammu NSH,L1,Jammu and Kashmir Circle,181205,181205
1,Jammu NSH,Jammu NSH,L1,Jammu and Kashmir Circle,181206,181208
1,Jammu NSH,Jammu NSH,L1,Jammu and Kashmir Circle,181221,181221
1,Jammu NSH,Jammu NSH,L1,Jammu and Kashmir Circle,181224,181224
1,Jammu NSH,Jammu NSH,L1,Jammu and Kashmir Circle,182101,182101
1,Jammu NSH,Jammu NSH,L1,Jammu and Kashmir Circle,182104,182104
1,Jammu NSH,Jammu NSH,L1,Jammu and Kashmir Circle,182121,182122
1,Jammu NSH,Jammu NSH,L1,Jammu and Kashmir Circle,182124,182128
1,Jammu NSH,Jammu NSH,L1,Jammu and Kashmir Circle,182141,182148
1,Jammu NSH,Jammu NSH,L1,Jammu and Kashmir Circle,182161,182161
1,Jammu NSH,Jammu NSH,L1,Jammu and Kashmir Circle,182201,182207
1,Jammu NSH,Jammu NSH,L1,Jammu and Kashmir Circle,182221,182222
1,Jammu NSH,Jammu NSH,L1,Jammu and Kashmir Circle,182301,182301
1,Jammu NSH,Jammu NSH,L1,Jammu and Kashmir Circle,182311,182313
1,Jammu NSH,Jammu NSH,L1,Jammu and Kashmir Circle,182315,182315
1,Jammu NSH,Jammu NSH,L1,Jammu and Kashmir Circle,182320,182320
1,Jammu NSH,Jammu NSH,L1,Jammu and Kashmir Circle,184101,184102
1,Jammu NSH,Jammu NSH,L1,Jammu and Kashmir Circle,184104,184104
1,Jammu NSH,Jammu NSH,L1,Jammu and Kashmir Circle,184120,184121
1,Jammu NSH,Jammu NSH,L1,Jammu and Kashmir Circle,184141,184145
1,Jammu NSH,Jammu NSH,L1,Jammu and Kashmir Circle,184148,184148
1,Jammu NSH,Jammu NSH,L1,Jammu and Kashmir Circle,184151,184152
1,Jammu NSH,Jammu NSH,L1,Jammu and Kashmir Circle,184201,184206
1,Jammu NSH,Jammu NSH,L1,Jammu and Kashmir Circle,184210,184210
1,Jammu NSH,Jammu NSH,L1,Jammu and Kashmir Circle,185101,185102
1,Jammu NSH,Jammu NSH,L1,Jammu and Kashmir Circle,185121,185121
1,Jammu NSH,Jammu NSH,L1,Jammu and Kashmir Circle,185131,185133
1,Jammu NSH,Jammu NSH,L1,Jammu and Kashmir Circle,185135,185135
1,Jammu NSH,Jammu NSH,L1,Jammu and Kashmir Circle,185151,185156
1,Jammu NSH,Jammu NSH,L1,Jammu and Kashmir Circle,185201,185203
1,Jammu NSH,Jammu NSH,L1,Jammu and Kashmir Circle,185211,185212
1,Jammu NSH,Jammu NSH,L1,Jammu and Kashmir Circle,185233,185234
1,Srinagar NSH,Srinagar NSH,L1,Jammu and Kashmir Circle,190001,190012
1,Srinagar NSH,Srinagar NSH,L1,Jammu and Kashmir Circle,190014,190015
1,Srinagar NSH,Srinagar NSH,L1,Jammu and Kashmir Circle,190017,190021
1,Srinagar NSH,Srinagar NSH,L1,Jammu and Kashmir Circle,190023,190025
1,Srinagar NSH,Srinagar NSH,L1,Jammu and Kashmir Circle,191101,191101
1,Srinagar NSH,Srinagar NSH,L1,Jammu and Kashmir Circle,191102,191103
1,Srinagar NSH,Srinagar NSH,L1,Jammu and Kashmir Circle,191111,191113
1,Srinagar NSH,Srinagar NSH,L1,Jammu and Kashmir Circle,191121,191121
1,Srinagar NSH,Srinagar NSH,L1,Jammu and Kashmir Circle,191131,191132
1,Srinagar NSH,Srinagar NSH,L1,Jammu and Kashmir Circle,191201,191202
1,Srinagar NSH,Srinagar NSH,L1,Jammu and Kashmir Circle,192101,192101
1,Srinagar NSH,Srinagar NSH,L1,Jammu and Kashmir Circle,192121,192126
1,Srinagar NSH,Srinagar NSH,L1,Jammu and Kashmir Circle,192129,192129
1,Srinagar NSH,Srinagar NSH,L1,Jammu and Kashmir Circle,192201,192202
1,Srinagar NSH,Srinagar NSH,L1,Jammu and Kashmir Circle,192210,192212
1,Srinagar NSH,Srinagar NSH,L1,Jammu and Kashmir Circle,192221,192221
1,Srinagar NSH,Srinagar NSH,L1,Jammu and Kashmir Circle,192231,192233
1,Srinagar NSH,Srinagar NSH,L1,Jammu and Kashmir Circle,192301,192305
1,Srinagar NSH,Srinagar NSH,L1,Jammu and Kashmir Circle,192401,192401
1,Srinagar NSH,Srinagar NSH,L1,Jammu and Kashmir Circle,193101,193101
1,Srinagar NSH,Srinagar NSH,L1,Jammu and Kashmir Circle,193103,193103
1,Srinagar NSH,Srinagar NSH,L1,Jammu and Kashmir Circle,193108,193109
1,Srinagar NSH,Srinagar NSH,L1,Jammu and Kashmir Circle,193121,193123
1,Srinagar NSH,Srinagar NSH,L1,Jammu and Kashmir Circle,193201,193201
1,Srinagar NSH,Srinagar NSH,L1,Jammu and Kashmir Circle,193221,193225
1,Srinagar NSH,Srinagar NSH,L1,Jammu and Kashmir Circle,193301,193303
1,Srinagar NSH,Srinagar NSH,L1,Jammu and Kashmir Circle,193306,193306
1,Srinagar NSH,Srinagar NSH,L1,Jammu and Kashmir Circle,193401,193404
1,Srinagar NSH,Srinagar NSH,L1,Jammu and Kashmir Circle,193411,193411
1,Srinagar NSH,Srinagar NSH,L1,Jammu and Kashmir Circle,193501,193505
1,Ranchi NSH,Ranchi NSH,L1,Jharkhand Circle,825101,825101
1,Ranchi NSH,Ranchi NSH,L1,Jharkhand Circle,825301,825303
1,Ranchi NSH,Ranchi NSH,L1,Jharkhand Circle,825311,825317
1,Ranchi NSH,Ranchi NSH,L1,Jharkhand Circle,825319,825319
1,Ranchi NSH,Ranchi NSH,L1,Jharkhand Circle,825321,825321
1,Ranchi NSH,Ranchi NSH,L1,Jharkhand Circle,825325,825326
1,Ranchi NSH,Ranchi NSH,L1,Jharkhand Circle,825330,825330
1,Ranchi NSH,Ranchi NSH,L1,Jharkhand Circle,825336,825336
1,Ranchi NSH,Ranchi NSH,L1,Jharkhand Circle,825402,825402
1,Ranchi NSH,Ranchi NSH,L1,Jharkhand Circle,825411,825411
1,Ranchi NSH,Ranchi NSH,L1,Jharkhand Circle,825415,825415
1,Ranchi NSH,Ranchi NSH,L1,Jharkhand Circle,829101,829103
1,Ranchi NSH,Ranchi NSH,L1,Jharkhand Circle,829105,829106
1,Ranchi NSH,Ranchi NSH,L1,Jharkhand Circle,829108,829110
1,Ranchi NSH,Ranchi NSH,L1,Jharkhand Circle,829117,829119
1,Ranchi NSH,Ranchi NSH,L1,Jharkhand Circle,829122,829122
1,Ranchi NSH,Ranchi NSH,L1,Jharkhand Circle,829124,829126
1,Ranchi NSH,Ranchi NSH,L1,Jharkhand Circle,829130,829131
1,Ranchi NSH,Ranchi NSH,L1,Jharkhand Circle,829133,829135
1,Ranchi NSH,Ranchi NSH,L1,Jharkhand Circle,829143,829143
1,Ranchi NSH,Ranchi NSH,L1,Jharkhand Circle,829150,829150
1,Ranchi NSH,Ranchi NSH,L1,Jharkhand Circle,834001,834012
1,Ranchi NSH,Ranchi NSH,L2,Jharkhand Circle,834017,834017
1,Ranchi NSH,Ranchi NSH,L1,Jharkhand Circle,835101,835103
1,Ranchi NSH,Ranchi NSH,L1,Jharkhand Circle,835201,835235
1,Ranchi NSH,Ranchi NSH,L1,Jharkhand Circle,835301,835303
1,Ranchi NSH,Ranchi NSH,L1,Jharkhand Circle,835325,835325
1,Ranchi NSH,Daltonganj ICH,L2,Jharkhand Circle,822101,822102
1,Ranchi NSH,Daltonganj ICH,L2,Jharkhand Circle,822110,822126
1,Ranchi NSH,Daltonganj ICH,L2,Jharkhand Circle,822128,822129
1,Ranchi NSH,Daltonganj ICH,L2,Jharkhand Circle,822131,822134
1,Ranchi NSH,Daltonganj ICH,L2,Jharkhand Circle,829201,829210
1,Ranchi NSH,ICH Koderma,L2,Jharkhand Circle,825103,825103
1,Ranchi NSH,ICH Koderma,L2,Jharkhand Circle,825109,825109
1,Ranchi NSH,ICH Koderma,L2,Jharkhand Circle,825132,825132
1,Ranchi NSH,ICH Koderma,L2,Jharkhand Circle,825318,825318
1,Ranchi NSH,ICH Koderma,L2,Jharkhand Circle,825323,825323
1,Ranchi NSH,ICH Koderma,L2,Jharkhand Circle,825401,825401
1,Ranchi NSH,ICH Koderma,L2,Jharkhand Circle,825403,825410
1,Ranchi NSH,ICH Koderma,L2,Jharkhand Circle,825413,825414
1,Ranchi NSH,ICH Koderma,L2,Jharkhand Circle,825418,825418
1,Ranchi NSH,ICH Koderma,L2,Jharkhand Circle,825421,825421
1,Ranchi NSH,BDeoghar ICH,L2,Jharkhand Circle,813208,813208
1,Ranchi NSH,BDeoghar ICH,L2,Jharkhand Circle,814101,814103
1,Ranchi NSH,BDeoghar ICH,L2,Jharkhand Circle,814110,814114
1,Ranchi NSH,BDeoghar ICH,L2,Jharkhand Circle,814115,814117
1,Ranchi NSH,BDeoghar ICH,L2,Jharkhand Circle,814118,814120
1,Ranchi NSH,BDeoghar ICH,L2,Jharkhand Circle,814133,814133
1,Ranchi NSH,BDeoghar ICH,L2,Jharkhand Circle,814141,814158
1,Ranchi NSH,BDeoghar ICH,L2,Jharkhand Circle,814160,814160
1,Ranchi NSH,BDeoghar ICH,L2,Jharkhand Circle,814165,814167
1,Srinagar NSH,Srinagar NSH,L1,Jammu and Kashmir Circle,190000,190000
1,Ranchi NSH,BDeoghar ICH,L2,Jharkhand Circle,815351,815355
1,Ranchi NSH,BDeoghar ICH,L2,Jharkhand Circle,815357,815357
1,Ranchi NSH,BDeoghar ICH,L2,Jharkhand Circle,815359,815359
1,Ranchi NSH,BDeoghar ICH,L2,Jharkhand Circle,816101,816110
1,Ranchi NSH,BDeoghar ICH,L2,Jharkhand Circle,816115,816118
1,Ranchi NSH,BDeoghar ICH,L2,Jharkhand Circle,816120,816120
1,Ranchi NSH,BDeoghar ICH,L2,Jharkhand Circle,816129,816129
1,Ranchi NSH,Dhanbad ICH,L2,Jharkhand Circle,815301,815302
1,Ranchi NSH,Dhanbad ICH,L2,Jharkhand Circle,815311,815318
1,Ranchi NSH,Dhanbad ICH,L2,Jharkhand Circle,825102,825102
1,Ranchi NSH,Dhanbad ICH,L2,Jharkhand Circle,825106,825106
1,Ranchi NSH,Dhanbad ICH,L2,Jharkhand Circle,825108,825108
1,Ranchi NSH,Dhanbad ICH,L2,Jharkhand Circle,825167,825167
1,Ranchi NSH,Dhanbad ICH,L2,Jharkhand Circle,825320,825320
1,Ranchi NSH,Dhanbad ICH,L2,Jharkhand Circle,825322,825322
1,Ranchi NSH,Dhanbad ICH,L2,Jharkhand Circle,825324,825324
1,Ranchi NSH,Dhanbad ICH,L2,Jharkhand Circle,825329,825329
1,Ranchi NSH,Dhanbad ICH,L2,Jharkhand Circle,825412,825412
1,Ranchi NSH,Dhanbad ICH,L2,Jharkhand Circle,826001,826001
1,Ranchi NSH,Dhanbad ICH,L2,Jharkhand Circle,826003,826010
1,Ranchi NSH,Dhanbad ICH,L2,Jharkhand Circle,826012,826013
1,Ranchi NSH,Dhanbad ICH,L2,Jharkhand Circle,827001,827001
1,Ranchi NSH,Dhanbad ICH,L2,Jharkhand Circle,827003,827004
1,Ranchi NSH,Dhanbad ICH,L2,Jharkhand Circle,827006,827006
1,Ranchi NSH,Dhanbad ICH,L2,Jharkhand Circle,827009,827010
1,Ranchi NSH,Dhanbad ICH,L2,Jharkhand Circle,827012,827015
1,Ranchi NSH,Dhanbad ICH,L2,Jharkhand Circle,827302,827302
1,Ranchi NSH,Dhanbad ICH,L2,Jharkhand Circle,828101,828101
1,Ranchi NSH,Dhanbad ICH,L2,Jharkhand Circle,828103,828117
1,Ranchi NSH,Dhanbad ICH,L2,Jharkhand Circle,828119,828135
1,Ranchi NSH,Dhanbad ICH,L2,Jharkhand Circle,828142,828142
1,Ranchi NSH,Dhanbad ICH,L2,Jharkhand Circle,828201,828207
1,Ranchi NSH,Dhanbad ICH,L2,Jharkhand Circle,828301,828307
1,Ranchi NSH,Dhanbad ICH,L2,Jharkhand Circle,828309,828309
1,Ranchi NSH,Dhanbad ICH,L2,Jharkhand Circle,828401,828404
1,Ranchi NSH,Dhanbad ICH,L2,Jharkhand Circle,829104,829104
1,Ranchi NSH,Dhanbad ICH,L2,Jharkhand Circle,829107,829107
1,Ranchi NSH,Dhanbad ICH,L2,Jharkhand Circle,829111,829114
1,Ranchi NSH,Dhanbad ICH,L2,Jharkhand Circle,829116,829116
1,Ranchi NSH,Dhanbad ICH,L2,Jharkhand Circle,829121,829121
1,Ranchi NSH,Dhanbad ICH,L2,Jharkhand Circle,829123,829123
1,Ranchi NSH,Dhanbad ICH,L2,Jharkhand Circle,829127,829129
1,Ranchi NSH,Dhanbad ICH,L2,Jharkhand Circle,829132,829132
1,Ranchi NSH,Dhanbad ICH,L2,Jharkhand Circle,829144,829144
1,Ranchi NSH,Dhanbad ICH,L2,Jharkhand Circle,829149,829149
1,Ranchi NSH,Dhanbad ICH,L2,Jharkhand Circle,829301,829301
1,Ranchi NSH,Jamshedpur ICH,L2,Jharkhand Circle,831001,831007
1,Ranchi NSH,Jamshedpur ICH,L2,Jharkhand Circle,831009,831009
1,Ranchi NSH,Jamshedpur ICH,L2,Jharkhand Circle,831011,831017
1,Ranchi NSH,Jamshedpur ICH,L2,Jharkhand Circle,831019,831020
1,Ranchi NSH,Jamshedpur ICH,L2,Jharkhand Circle,832101,832109
1,Ranchi NSH,Jamshedpur ICH,L2,Jharkhand Circle,832111,832113
1,Ranchi NSH,Jamshedpur ICH,L2,Jharkhand Circle,832301,832304
1,Ranchi NSH,Jamshedpur ICH,L2,Jharkhand Circle,832401,832404
1,Ranchi NSH,Jamshedpur ICH,L2,Jharkhand Circle,833101,833106
1,Ranchi NSH,Jamshedpur ICH,L2,Jharkhand Circle,833201,833204
1,Ranchi NSH,Jamshedpur ICH,L2,Jharkhand Circle,833212,833223
1,Bengaluru NSH,Bengaluru NSH,L1,Karnataka Circle,560001,560119
1,Bengaluru NSH,Bengaluru NSH,L1,Karnataka Circle,560300,560300
1,Bengaluru NSH,Bengaluru NSH,L1,Karnataka Circle,560500,560500
1,Bengaluru NSH,Bengaluru NSH,L1,Karnataka Circle,561101,561201
1,Bengaluru NSH,Bengaluru NSH,L1,Karnataka Circle,561203,562999
1,Mangaluru NSH,Mangaluru NSH,L1,Karnataka Circle,575001,575030
1,Hubballi Dharwad NSH,Hubballi Dharwad NSH,L1,Karnataka Circle,580001,580032
1,Hubballi Dharwad NSH,Hubballi Dharwad NSH,L1,Karnataka Circle,580112,581229
1,Hubballi Dharwad NSH,Hubballi Dharwad NSH,L1,Karnataka Circle,581309,581313
1,Hubballi Dharwad NSH,Hubballi Dharwad NSH,L1,Karnataka Circle,581315,581315
1,Hubballi Dharwad NSH,Hubballi Dharwad NSH,L1,Karnataka Circle,581318,581318
1,Hubballi Dharwad NSH,Hubballi Dharwad NSH,L1,Karnataka Circle,581325,581325
1,Hubballi Dharwad NSH,Hubballi Dharwad NSH,L1,Karnataka Circle,581329,581329
1,Hubballi Dharwad NSH,Hubballi Dharwad NSH,L1,Karnataka Circle,581331,581331
1,Hubballi Dharwad NSH,Hubballi Dharwad NSH,L1,Karnataka Circle,581336,581337
1,Hubballi Dharwad NSH,Hubballi Dharwad NSH,L1,Karnataka Circle,581340,581340
1,Hubballi Dharwad NSH,Hubballi Dharwad NSH,L1,Karnataka Circle,581346,581347
1,Hubballi Dharwad NSH,Hubballi Dharwad NSH,L1,Karnataka Circle,581349,581349
1,Hubballi Dharwad NSH,Hubballi Dharwad NSH,L1,Karnataka Circle,581355,581356
1,Hubballi Dharwad NSH,Hubballi Dharwad NSH,L1,Karnataka Circle,581358,581359
1,Hubballi Dharwad NSH,Hubballi Dharwad NSH,L1,Karnataka Circle,581363,581383
1,Hubballi Dharwad NSH,Hubballi Dharwad NSH,L1,Karnataka Circle,581385,581395
1,Hubballi Dharwad NSH,Hubballi Dharwad NSH,L1,Karnataka Circle,581397,581399
1,Hubballi Dharwad NSH,Hubballi Dharwad NSH,L1,Karnataka Circle,581401,581420
1,Hubballi Dharwad NSH,Hubballi Dharwad NSH,L1,Karnataka Circle,581422,581422
1,Hubballi Dharwad NSH,Hubballi Dharwad NSH,L1,Karnataka Circle,581424,581439
1,Hubballi Dharwad NSH,Hubballi Dharwad NSH,L1,Karnataka Circle,581441,581499
1,Hubballi Dharwad NSH,Hubballi Dharwad NSH,L1,Karnataka Circle,582101,582999
1,Bengaluru NSH,Tumakuru ICH,L2,Karnataka Circle,572101,572108
1,Bengaluru NSH,Tumakuru ICH,L2,Karnataka Circle,572111,572999
1,Bengaluru NSH,Tumakuru ICH,L2,Karnataka Circle,561202,561202
1,Bengaluru NSH,BANGARPET ICH,L2,Karnataka Circle,563101,563104
1,Bengaluru NSH,BANGARPET ICH,L2,Karnataka Circle,563111,563999
1,Bengaluru NSH,DAVANAGERE ICH,L2,Karnataka Circle,577001,577009
1,Bengaluru NSH,DAVANAGERE ICH,L2,Karnataka Circle,577213,577213
1,Bengaluru NSH,DAVANAGERE ICH,L2,Karnataka Circle,577215,577215
1,Bengaluru NSH,DAVANAGERE ICH,L2,Karnataka Circle,577217,577219
1,Bengaluru NSH,DAVANAGERE ICH,L2,Karnataka Circle,577221,577221
1,Bengaluru NSH,DAVANAGERE ICH,L2,Karnataka Circle,577223,577225
1,Bengaluru NSH,DAVANAGERE ICH,L2,Karnataka Circle,577230,577231
1,Bengaluru NSH,DAVANAGERE ICH,L2,Karnataka Circle,577601,577601
1,Bengaluru NSH,Arsikere ICH,L2,Karnataka Circle,573103,573103
1,Bengaluru NSH,Arsikere ICH,L2,Karnataka Circle,573101,573102
1,Bengaluru NSH,Arsikere ICH,L2,Karnataka Circle,573104,573999
1,Bengaluru NSH,Arsikere ICH,L2,Karnataka Circle,577228,577228
1,Bengaluru NSH,Arsikere ICH,L2,Karnataka Circle,577547,577550
1,Bengaluru NSH,SHIVAMOGGA ICH,L2,Karnataka Circle,577201,577205
1,Bengaluru NSH,SHIVAMOGGA ICH,L2,Karnataka Circle,577245,577245
1,Bengaluru NSH,SHIVAMOGGA ICH,L2,Karnataka Circle,577229,577229
1,Bengaluru NSH,SHIVAMOGGA ICH,L2,Karnataka Circle,577401,577453
1,Bengaluru NSH,SHIVAMOGGA ICH,L2,Karnataka Circle,577115,577115
1,Bengaluru NSH,SHIVAMOGGA ICH,L2,Karnataka Circle,577301,577302
1,Bengaluru NSH,Mysuru ICH,L2,Karnataka Circle,570001,570034
1,Bengaluru NSH,Mysuru ICH,L2,Karnataka Circle,571101,571189
1,Bengaluru NSH,Mysuru ICH,L2,Karnataka Circle,571201,571299
1,Bengaluru NSH,Mysuru ICH,L2,Karnataka Circle,571301,571399
1,Bengaluru NSH,Mysuru ICH,L2,Karnataka Circle,571401,571499
1,Bengaluru NSH,Mysuru ICH,L2,Karnataka Circle,571601,571699
1,Bengaluru NSH,Mysuru ICH,L2,Karnataka Circle,571802,571812
1,Hubballi Dharwad NSH,Kumta ICH,L2,Karnataka Circle,581330,581330
1,Hubballi Dharwad NSH,Kumta ICH,L2,Karnataka Circle,581322,581322
1,Hubballi Dharwad NSH,Kumta ICH,L2,Karnataka Circle,581343,581343
1,Hubballi Dharwad NSH,Kumta ICH,L2,Karnataka Circle,581362,581362
1,Hubballi Dharwad NSH,Kumta ICH,L2,Karnataka Circle,581301,581308
1,Hubballi Dharwad NSH,Kumta ICH,L2,Karnataka Circle,581314,581314
1,Hubballi Dharwad NSH,Kumta ICH,L2,Karnataka Circle,581316,581317
1,Hubballi Dharwad NSH,Kumta ICH,L2,Karnataka Circle,581319,581321
1,Hubballi Dharwad NSH,Kumta ICH,L2,Karnataka Circle,581323,581324
1,Hubballi Dharwad NSH,Kumta ICH,L2,Karnataka Circle,581326,581328
1,Hubballi Dharwad NSH,Kumta ICH,L2,Karnataka Circle,581332,581335
1,Hubballi Dharwad NSH,Kumta ICH,L2,Karnataka Circle,581338,581339
1,Hubballi Dharwad NSH,Kumta ICH,L2,Karnataka Circle,581341,581342
1,Hubballi Dharwad NSH,Kumta ICH,L2,Karnataka Circle,581344,581345
1,Hubballi Dharwad NSH,Kumta ICH,L2,Karnataka Circle,581348,581348
1,Hubballi Dharwad NSH,Kumta ICH,L2,Karnataka Circle,581350,581354
1,Bengaluru NSH,DAVANAGERE ICH,L2,Karnataka Circle,577501,577546
1,Bengaluru NSH,Arsikere ICH,L2,Karnataka Circle,577101,577114
1,Hubballi Dharwad NSH,Kumta ICH,L2,Karnataka Circle,581357,581357
1,Hubballi Dharwad NSH,Kumta ICH,L2,Karnataka Circle,581360,581361
1,Hubballi Dharwad NSH,Kumta ICH,L2,Karnataka Circle,581384,581384
1,Hubballi Dharwad NSH,Kumta ICH,L2,Karnataka Circle,581396,581396
1,Hubballi Dharwad NSH,Kumta ICH,L2,Karnataka Circle,581400,581400
1,Hubballi Dharwad NSH,Kumta ICH,L2,Karnataka Circle,581421,581421
1,Hubballi Dharwad NSH,Kumta ICH,L2,Karnataka Circle,581423,581423
1,Hubballi Dharwad NSH,Kumta ICH,L2,Karnataka Circle,581440,581440
1,Hubballi Dharwad NSH,Hosapete ICH,L2,Karnataka Circle,583201,583201
1,Hubballi Dharwad NSH,Hosapete ICH,L2,Karnataka Circle,583203,583203
1,Hubballi Dharwad NSH,Hosapete ICH,L2,Karnataka Circle,583211,583211
1,Hubballi Dharwad NSH,Hosapete ICH,L2,Karnataka Circle,583225,583225
1,Hubballi Dharwad NSH,Vijayapura ICH,L2,Karnataka Circle,586101,586109
1,Hubballi Dharwad NSH,Vijayapura ICH,L2,Karnataka Circle,586110,586217
1,Hubballi Dharwad NSH,Bagalkot ICH,L2,Karnataka Circle,587101,587104
1,Hubballi Dharwad NSH,Bagalkot ICH,L2,Karnataka Circle,587111,587111
1,Hubballi Dharwad NSH,Bagalkot ICH,L2,Karnataka Circle,587112,587330
1,Hubballi Dharwad NSH,Belagavi ICH,L2,Karnataka Circle,590001,590019
1,Hubballi Dharwad NSH,Belagavi ICH,L2,Karnataka Circle,590020,591999
1,Hyderabad NSH,Raichur ICH,L2,Karnataka Circle,584101,584104
1,Hyderabad NSH,Raichur ICH,L2,Karnataka Circle,584105,584203
1,Hyderabad NSH,Kalaburagi ICH,L2,Karnataka Circle,585101,585107
1,Hyderabad NSH,Kalaburagi ICH,L2,Karnataka Circle,585108,585999
1,Kochi NSH,Kochi NSH,L1,Kerala Circle,682000,682006
1,Kochi NSH,Kochi NSH,L1,Kerala Circle,682007,682008
1,Kochi NSH,Kochi NSH,L1,Kerala Circle,682009,682010
1,Kochi NSH,Kochi NSH,L1,Kerala Circle,682011,682011
1,Kochi NSH,Kochi NSH,L1,Kerala Circle,682012,682013
1,Kochi NSH,Kochi NSH,L1,Kerala Circle,682015,682020
1,Kochi NSH,Kochi NSH,L1,Kerala Circle,682021,682022
1,Kochi NSH,Kochi NSH,L1,Kerala Circle,682023,682026
1,Kochi NSH,Kochi NSH,L1,Kerala Circle,682027,682027
1,Kochi NSH,Kochi NSH,L1,Kerala Circle,682028,682029
1,Kochi NSH,Kochi NSH,L1,Kerala Circle,682030,682030
1,Kochi NSH,Kochi NSH,L1,Kerala Circle,682031,682032
1,Kochi NSH,Kochi NSH,L1,Kerala Circle,682033,682034
1,Kochi NSH,Kochi NSH,L1,Kerala Circle,682035,682036
1,Kochi NSH,Kochi NSH,L1,Kerala Circle,682037,682037
1,Kochi NSH,Kochi NSH,L1,Kerala Circle,682038,682038
1,Kochi NSH,Kochi NSH,L1,Kerala Circle,682039,682040
1,Kochi NSH,Kochi NSH,L1,Kerala Circle,682041,682041
1,Kochi NSH,Kochi NSH,L1,Kerala Circle,682042,682042
1,Kochi NSH,Kochi NSH,L1,Kerala Circle,682050,682052
1,Kochi NSH,Kochi NSH,L1,Kerala Circle,682301,682317
1,Kochi NSH,Kochi NSH,L1,Kerala Circle,682501,682559
1,Kochi NSH,Kochi NSH,L1,Kerala Circle,683101,683112
1,Kochi NSH,Kochi NSH,L1,Kerala Circle,683501,683503
1,Kochi NSH,Kochi NSH,L1,Kerala Circle,683511,683522
1,Kochi NSH,Kochi NSH,L1,Kerala Circle,683541,683550
1,Kochi NSH,Kochi NSH,L1,Kerala Circle,683556,683556
1,Kochi NSH,Kochi NSH,L1,Kerala Circle,683561,683565
1,Kochi NSH,Kochi NSH,L1,Kerala Circle,683571,683581
1,Kochi NSH,Kochi NSH,L1,Kerala Circle,683585,683585
1,Kochi NSH,Kochi NSH,L1,Kerala Circle,683587,683587
1,Kochi NSH,Kochi NSH,L1,Kerala Circle,683589,683589
1,Kochi NSH,Kochi NSH,L1,Kerala Circle,683594,683594
1,Kochi NSH,Kochi NSH,L1,Kerala Circle,686664,686664
1,Kochi NSH,Kochi NSH,L1,Kerala Circle,686666,686666
1,Kochi NSH,Kochi NSH,L1,Kerala Circle,686681,686681
1,Kochi NSH,Kochi NSH,L1,Kerala Circle,686691,686693
1,Trivandrum NSH,Trivandrum NSH,L1,Kerala Circle,695001,695099
1,Trivandrum NSH,Trivandrum NSH,L1,Kerala Circle,695101,695104
1,Trivandrum NSH,Trivandrum NSH,L1,Kerala Circle,695121,695146
1,Trivandrum NSH,Trivandrum NSH,L1,Kerala Circle,695301,695318
1,Trivandrum NSH,Trivandrum NSH,L1,Kerala Circle,695501,695527
1,Trivandrum NSH,Trivandrum NSH,L1,Kerala Circle,695528,695528
1,Trivandrum NSH,Trivandrum NSH,L1,Kerala Circle,695541,695589
1,Trivandrum NSH,Trivandrum NSH,L1,Kerala Circle,695601,695615
1,Kochi NSH,KASARGOD ICH,L2,Kerala Circle,671121,671124
1,Kochi NSH,KASARGOD ICH,L2,Kerala Circle,671310,671326
1,Kochi NSH,KASARGOD ICH,L2,Kerala Circle,671348,671348
1,Kochi NSH,KASARGOD ICH,L2,Kerala Circle,671351,671351
1,Kochi NSH,KASARGOD ICH,L2,Kerala Circle,671531,671534
1,Kochi NSH,KASARGOD ICH,L2,Kerala Circle,671541,671543
1,Kochi NSH,KASARGOD ICH,L2,Kerala Circle,671551,671552
1,Kochi NSH,Thodupuzha ICH,L2,Kerala Circle,685501,685583
1,Kochi NSH,Thodupuzha ICH,L2,Kerala Circle,685584,685584
1,Kochi NSH,Thodupuzha ICH,L2,Kerala Circle,685585,685620
1,Kochi NSH,Kottayam ICH,L2,Kerala Circle,686001,686022
1,Kochi NSH,Kottayam ICH,L2,Kerala Circle,686041,686041
1,Kochi NSH,Kottayam ICH,L2,Kerala Circle,686101,686106
1,Kochi NSH,Kottayam ICH,L2,Kerala Circle,686121,686123
1,Kochi NSH,Kottayam ICH,L2,Kerala Circle,686141,686141
1,Kochi NSH,Kottayam ICH,L2,Kerala Circle,686143,686144
1,Kochi NSH,Kottayam ICH,L2,Kerala Circle,686146,686146
1,Kochi NSH,Kottayam ICH,L2,Kerala Circle,686501,686522
1,Kochi NSH,Kottayam ICH,L2,Kerala Circle,686531,686548
1,Kochi NSH,Kottayam ICH,L2,Kerala Circle,686555,686555
1,Kochi NSH,Kottayam ICH,L2,Kerala Circle,686560,686564
1,Kochi NSH,Kottayam ICH,L2,Kerala Circle,686571,686587
1,Kochi NSH,Kottayam ICH,L2,Kerala Circle,686601,686613
1,Kochi NSH,Kottayam ICH,L2,Kerala Circle,686616,686616
1,Kochi NSH,Kottayam ICH,L2,Kerala Circle,686630,686637
1,Kochi NSH,Kottayam ICH,L2,Kerala Circle,686651,686653
1,Kochi NSH,Thodupuzha ICH,L2,Kerala Circle,686661,686663
1,Kochi NSH,Thodupuzha ICH,L2,Kerala Circle,686665,686665
1,Kochi NSH,Thodupuzha ICH,L2,Kerala Circle,686667,686673
1,Kochi NSH,Alappuzha ICH,L2,Kerala Circle,688001,688999
1,Kochi NSH,Kozhikode ICH,L2,Kerala Circle,673601,673604
1,Kochi NSH,Kozhikode ICH,L2,Kerala Circle,673611,673614
1,Kochi NSH,Kozhikode ICH,L2,Kerala Circle,673616,673616
1,Kochi NSH,Kozhikode ICH,L2,Kerala Circle,673620,673620
1,Kochi NSH,Kozhikode ICH,L2,Kerala Circle,673001,673012
1,Kochi NSH,Kozhikode ICH,L2,Kerala Circle,673014,673021
1,Kochi NSH,Kozhikode ICH,L2,Kerala Circle,673027,673029
1,Kochi NSH,Kozhikode ICH,L2,Kerala Circle,673032,673032
1,Kochi NSH,Kozhikode ICH,L2,Kerala Circle,673529,673529
1,Kochi NSH,Kozhikode ICH,L2,Kerala Circle,673541,673542
1,Kochi NSH,Kozhikode ICH,L2,Kerala Circle,673570,673578
1,Kochi NSH,Kozhikode ICH,L2,Kerala Circle,673579,673582
1,Kochi NSH,Kozhikode ICH,L2,Kerala Circle,673585,673586
1,Kochi NSH,Kozhikode ICH,L2,Kerala Circle,673591,673593
1,Kochi NSH,Kozhikode ICH,L2,Kerala Circle,673595,673596
1,Kochi NSH,Kannur ICH,L2,Kerala Circle,670001,670014
1,Kochi NSH,Kannur ICH,L2,Kerala Circle,670017,670018
1,Kochi NSH,Kannur ICH,L2,Kerala Circle,670101,670103
1,Kochi NSH,Kannur ICH,L2,Kerala Circle,670105,670107
1,Kochi NSH,Kannur ICH,L2,Kerala Circle,670141,670143
1,Kochi NSH,Kannur ICH,L2,Kerala Circle,670301,670310
1,Kochi NSH,Kannur ICH,L2,Kerala Circle,670325,670325
1,Kochi NSH,Kannur ICH,L2,Kerala Circle,670327,670327
1,Kochi NSH,Kannur ICH,L2,Kerala Circle,670331,670331
1,Kochi NSH,Kannur ICH,L2,Kerala Circle,670334,670334
1,Kochi NSH,Kannur ICH,L2,Kerala Circle,670353,670353
1,Kochi NSH,Kannur ICH,L2,Kerala Circle,670358,670358
1,Kochi NSH,Kannur ICH,L2,Kerala Circle,670501,670504
1,Kochi NSH,Kannur ICH,L2,Kerala Circle,670511,670511
1,Kochi NSH,Kannur ICH,L2,Kerala Circle,670521,670521
1,Kochi NSH,Kannur ICH,L2,Kerala Circle,670561,670563
1,Kochi NSH,Kannur ICH,L2,Kerala Circle,670567,670567
1,Kochi NSH,Thrissur ICH,L2,Kerala Circle,679105,679106
1,Kochi NSH,Thrissur ICH,L2,Kerala Circle,679531,679532
1,Kochi NSH,Thrissur ICH,L2,Kerala Circle,679561,679564
1,Kochi NSH,Thrissur ICH,L2,Kerala Circle,680001,680001
1,Kochi NSH,Thrissur ICH,L2,Kerala Circle,680002,680003
1,Kochi NSH,Thrissur ICH,L2,Kerala Circle,680004,680004
1,Kochi NSH,Thrissur ICH,L2,Kerala Circle,680005,680009
1,Kochi NSH,Thrissur ICH,L2,Kerala Circle,680010,680010
1,Kochi NSH,Thrissur ICH,L2,Kerala Circle,680011,680011
1,Kochi NSH,Thrissur ICH,L2,Kerala Circle,680012,680014
1,Kochi NSH,Thrissur ICH,L2,Kerala Circle,680020,680022
1,Kochi NSH,Thrissur ICH,L2,Kerala Circle,680026,680026
1,Kochi NSH,Thrissur ICH,L2,Kerala Circle,680027,680028
1,Kochi NSH,Thrissur ICH,L2,Kerala Circle,680051,680051
1,Kochi NSH,Thrissur ICH,L2,Kerala Circle,680101,680104
1,Kochi NSH,Thrissur ICH,L2,Kerala Circle,680121,680125
1,Kochi NSH,Thrissur ICH,L2,Kerala Circle,680301,680312
1,Kochi NSH,Thrissur ICH,L2,Kerala Circle,680317,680317
1,Kochi NSH,Thrissur ICH,L2,Kerala Circle,680501,680524
1,Kochi NSH,Thrissur ICH,L2,Kerala Circle,680541,680546
1,Kochi NSH,Thrissur ICH,L2,Kerala Circle,680551,680553
1,Kochi NSH,Thrissur ICH,L2,Kerala Circle,680555,680555
1,Kochi NSH,Thrissur ICH,L2,Kerala Circle,680561,680571
1,Kochi NSH,Thrissur ICH,L2,Kerala Circle,680581,680582
1,Kochi NSH,Thrissur ICH,L2,Kerala Circle,680583,680591
1,Kochi NSH,Thrissur ICH,L2,Kerala Circle,680594,680594
1,Kochi NSH,Thrissur ICH,L2,Kerala Circle,680596,680596
1,Kochi NSH,Thrissur ICH,L2,Kerala Circle,680601,680602
1,Kochi NSH,Thrissur ICH,L2,Kerala Circle,680604,680604
1,Kochi NSH,Thrissur ICH,L2,Kerala Circle,680611,680620
1,Kochi NSH,Thrissur ICH,L2,Kerala Circle,680623,680623
1,Kochi NSH,Thrissur ICH,L2,Kerala Circle,680631,680631
1,Kochi NSH,Thrissur ICH,L2,Kerala Circle,680641,680642
1,Kochi NSH,Thrissur ICH,L2,Kerala Circle,680651,680656
1,Kochi NSH,Thrissur ICH,L2,Kerala Circle,680661,680671
1,Kochi NSH,Thrissur ICH,L2,Kerala Circle,680681,680689
1,Kochi NSH,Thrissur ICH,L2,Kerala Circle,680691,680691
1,Kochi NSH,Thrissur ICH,L2,Kerala Circle,680697,680697
1,Kochi NSH,Thrissur ICH,L2,Kerala Circle,680699,680699
1,Kochi NSH,Thrissur ICH,L2,Kerala Circle,680701,680703
1,Kochi NSH,Thrissur ICH,L2,Kerala Circle,680711,680712
1,Kochi NSH,Thrissur ICH,L2,Kerala Circle,680721,680722
1,Kochi NSH,Thrissur ICH,L2,Kerala Circle,680724,680724
1,Kochi NSH,Thrissur ICH,L2,Kerala Circle,680731,680734
1,Kochi NSH,Thrissur ICH,L2,Kerala Circle,680741,680741
1,Kochi NSH,Thrissur ICH,L2,Kerala Circle,680751,680751
1,Kochi NSH,Kozhikode ICH,L2,Kerala Circle,673661,673661
1,Kochi NSH,Kozhikode ICH,L2,Kerala Circle,673655,673655
1,Kochi NSH,Kozhikode ICH,L2,Kerala Circle,673647,673647
1,Kochi NSH,Kozhikode ICH,L2,Kerala Circle,673101,673102
1,Kochi NSH,Kozhikode ICH,L2,Kerala Circle,673104,673106
1,Kochi NSH,Kozhikode ICH,L2,Kerala Circle,673121,673124
1,Kochi NSH,Kozhikode ICH,L2,Kerala Circle,673301,673307
1,Kochi NSH,Kozhikode ICH,L2,Kerala Circle,673308,673313
1,Kochi NSH,Kozhikode ICH,L2,Kerala Circle,673315,673315
1,Kochi NSH,Kozhikode ICH,L2,Kerala Circle,673316,673316
1,Kochi NSH,Kozhikode ICH,L2,Kerala Circle,673317,673317
1,Kochi NSH,Kozhikode ICH,L2,Kerala Circle,673323,673323
1,Kochi NSH,Kozhikode ICH,L2,Kerala Circle,673328,673328
1,Kochi NSH,Kozhikode ICH,L2,Kerala Circle,673501,673509
1,Kochi NSH,Kozhikode ICH,L2,Kerala Circle,673513,673513
1,Kochi NSH,Kozhikode ICH,L2,Kerala Circle,673517,673517
1,Kochi NSH,Kozhikode ICH,L2,Kerala Circle,673521,673526
1,Kochi NSH,Kozhikode ICH,L2,Kerala Circle,673527,673527
1,Kochi NSH,Kozhikode ICH,L2,Kerala Circle,673528,673528
1,Kochi NSH,Kozhikode ICH,L2,Kerala Circle,673631,673642
1,Kochi NSH,Kozhikode ICH,L2,Kerala Circle,673645,673645
1,Kochi NSH,TIRUR ICH,L2,Kerala Circle,676101,676109
1,Kochi NSH,TIRUR ICH,L2,Kerala Circle,676121,676123
1,Kochi NSH,TIRUR ICH,L2,Kerala Circle,676301,676307
1,Kochi NSH,TIRUR ICH,L2,Kerala Circle,676309,676309
1,Kochi NSH,TIRUR ICH,L2,Kerala Circle,676311,676312
1,Kochi NSH,TIRUR ICH,L2,Kerala Circle,676317,676317
1,Kochi NSH,TIRUR ICH,L2,Kerala Circle,676319,676320
1,Kochi NSH,TIRUR ICH,L2,Kerala Circle,676501,676510
1,Kochi NSH,TIRUR ICH,L2,Kerala Circle,676514,676514
1,Kochi NSH,TIRUR ICH,L2,Kerala Circle,676517,676517
1,Kochi NSH,TIRUR ICH,L2,Kerala Circle,676519,676519
1,Kochi NSH,TIRUR ICH,L2,Kerala Circle,676521,676523
1,Kochi NSH,TIRUR ICH,L2,Kerala Circle,676525,676525
1,Kochi NSH,TIRUR ICH,L2,Kerala Circle,676528,676528
1,Kochi NSH,TIRUR ICH,L2,Kerala Circle,676541,676542
1,Kochi NSH,TIRUR ICH,L2,Kerala Circle,676551,676553
1,Kochi NSH,TIRUR ICH,L2,Kerala Circle,676561,676562
1,Kochi NSH,TIRUR ICH,L2,Kerala Circle,679321,679334
1,Kochi NSH,TIRUR ICH,L2,Kerala Circle,679338,679341
1,Kochi NSH,TIRUR ICH,L2,Kerala Circle,679357,679357
1,Kochi NSH,TIRUR ICH,L2,Kerala Circle,679571,679587
1,Kochi NSH,TIRUR ICH,L2,Kerala Circle,679591,679591
1,Kochi NSH,TIRUR ICH,L2,Kerala Circle,673314,673314
1,Kochi NSH,Kannur ICH,L2,Kerala Circle,670571,670571
1,Kochi NSH,Kannur ICH,L2,Kerala Circle,670581,670582
1,Kochi NSH,Kannur ICH,L2,Kerala Circle,670591,670595
1,Kochi NSH,Kannur ICH,L2,Kerala Circle,670601,670602
1,Kochi NSH,Kannur ICH,L2,Kerala Circle,670604,670604
1,Kochi NSH,Kannur ICH,L2,Kerala Circle,670611,670613
1,Kochi NSH,Kannur ICH,L2,Kerala Circle,670621,670622
1,Kochi NSH,Kannur ICH,L2,Kerala Circle,670631,670633
1,Kochi NSH,Kannur ICH,L2,Kerala Circle,670641,670646
1,Kochi NSH,Kannur ICH,L2,Kerala Circle,670649,670651
1,Kochi NSH,Kannur ICH,L2,Kerala Circle,670661,670663
1,Kochi NSH,Kannur ICH,L2,Kerala Circle,670671,670676
1,Kochi NSH,Kannur ICH,L2,Kerala Circle,670691,670694
1,Kochi NSH,Kannur ICH,L2,Kerala Circle,670701,670706
1,Kochi NSH,Kannur ICH,L2,Kerala Circle,670708,670708
1,Kochi NSH,Kannur ICH,L2,Kerala Circle,670721,670721
1,Kochi NSH,Kannur ICH,L2,Kerala Circle,670731,670731
1,Kochi NSH,Kannur ICH,L2,Kerala Circle,670741,670741
1,Coimbatore NSH,Palakkad ICH,L2,Kerala Circle,678012,678014
1,Coimbatore NSH,Palakkad ICH,L2,Kerala Circle,678101,678104
1,Coimbatore NSH,Palakkad ICH,L2,Kerala Circle,678501,678508
1,Coimbatore NSH,Palakkad ICH,L2,Kerala Circle,678510,678510
1,Coimbatore NSH,Palakkad ICH,L2,Kerala Circle,678512,678512
1,Coimbatore NSH,Palakkad ICH,L2,Kerala Circle,678531,678534
1,Coimbatore NSH,Palakkad ICH,L2,Kerala Circle,678541,678546
1,Coimbatore NSH,Palakkad ICH,L2,Kerala Circle,678551,678557
1,Coimbatore NSH,Palakkad ICH,L2,Kerala Circle,678571,678574
1,Coimbatore NSH,Palakkad ICH,L2,Kerala Circle,678581,678583
1,Coimbatore NSH,Palakkad ICH,L2,Kerala Circle,678591,678598
1,Coimbatore NSH,Palakkad ICH,L2,Kerala Circle,678601,678601
1,Coimbatore NSH,Palakkad ICH,L2,Kerala Circle,678611,678613
1,Coimbatore NSH,Palakkad ICH,L2,Kerala Circle,678621,678624
1,Coimbatore NSH,Palakkad ICH,L2,Kerala Circle,678631,678633
1,Coimbatore NSH,Palakkad ICH,L2,Kerala Circle,678641,678642
1,Coimbatore NSH,Palakkad ICH,L2,Kerala Circle,678651,678651
1,Coimbatore NSH,Palakkad ICH,L2,Kerala Circle,678661,678661
1,Coimbatore NSH,Palakkad ICH,L2,Kerala Circle,678671,678671
1,Coimbatore NSH,Palakkad ICH,L2,Kerala Circle,678681,678688
1,Coimbatore NSH,Palakkad ICH,L2,Kerala Circle,678701,678706
1,Coimbatore NSH,Palakkad ICH,L2,Kerala Circle,678721,678722
1,Coimbatore NSH,Palakkad ICH,L2,Kerala Circle,678731,678732
1,Coimbatore NSH,Palakkad ICH,L2,Kerala Circle,678762,678762
1,Coimbatore NSH,Palakkad ICH,L2,Kerala Circle,679101,679104
1,Coimbatore NSH,Palakkad ICH,L2,Kerala Circle,679121,679123
1,Coimbatore NSH,Palakkad ICH,L2,Kerala Circle,679301,679309
1,Coimbatore NSH,Palakkad ICH,L2,Kerala Circle,679313,679313
1,Coimbatore NSH,Palakkad ICH,L2,Kerala Circle,679335,679337
1,Coimbatore NSH,Palakkad ICH,L2,Kerala Circle,679501,679506
1,Coimbatore NSH,Palakkad ICH,L2,Kerala Circle,679511,679516
1,Coimbatore NSH,Palakkad ICH,L2,Kerala Circle,679521,679523
1,Coimbatore NSH,Palakkad ICH,L2,Kerala Circle,679533,679536
1,Coimbatore NSH,Palakkad ICH,L2,Kerala Circle,679551,679554
1,Trivandrum NSH,Tiruvalla ICH,L2,Kerala Circle,689000,689999
1,Trivandrum NSH,Kollam ICH,L2,Kerala Circle,690101,690108
1,Trivandrum NSH,Kollam ICH,L2,Kerala Circle,690110,690110
1,Trivandrum NSH,Kollam ICH,L2,Kerala Circle,690112,690112
1,Trivandrum NSH,Kollam ICH,L2,Kerala Circle,690501,690540
1,Trivandrum NSH,Kollam ICH,L2,Kerala Circle,690542,690542
1,Trivandrum NSH,Kollam ICH,L2,Kerala Circle,690544,690544
1,Trivandrum NSH,Kollam ICH,L2,Kerala Circle,690546,690548
1,Trivandrum NSH,Kollam ICH,L2,Kerala Circle,690558,690559
1,Trivandrum NSH,Kollam ICH,L2,Kerala Circle,690561,690561
1,Trivandrum NSH,Kollam ICH,L2,Kerala Circle,690571,690574
1,Trivandrum NSH,Kollam ICH,L2,Kerala Circle,691001,691016
1,Trivandrum NSH,Kollam ICH,L2,Kerala Circle,691019,691021
1,Trivandrum NSH,Kollam ICH,L2,Kerala Circle,691301,691312
1,Trivandrum NSH,Kollam ICH,L2,Kerala Circle,691319,691319
1,Trivandrum NSH,Kollam ICH,L2,Kerala Circle,691322,691322
1,Trivandrum NSH,Kollam ICH,L2,Kerala Circle,691331,691334
1,Trivandrum NSH,Kollam ICH,L2,Kerala Circle,691500,691512
1,Trivandrum NSH,Kollam ICH,L2,Kerala Circle,691515,691516
1,Trivandrum NSH,Kollam ICH,L2,Kerala Circle,691520,691527
1,Trivandrum NSH,Kollam ICH,L2,Kerala Circle,691530,691538
1,Trivandrum NSH,Kollam ICH,L2,Kerala Circle,691540,691541
1,Trivandrum NSH,Kollam ICH,L2,Kerala Circle,691543,691543
1,Trivandrum NSH,Kollam ICH,L2,Kerala Circle,691551,691557
1,Trivandrum NSH,Kollam ICH,L2,Kerala Circle,691559,691560
1,Trivandrum NSH,Kollam ICH,L2,Kerala Circle,691566,691566
1,Trivandrum NSH,Kollam ICH,L2,Kerala Circle,691571,691574
1,Trivandrum NSH,Kollam ICH,L2,Kerala Circle,691576,691579
1,Trivandrum NSH,Kollam ICH,L2,Kerala Circle,691581,691585
1,Trivandrum NSH,Kollam ICH,L2,Kerala Circle,691589,691602
1,Mumbai NSH,Mumbai NSH,L1,Maharashtra Circle,400001,400104
1,Mumbai NSH,Mumbai NSH,L1,Maharashtra Circle,401101,401103
1,Mumbai NSH,Mumbai NSH,L1,Maharashtra Circle,401105,401107
1,Mumbai NSH,Mumbai NSH,L1,Maharashtra Circle,401201,401204
1,Mumbai NSH,Mumbai NSH,L1,Maharashtra Circle,401207,401209
1,Mumbai NSH,Mumbai NSH,L1,Maharashtra Circle,401303,401305
1,Mumbai NSH,Mumbai NSH,L1,Maharashtra Circle,401401,401405
1,Mumbai NSH,Mumbai NSH,L1,Maharashtra Circle,401501,401506
1,Mumbai NSH,Mumbai NSH,L1,Maharashtra Circle,401601,401608
1,Mumbai NSH,Mumbai NSH,L1,Maharashtra Circle,401701,401703
1,Nagpur NSH,Nagpur NSH,L1,Maharashtra Circle,440001,440003
1,Nagpur NSH,Nagpur NSH,L1,Maharashtra Circle,440005,440008
1,Nagpur NSH,Nagpur NSH,L1,Maharashtra Circle,440010,440010
1,Nagpur NSH,Nagpur NSH,L1,Maharashtra Circle,440012,440015
1,Nagpur NSH,Nagpur NSH,L1,Maharashtra Circle,440016,440016
1,Nagpur NSH,Nagpur NSH,L1,Maharashtra Circle,440017,440020
1,Nagpur NSH,Nagpur NSH,L1,Maharashtra Circle,440021,440021
1,Nagpur NSH,Nagpur NSH,L1,Maharashtra Circle,440022,440022
1,Nagpur NSH,Nagpur NSH,L1,Maharashtra Circle,440023,440023
1,Nagpur NSH,Nagpur NSH,L1,Maharashtra Circle,440024,440027
1,Nagpur NSH,Nagpur NSH,L1,Maharashtra Circle,440029,440030
1,Nagpur NSH,Nagpur NSH,L1,Maharashtra Circle,440032,440037
1,Nagpur NSH,Nagpur NSH,L1,Maharashtra Circle,441001,441001
1,Nagpur NSH,Nagpur NSH,L1,Maharashtra Circle,441101,441113
1,Nagpur NSH,Nagpur NSH,L1,Maharashtra Circle,441122,441123
1,Nagpur NSH,Nagpur NSH,L1,Maharashtra Circle,441214,441214
1,Nagpur NSH,Nagpur NSH,L1,Maharashtra Circle,441301,441306
1,Nagpur NSH,Nagpur NSH,L1,Maharashtra Circle,441401,441404
1,Nagpur NSH,Nagpur NSH,L1,Maharashtra Circle,441501,441502
1,Nagpur NSH,Nagpur NSH,L1,Maharashtra Circle,442001,442001
1,Nagpur NSH,Nagpur NSH,L1,Maharashtra Circle,442101,442106
1,Nagpur NSH,Nagpur NSH,L1,Maharashtra Circle,442201,442203
1,Nagpur NSH,Nagpur NSH,L1,Maharashtra Circle,442301,442307
1,Nashik Road NSH,Nashik Road NSH,L1,Maharashtra Circle,422001,422013
1,Nashik Road NSH,Nashik Road NSH,L1,Maharashtra Circle,422101,422102
1,Nashik Road NSH,Nashik Road NSH,L1,Maharashtra Circle,422103,422104
1,Nashik Road NSH,Nashik Road NSH,L1,Maharashtra Circle,422105,422105
1,Nashik Road NSH,Nashik Road NSH,L1,Maharashtra Circle,422112,422113
1,Nashik Road NSH,Nashik Road NSH,L1,Maharashtra Circle,422201,422215
1,Nashik Road NSH,Nashik Road NSH,L1,Maharashtra Circle,422221,422221
1,Nashik Road NSH,Nashik Road NSH,L1,Maharashtra Circle,422222,422222
1,Nashik Road NSH,Nashik Road NSH,L1,Maharashtra Circle,422301,422306
1,Nashik Road NSH,Nashik Road NSH,L1,Maharashtra Circle,422308,422308
1,Nashik Road NSH,Nashik Road NSH,L1,Maharashtra Circle,422402,422403
1,Nashik Road NSH,Nashik Road NSH,L1,Maharashtra Circle,422501,422501
1,Nashik Road NSH,Nashik Road NSH,L1,Maharashtra Circle,422502,422502
1,Nashik Road NSH,Nashik Road NSH,L1,Maharashtra Circle,422606,422606
1,Nashik Road NSH,Nashik Road NSH,L1,Maharashtra Circle,423101,423102
1,Nashik Road NSH,Nashik Road NSH,L1,Maharashtra Circle,423104,423106
1,Nashik Road NSH,Nashik Road NSH,L1,Maharashtra Circle,423108,423108
1,Nashik Road NSH,Nashik Road NSH,L1,Maharashtra Circle,423110,423111
1,Nashik Road NSH,Nashik Road NSH,L1,Maharashtra Circle,423117,423117
1,Nashik Road NSH,Nashik Road NSH,L1,Maharashtra Circle,423201,423206
1,Nashik Road NSH,Nashik Road NSH,L1,Maharashtra Circle,423208,423208
1,Nashik Road NSH,Nashik Road NSH,L1,Maharashtra Circle,423301,423303
1,Nashik Road NSH,Nashik Road NSH,L1,Maharashtra Circle,423401,423403
1,Nashik Road NSH,Nashik Road NSH,L1,Maharashtra Circle,423501,423502
1,Nashik Road NSH,Nashik Road NSH,L1,Maharashtra Circle,424109,424109
1,Pune NSH,Pune NSH,L1,Maharashtra Circle,410301,410302
1,Pune NSH,Pune NSH,L1,Maharashtra Circle,410401,410403
1,Pune NSH,Pune NSH,L1,Maharashtra Circle,410405,410406
1,Pune NSH,Pune NSH,L1,Maharashtra Circle,410501,410513
1,Pune NSH,Pune NSH,L1,Maharashtra Circle,410515,410517
1,Pune NSH,Pune NSH,L1,Maharashtra Circle,411001,411009
1,Pune NSH,Pune NSH,L1,Maharashtra Circle,411011,411028
1,Pune NSH,Pune NSH,L1,Maharashtra Circle,411030,411048
1,Pune NSH,Pune NSH,L1,Maharashtra Circle,411051,411052
1,Pune NSH,Pune NSH,L1,Maharashtra Circle,411057,411058
1,Pune NSH,Pune NSH,L1,Maharashtra Circle,411060,411062
1,Pune NSH,Pune NSH,L1,Maharashtra Circle,411067,411071
1,Pune NSH,Pune NSH,L1,Maharashtra Circle,411073,411073
1,Pune NSH,Pune NSH,L1,Maharashtra Circle,411081,411081
1,Pune NSH,Pune NSH,L1,Maharashtra Circle,411085,411085
1,Pune NSH,Pune NSH,L1,Maharashtra Circle,412101,412110
1,Pune NSH,Pune NSH,L1,Maharashtra Circle,412112,412112
1,Pune NSH,Pune NSH,L1,Maharashtra Circle,412115,412115
1,Pune NSH,Pune NSH,L1,Maharashtra Circle,412201,412206
1,Pune NSH,Pune NSH,L1,Maharashtra Circle,412207,412207
1,Pune NSH,Pune NSH,L1,Maharashtra Circle,412208,412216
1,Pune NSH,Pune NSH,L1,Maharashtra Circle,412218,412220
1,Pune NSH,Pune NSH,L1,Maharashtra Circle,412301,412301
1,Pune NSH,Pune NSH,L1,Maharashtra Circle,412303,412306
1,Pune NSH,Pune NSH,L1,Maharashtra Circle,412307,412308
1,Pune NSH,Pune NSH,L1,Maharashtra Circle,412311,412312
1,Pune NSH,Pune NSH,L1,Maharashtra Circle,412401,412406
1,Pune NSH,Pune NSH,L1,Maharashtra Circle,412408,412412
1,Pune NSH,Pune NSH,L1,Maharashtra Circle,413102,413106
1,Pune NSH,Pune NSH,L1,Maharashtra Circle,413110,413110
1,Pune NSH,Pune NSH,L1,Maharashtra Circle,413114,413116
1,Pune NSH,Pune NSH,L1,Maharashtra Circle,413120,413120
1,Pune NSH,Pune NSH,L1,Maharashtra Circle,413130,413130
1,Pune NSH,Pune NSH,L1,Maharashtra Circle,413132,413133
1,Pune NSH,Pune NSH,L1,Maharashtra Circle,413801,413802
1,THANE NSH,THANE NSH,L1,Maharashtra Circle,400601,400615
1,THANE NSH,THANE NSH,L1,Maharashtra Circle,400701,400701
1,THANE NSH,THANE NSH,L1,Maharashtra Circle,400703,400703
1,THANE NSH,THANE NSH,L1,Maharashtra Circle,400705,400706
1,THANE NSH,THANE NSH,L1,Maharashtra Circle,400708,400710
1,THANE NSH,THANE NSH,L1,Maharashtra Circle,421000,421999
1,Nagpur NSH,Chandrapur ICH,L2,Maharashtra Circle,441205,441209
1,Nagpur NSH,Chandrapur ICH,L2,Maharashtra Circle,441212,441213
1,Nagpur NSH,Chandrapur ICH,L2,Maharashtra Circle,441215,441228
1,Nashik Road NSH,Nashik Road NSH,L1,Maharashtra Circle,423112,423113
1,Nagpur NSH,Gondia ICH,L2,Maharashtra Circle,441601,441924
1,Nagpur NSH,Chandrapur ICH,L2,Maharashtra Circle,442401,442919
1,Nagpur NSH,Chandrapur ICH,L2,Maharashtra Circle,442920,442920
1,Nagpur NSH,Malkapur ICH,L2,Maharashtra Circle,443001,443404
1,Nagpur NSH,Akola ICH,L2,Maharashtra Circle,444001,444126
1,Nagpur NSH,Malkapur ICH,L2,Maharashtra Circle,444201,444301
1,Nagpur NSH,Akola ICH,L2,Maharashtra Circle,444302,444302
1,Nagpur NSH,Malkapur ICH,L2,Maharashtra Circle,444303,444310
1,Nagpur NSH,Akola ICH,L2,Maharashtra Circle,444311,444311
1,Nagpur NSH,Malkapur ICH,L2,Maharashtra Circle,444312,444312
1,Nagpur NSH,Akola ICH,L2,Maharashtra Circle,444401,444511
1,Nagpur NSH,Amravati ICH,L2,Maharashtra Circle,444601,444915
1,Nagpur NSH,Yeotmal ICH,L2,Maharashtra Circle,445001,445402
1,Nashik Road NSH,Dhule ICH,L2,Maharashtra Circle,425403,425419
1,Nashik Road NSH,Dhule ICH,L2,Maharashtra Circle,425421,425452
1,Nashik Road NSH,Parbhani ICH,L2,Maharashtra Circle,431401,431402
1,Nashik Road NSH,Parbhani ICH,L2,Maharashtra Circle,431501,431521
1,Nashik Road NSH,Parbhani ICH,L2,Maharashtra Circle,431523,431523
1,Nashik Road NSH,Parbhani ICH,L2,Maharashtra Circle,431530,431530
1,Nashik Road NSH,Parbhani ICH,L2,Maharashtra Circle,431536,431537
1,Nashik Road NSH,Parbhani ICH,L2,Maharashtra Circle,431540,431542
1,Nashik Road NSH,NANDED ICH,L2,Maharashtra Circle,431601,431606
1,Nashik Road NSH,Parbhani ICH,L2,Maharashtra Circle,431701,431703
1,Nashik Road NSH,NANDED ICH,L2,Maharashtra Circle,431704,431704
1,Nashik Road NSH,Parbhani ICH,L2,Maharashtra Circle,431705,431705
1,Nashik Road NSH,NANDED ICH,L2,Maharashtra Circle,431707,431719
1,Nashik Road NSH,NANDED ICH,L2,Maharashtra Circle,431731,431731
1,Nashik Road NSH,NANDED ICH,L2,Maharashtra Circle,431736,431736
1,Nashik Road NSH,NANDED ICH,L2,Maharashtra Circle,431741,431743
1,Nashik Road NSH,NANDED ICH,L2,Maharashtra Circle,431745,431746
1,Nashik Road NSH,NANDED ICH,L2,Maharashtra Circle,431750,431750
1,Nashik Road NSH,NANDED ICH,L2,Maharashtra Circle,431801,431811
1,Nashik Road NSH,Chhatrapati Sambhajinagar ICH,L2,Maharashtra Circle,413207,413207
1,Nashik Road NSH,Chhatrapati Sambhajinagar ICH,L2,Maharashtra Circle,413229,413229
1,Nashik Road NSH,Chhatrapati Sambhajinagar ICH,L2,Maharashtra Circle,413249,413249
1,Nashik Road NSH,Chhatrapati Sambhajinagar ICH,L2,Maharashtra Circle,414202,414205
1,Nashik Road NSH,Chhatrapati Sambhajinagar ICH,L2,Maharashtra Circle,414208,414208
1,Nashik Road NSH,Chhatrapati Sambhajinagar ICH,L2,Maharashtra Circle,423701,423703
1,Nashik Road NSH,Chhatrapati Sambhajinagar ICH,L2,Maharashtra Circle,431001,431012
1,Nashik Road NSH,Chhatrapati Sambhajinagar ICH,L2,Maharashtra Circle,431101,431105
1,Nashik Road NSH,Chhatrapati Sambhajinagar ICH,L2,Maharashtra Circle,431107,431107
1,Nashik Road NSH,Chhatrapati Sambhajinagar ICH,L2,Maharashtra Circle,431109,431118
1,Nashik Road NSH,Chhatrapati Sambhajinagar ICH,L2,Maharashtra Circle,431120,431132
1,Nashik Road NSH,Chhatrapati Sambhajinagar ICH,L2,Maharashtra Circle,431133,431133
1,Nashik Road NSH,Chhatrapati Sambhajinagar ICH,L2,Maharashtra Circle,431134,431135
1,Nashik Road NSH,Chhatrapati Sambhajinagar ICH,L2,Maharashtra Circle,431136,431136
1,Nashik Road NSH,Chhatrapati Sambhajinagar ICH,L2,Maharashtra Circle,431137,431137
1,Nashik Road NSH,Chhatrapati Sambhajinagar ICH,L2,Maharashtra Circle,431142,431144
1,Nashik Road NSH,Chhatrapati Sambhajinagar ICH,L2,Maharashtra Circle,431147,431148
1,Nashik Road NSH,Chhatrapati Sambhajinagar ICH,L2,Maharashtra Circle,431150,431154
1,Nashik Road NSH,Chhatrapati Sambhajinagar ICH,L2,Maharashtra Circle,431202,431209
1,Nashik Road NSH,Chhatrapati Sambhajinagar ICH,L2,Maharashtra Circle,431211,431214
1,Nashik Road NSH,Dhule ICH,L2,Maharashtra Circle,424301,424318
1,Nashik Road NSH,Dhule ICH,L2,Maharashtra Circle,424001,424006
1,Nashik Road NSH,Bhusawal ICH,L2,Maharashtra Circle,425001,425402
1,Nashik Road NSH,Bhusawal ICH,L2,Maharashtra Circle,425420,425420
1,Nashik Road NSH,Bhusawal ICH,L2,Maharashtra Circle,425501,425524
1,Nashik Road NSH,Bhusawal ICH,L2,Maharashtra Circle,424101,424108
1,Nashik Road NSH,Bhusawal ICH,L2,Maharashtra Circle,424110,424300
1,Pune NSH,Solapur ICH,L2,Maharashtra Circle,413001,413008
1,Pune NSH,Solapur ICH,L2,Maharashtra Circle,413101,413101
1,Pune NSH,Solapur ICH,L2,Maharashtra Circle,413107,413109
1,Pune NSH,Solapur ICH,L2,Maharashtra Circle,413111,413113
1,Pune NSH,Solapur ICH,L2,Maharashtra Circle,413118,413118
1,Pune NSH,Ahilyanagar ICH,L2,Maharashtra Circle,413201,413201
1,Pune NSH,Solapur ICH,L2,Maharashtra Circle,413202,413203
1,Pune NSH,Ahilyanagar ICH,L2,Maharashtra Circle,413204,413205
1,Pune NSH,Solapur ICH,L2,Maharashtra Circle,413206,413206
1,Pune NSH,Solapur ICH,L2,Maharashtra Circle,413208,413223
1,Pune NSH,Solapur ICH,L2,Maharashtra Circle,413226,413228
1,Pune NSH,Solapur ICH,L2,Maharashtra Circle,413248,413248
1,Pune NSH,Solapur ICH,L2,Maharashtra Circle,413250,413253
1,Pune NSH,Solapur ICH,L2,Maharashtra Circle,413255,413255
1,Pune NSH,Solapur ICH,L2,Maharashtra Circle,413301,413310
1,Pune NSH,Solapur ICH,L2,Maharashtra Circle,413314,413315
1,Pune NSH,Solapur ICH,L2,Maharashtra Circle,413317,413317
1,Pune NSH,Solapur ICH,L2,Maharashtra Circle,413319,413319
1,Pune NSH,Solapur ICH,L2,Maharashtra Circle,413322,413322
1,Pune NSH,Solapur ICH,L2,Maharashtra Circle,413324,413324
1,Pune NSH,Solapur ICH,L2,Maharashtra Circle,413401,413406
1,Pune NSH,Solapur ICH,L2,Maharashtra Circle,413409,413412
1,Pune NSH,Solapur ICH,L2,Maharashtra Circle,413501,413509
1,Pune NSH,Solapur ICH,L2,Maharashtra Circle,413525,413526
1,Pune NSH,Solapur ICH,L2,Maharashtra Circle,413528,413528
1,Pune NSH,Latur ICH,L2,Maharashtra Circle,413510,413511
1,Pune NSH,Solapur ICH,L2,Maharashtra Circle,413534,413534
1,Pune NSH,Latur ICH,L2,Maharashtra Circle,413512,413512
1,Pune NSH,Latur ICH,L2,Maharashtra Circle,413513,413524
1,Pune NSH,Solapur ICH,L2,Maharashtra Circle,413582,413582
1,Pune NSH,Solapur ICH,L2,Maharashtra Circle,413601,413606
1,Pune NSH,Latur ICH,L2,Maharashtra Circle,413527,413527
1,Pune NSH,Solapur ICH,L2,Maharashtra Circle,413608,413608
1,Pune NSH,Solapur ICH,L2,Maharashtra Circle,413623,413626
1,Pune NSH,Ahilyanagar ICH,L2,Maharashtra Circle,413701,413723
1,Pune NSH,Ahilyanagar ICH,L2,Maharashtra Circle,413725,413726
1,Pune NSH,Ahilyanagar ICH,L2,Maharashtra Circle,414001,414003
1,Pune NSH,Ahilyanagar ICH,L2,Maharashtra Circle,414701,414701
1,Pune NSH,Latur ICH,L2,Maharashtra Circle,431522,431522
1,THANE NSH,Panvel ICH,L2,Maharashtra Circle,400702,400702
1,THANE NSH,Panvel ICH,L2,Maharashtra Circle,400704,400704
1,THANE NSH,Panvel ICH,L2,Maharashtra Circle,400707,400707
1,THANE NSH,Panvel ICH,L2,Maharashtra Circle,402101,402117
1,THANE NSH,Panvel ICH,L2,Maharashtra Circle,402120,402120
1,THANE NSH,Panvel ICH,L2,Maharashtra Circle,402122,402122
1,THANE NSH,Panvel ICH,L2,Maharashtra Circle,402125,402126
1,THANE NSH,Panvel ICH,L2,Maharashtra Circle,402201,402205
1,THANE NSH,Panvel ICH,L2,Maharashtra Circle,402207,402209
1,THANE NSH,Panvel ICH,L2,Maharashtra Circle,402301,402309
1,THANE NSH,Panvel ICH,L2,Maharashtra Circle,402401,402404
1,THANE NSH,Panvel ICH,L2,Maharashtra Circle,410101,410102
1,THANE NSH,Panvel ICH,L2,Maharashtra Circle,410201,410204
1,THANE NSH,Panvel ICH,L2,Maharashtra Circle,410206,410210
1,THANE NSH,Panvel ICH,L2,Maharashtra Circle,410216,410216
1,THANE NSH,Panvel ICH,L2,Maharashtra Circle,410218,410218
1,THANE NSH,Panvel ICH,L2,Maharashtra Circle,410220,410222
1,THANE NSH,Panvel ICH,L2,Maharashtra Circle,415213,415213
1,Pune NSH,Solapur ICH,L2,Maharashtra Circle,413224,413224
1,Pune NSH,Ahilyanagar ICH,L2,Maharashtra Circle,414101,414103
1,Pune NSH,Ahilyanagar ICH,L2,Maharashtra Circle,414105,414106
1,Pune NSH,Ahilyanagar ICH,L2,Maharashtra Circle,414113,414113
1,Pune NSH,Ahilyanagar ICH,L2,Maharashtra Circle,414110,414111
1,Pune NSH,Ahilyanagar ICH,L2,Maharashtra Circle,414201,414201
1,Pune NSH,Ahilyanagar ICH,L2,Maharashtra Circle,414301,414306
1,Pune NSH,Ahilyanagar ICH,L2,Maharashtra Circle,414401,414403
1,Pune NSH,Ahilyanagar ICH,L2,Maharashtra Circle,414501,414505
1,Pune NSH,Ahilyanagar ICH,L2,Maharashtra Circle,414601,414607
1,Pune NSH,Ahilyanagar ICH,L2,Maharashtra Circle,414609,414609
1,Pune NSH,Ahilyanagar ICH,L2,Maharashtra Circle,422601,422605
1,Pune NSH,Ahilyanagar ICH,L2,Maharashtra Circle,422608,422608
1,Pune NSH,Ahilyanagar ICH,L2,Maharashtra Circle,422610,422611
1,Pune NSH,Ahilyanagar ICH,L2,Maharashtra Circle,422620,422620
1,Pune NSH,Ahilyanagar ICH,L2,Maharashtra Circle,422622,422622
1,Pune NSH,Ahilyanagar ICH,L2,Maharashtra Circle,423107,423107
1,Pune NSH,Ahilyanagar ICH,L2,Maharashtra Circle,423109,423109
1,Pune NSH,Ahilyanagar ICH,L2,Maharashtra Circle,423601,423605
1,Pune NSH,Ahilyanagar ICH,L2,Maharashtra Circle,423607,423607
1,Pune NSH,Latur ICH,L2,Maharashtra Circle,413529,413530
1,Pune NSH,Latur ICH,L2,Maharashtra Circle,413531,413531
1,Pune NSH,Latur ICH,L2,Maharashtra Circle,413532,413532
1,Pune NSH,Latur ICH,L2,Maharashtra Circle,413544,413544
1,Pune NSH,Latur ICH,L2,Maharashtra Circle,413581,413581
1,Pune NSH,Latur ICH,L2,Maharashtra Circle,413607,413607
1,Mumbai NSH,Panaji ICH,L2,Maharashtra Circle,403001,403006
1,Mumbai NSH,Panaji ICH,L2,Maharashtra Circle,403007,403999
1,Mumbai NSH,Panaji ICH,L2,Maharashtra Circle,416510,416525
1,Mumbai NSH,Panaji ICH,L2,Maharashtra Circle,416528,416529
1,Mumbai NSH,Panaji ICH,L2,Maharashtra Circle,416531,416531
1,Mumbai NSH,Panaji ICH,L2,Maharashtra Circle,416534,416534
1,Mumbai NSH,Panaji ICH,L2,Maharashtra Circle,416549,416550
1,Mumbai NSH,Panaji ICH,L2,Maharashtra Circle,416601,416606
1,Mumbai NSH,Panaji ICH,L2,Maharashtra Circle,416608,416616
1,Mumbai NSH,Panaji ICH,L2,Maharashtra Circle,416620,416620
1,Mumbai NSH,Panaji ICH,L2,Maharashtra Circle,416623,416623
1,Mumbai NSH,Panaji ICH,L2,Maharashtra Circle,416626,416626
1,Mumbai NSH,Panaji ICH,L2,Maharashtra Circle,416628,416628
1,Mumbai NSH,Panaji ICH,L2,Maharashtra Circle,416630,416630
1,Mumbai NSH,Panaji ICH,L2,Maharashtra Circle,416632,416632
1,Mumbai NSH,Panaji ICH,L2,Maharashtra Circle,416703,416703
1,Mumbai NSH,Panaji ICH,L2,Maharashtra Circle,416801,416801
1,Mumbai NSH,Panaji ICH,L2,Maharashtra Circle,416803,416807
1,Mumbai NSH,Panaji ICH,L2,Maharashtra Circle,416810,416813
1,Mumbai NSH,Ratnagiri ICH,L2,Maharashtra Circle,415202,415203
1,Mumbai NSH,Ratnagiri ICH,L2,Maharashtra Circle,415208,415208
1,Mumbai NSH,Ratnagiri ICH,L2,Maharashtra Circle,415214,415214
1,Mumbai NSH,Ratnagiri ICH,L2,Maharashtra Circle,415601,415611
1,Mumbai NSH,Ratnagiri ICH,L2,Maharashtra Circle,415612,415612
1,Mumbai NSH,Ratnagiri ICH,L2,Maharashtra Circle,415613,415617
1,Mumbai NSH,Ratnagiri ICH,L2,Maharashtra Circle,415619,415621
1,Mumbai NSH,Ratnagiri ICH,L2,Maharashtra Circle,415626,415626
1,Mumbai NSH,Ratnagiri ICH,L2,Maharashtra Circle,415628,415629
1,Mumbai NSH,Ratnagiri ICH,L2,Maharashtra Circle,415634,415634
1,Mumbai NSH,Ratnagiri ICH,L2,Maharashtra Circle,415635,415635
1,Mumbai NSH,Ratnagiri ICH,L2,Maharashtra Circle,415637,415637
1,Mumbai NSH,Ratnagiri ICH,L2,Maharashtra Circle,415639,415641
1,Mumbai NSH,Ratnagiri ICH,L2,Maharashtra Circle,415643,415643
1,Mumbai NSH,Ratnagiri ICH,L2,Maharashtra Circle,415701,415703
1,Mumbai NSH,Ratnagiri ICH,L2,Maharashtra Circle,415705,415706
1,Mumbai NSH,Ratnagiri ICH,L2,Maharashtra Circle,415708,415720
1,Mumbai NSH,Ratnagiri ICH,L2,Maharashtra Circle,415722,415722
1,Mumbai NSH,Ratnagiri ICH,L2,Maharashtra Circle,415724,415724
1,Mumbai NSH,Ratnagiri ICH,L2,Maharashtra Circle,415726,415730
1,Mumbai NSH,Ratnagiri ICH,L2,Maharashtra Circle,415801,415807
1,Mumbai NSH,Ratnagiri ICH,L2,Maharashtra Circle,416701,416702
1,Mumbai NSH,Ratnagiri ICH,L2,Maharashtra Circle,416704,416705
1,Mumbai NSH,Ratnagiri ICH,L2,Maharashtra Circle,416707,416707
1,Mumbai NSH,Ratnagiri ICH,L2,Maharashtra Circle,416709,416709
1,Mumbai NSH,Ratnagiri ICH,L2,Maharashtra Circle,416712,416713
1,Pune NSH,Satara ICH,L2,Maharashtra Circle,412801,412806
1,Pune NSH,Satara ICH,L2,Maharashtra Circle,415001,415004
1,Pune NSH,Satara ICH,L2,Maharashtra Circle,415010,415015
1,Pune NSH,Satara ICH,L2,Maharashtra Circle,415019,415023
1,Pune NSH,Satara ICH,L2,Maharashtra Circle,415102,415112
1,Pune NSH,Satara ICH,L2,Maharashtra Circle,415114,415116
1,Pune NSH,Satara ICH,L2,Maharashtra Circle,415122,415122
1,Pune NSH,Satara ICH,L2,Maharashtra Circle,415124,415124
1,Pune NSH,Satara ICH,L2,Maharashtra Circle,415205,415207
1,Pune NSH,Satara ICH,L2,Maharashtra Circle,415209,415209
1,Pune NSH,Satara ICH,L2,Maharashtra Circle,415211,415212
1,Pune NSH,Satara ICH,L2,Maharashtra Circle,415312,415312
1,Pune NSH,Satara ICH,L2,Maharashtra Circle,415501,415528
1,Pune NSH,Satara ICH,L2,Maharashtra Circle,415530,415530
1,Pune NSH,Satara ICH,L2,Maharashtra Circle,415536,415540
1,Pune NSH,Miraj ICH,L2,Maharashtra Circle,415301,415311
1,Pune NSH,Miraj ICH,L2,Maharashtra Circle,415313,415313
1,Pune NSH,Miraj ICH,L2,Maharashtra Circle,415315,415315
1,Pune NSH,Miraj ICH,L2,Maharashtra Circle,415401,415415
1,Pune NSH,Miraj ICH,L2,Maharashtra Circle,415418,415418
1,Pune NSH,Miraj ICH,L2,Maharashtra Circle,416301,416317
1,Pune NSH,Miraj ICH,L2,Maharashtra Circle,416401,416409
1,Pune NSH,Miraj ICH,L2,Maharashtra Circle,416410,416410
1,Pune NSH,Miraj ICH,L2,Maharashtra Circle,416411,416415
1,Pune NSH,Miraj ICH,L2,Maharashtra Circle,416416,416416
1,Pune NSH,Miraj ICH,L2,Maharashtra Circle,416417,416420
1,Pune NSH,Miraj ICH,L2,Maharashtra Circle,416429,416429
1,Pune NSH,Miraj ICH,L2,Maharashtra Circle,416436,416437
1,Pune NSH,Kolhapur ICH,L2,Maharashtra Circle,415101,415101
1,Pune NSH,Kolhapur ICH,L2,Maharashtra Circle,416001,416008
1,Pune NSH,Kolhapur ICH,L2,Maharashtra Circle,416010,416013
1,Pune NSH,Kolhapur ICH,L2,Maharashtra Circle,416101,416116
1,Pune NSH,Kolhapur ICH,L2,Maharashtra Circle,416118,416122
1,Pune NSH,Kolhapur ICH,L2,Maharashtra Circle,416138,416138
1,Pune NSH,Kolhapur ICH,L2,Maharashtra Circle,416143,416144
1,Pune NSH,Kolhapur ICH,L2,Maharashtra Circle,416146,416146
1,Pune NSH,Kolhapur ICH,L2,Maharashtra Circle,416201,416216
1,Pune NSH,Kolhapur ICH,L2,Maharashtra Circle,416218,416221
1,Pune NSH,Kolhapur ICH,L2,Maharashtra Circle,416223,416223
1,Pune NSH,Kolhapur ICH,L2,Maharashtra Circle,416229,416230
1,Pune NSH,Kolhapur ICH,L2,Maharashtra Circle,416232,416232
1,Pune NSH,Kolhapur ICH,L2,Maharashtra Circle,416234,416236
1,Pune NSH,Kolhapur ICH,L2,Maharashtra Circle,416501,416509
1,Pune NSH,Kolhapur ICH,L2,Maharashtra Circle,416526,416526
1,Pune NSH,Kolhapur ICH,L2,Maharashtra Circle,416551,416552
1,Pune NSH,Ahilyanagar ICH,L2,Maharashtra Circle,413728,413728
1,Pune NSH,Ahilyanagar ICH,L2,Maharashtra Circle,413736,413739
1,Pune NSH,Ahilyanagar ICH,L2,Maharashtra Circle,414005,414006
1,Bhopal NSH,Bhopal NSH,L1,Madhya Pradesh Circle,462001,462047
1,Bhopal NSH,Bhopal NSH,L1,Madhya Pradesh Circle,462066,462066
1,Bhopal NSH,Bhopal NSH,L1,Madhya Pradesh Circle,462100,462100
1,Bhopal NSH,Bhopal NSH,L1,Madhya Pradesh Circle,462101,462120
1,Bhopal NSH,Bhopal NSH,L1,Madhya Pradesh Circle,463106,463111
1,Bhopal NSH,Bhopal NSH,L1,Madhya Pradesh Circle,464001,464337
1,Bhopal NSH,Bhopal NSH,L1,Madhya Pradesh Circle,464551,464993
1,Bhopal NSH,Bhopal NSH,L1,Madhya Pradesh Circle,465661,465697
1,Bhopal NSH,Bhopal NSH,L1,Madhya Pradesh Circle,466001,466665
1,Indore NSH,Indore NSH,L1,Madhya Pradesh Circle,452001,452001
1,Indore NSH,Indore NSH,L1,Madhya Pradesh Circle,452002,452002
1,Indore NSH,Indore NSH,L1,Madhya Pradesh Circle,452003,452003
1,Indore NSH,Indore NSH,L1,Madhya Pradesh Circle,452005,452005
1,Indore NSH,Indore NSH,L1,Madhya Pradesh Circle,452006,452006
1,Indore NSH,Indore NSH,L1,Madhya Pradesh Circle,452007,452007
1,Indore NSH,Indore NSH,L1,Madhya Pradesh Circle,452009,452009
1,Indore NSH,Indore NSH,L1,Madhya Pradesh Circle,452010,452010
1,Indore NSH,Indore NSH,L1,Madhya Pradesh Circle,452011,452011
1,Indore NSH,Indore NSH,L1,Madhya Pradesh Circle,452012,452012
1,Indore NSH,Indore NSH,L1,Madhya Pradesh Circle,452013,452013
1,Indore NSH,Indore NSH,L1,Madhya Pradesh Circle,452014,452014
1,Indore NSH,Indore NSH,L1,Madhya Pradesh Circle,452015,452015
1,Indore NSH,Indore NSH,L1,Madhya Pradesh Circle,452016,452016
1,Indore NSH,Indore NSH,L1,Madhya Pradesh Circle,452018,452018
1,Indore NSH,Indore NSH,L1,Madhya Pradesh Circle,452020,452020
1,Indore NSH,Indore NSH,L1,Madhya Pradesh Circle,453001,453001
1,Indore NSH,Indore NSH,L1,Madhya Pradesh Circle,453111,453111
1,Indore NSH,Indore NSH,L1,Madhya Pradesh Circle,453112,453112
1,Indore NSH,Indore NSH,L1,Madhya Pradesh Circle,453115,453115
1,Indore NSH,Indore NSH,L1,Madhya Pradesh Circle,453220,453220
1,Indore NSH,Indore NSH,L1,Madhya Pradesh Circle,453331,453331
1,Indore NSH,Indore NSH,L1,Madhya Pradesh Circle,453441,453441
1,Indore NSH,Indore NSH,L1,Madhya Pradesh Circle,453446,453446
1,Indore NSH,Indore NSH,L1,Madhya Pradesh Circle,453551,453551
1,Indore NSH,Indore NSH,L1,Madhya Pradesh Circle,453552,453552
1,Indore NSH,Indore NSH,L1,Madhya Pradesh Circle,453555,453555
1,Indore NSH,Indore NSH,L1,Madhya Pradesh Circle,453556,453556
1,Indore NSH,Indore NSH,L1,Madhya Pradesh Circle,453661,453661
1,Indore NSH,Indore NSH,L1,Madhya Pradesh Circle,453771,453771
1,Indore NSH,Indore NSH,L1,Madhya Pradesh Circle,454001,454001
1,Indore NSH,Indore NSH,L1,Madhya Pradesh Circle,454010,454010
1,Indore NSH,Indore NSH,L1,Madhya Pradesh Circle,454111,454111
1,Indore NSH,Indore NSH,L1,Madhya Pradesh Circle,454116,454116
1,Indore NSH,Indore NSH,L1,Madhya Pradesh Circle,454221,454221
1,Indore NSH,Indore NSH,L1,Madhya Pradesh Circle,454331,454331
1,Indore NSH,Indore NSH,L1,Madhya Pradesh Circle,454335,454335
1,Indore NSH,Indore NSH,L1,Madhya Pradesh Circle,454441,454441
1,Indore NSH,Indore NSH,L1,Madhya Pradesh Circle,454446,454446
1,Indore NSH,Indore NSH,L1,Madhya Pradesh Circle,454449,454449
1,Indore NSH,Indore NSH,L1,Madhya Pradesh Circle,454552,454552
1,Indore NSH,Indore NSH,L1,Madhya Pradesh Circle,454660,454660
1,Indore NSH,Indore NSH,L1,Madhya Pradesh Circle,454665,454665
1,Indore NSH,Indore NSH,L1,Madhya Pradesh Circle,454773,454773
1,Indore NSH,Indore NSH,L1,Madhya Pradesh Circle,454774,454774
1,Indore NSH,Indore NSH,L1,Madhya Pradesh Circle,454775,454775
1,Indore NSH,Indore NSH,L1,Madhya Pradesh Circle,455001,455001
1,Indore NSH,Indore NSH,L1,Madhya Pradesh Circle,455111,455111
1,Indore NSH,Indore NSH,L1,Madhya Pradesh Circle,455115,455115
1,Indore NSH,Indore NSH,L1,Madhya Pradesh Circle,455116,455116
1,Indore NSH,Indore NSH,L1,Madhya Pradesh Circle,455118,455118
1,Indore NSH,Indore NSH,L1,Madhya Pradesh Circle,455221,455221
1,Indore NSH,Indore NSH,L1,Madhya Pradesh Circle,455223,455223
1,Indore NSH,Indore NSH,L1,Madhya Pradesh Circle,455227,455227
1,Indore NSH,Indore NSH,L1,Madhya Pradesh Circle,455332,455332
1,Indore NSH,Indore NSH,L1,Madhya Pradesh Circle,455336,455336
1,Indore NSH,Indore NSH,L1,Madhya Pradesh Circle,455339,455339
1,Indore NSH,Indore NSH,L1,Madhya Pradesh Circle,455440,455440
1,Indore NSH,Indore NSH,L1,Madhya Pradesh Circle,455459,455459
1,Bhopal NSH,Itarsi ICH,L2,Madhya Pradesh Circle,460001,460668
1,Bhopal NSH,Itarsi ICH,L2,Madhya Pradesh Circle,461001,461110
1,Bhopal NSH,Itarsi ICH,L2,Madhya Pradesh Circle,461111,461115
1,Bhopal NSH,Itarsi ICH,L2,Madhya Pradesh Circle,461116,461116
1,Bhopal NSH,Itarsi ICH,L2,Madhya Pradesh Circle,461122,461122
1,Bhopal NSH,Itarsi ICH,L2,Madhya Pradesh Circle,461221,461441
1,Bhopal NSH,Itarsi ICH,L2,Madhya Pradesh Circle,461446,461551
1,Bhopal NSH,Itarsi ICH,L2,Madhya Pradesh Circle,461661,461990
1,Bhopal NSH,Jabalpur ICH,L2,Madhya Pradesh Circle,480661,480661
1,Bhopal NSH,Jabalpur ICH,L2,Madhya Pradesh Circle,480667,480667
1,Bhopal NSH,Jabalpur ICH,L2,Madhya Pradesh Circle,480771,480771
1,Bhopal NSH,Jabalpur ICH,L2,Madhya Pradesh Circle,480880,480882
1,Bhopal NSH,Jabalpur ICH,L2,Madhya Pradesh Circle,480884,480884
1,Bhopal NSH,Jabalpur ICH,L2,Madhya Pradesh Circle,480886,480888
1,Bhopal NSH,Jabalpur ICH,L2,Madhya Pradesh Circle,480990,480991
1,Bhopal NSH,Jabalpur ICH,L2,Madhya Pradesh Circle,480994,480994
1,Bhopal NSH,Jabalpur ICH,L2,Madhya Pradesh Circle,480996,480997
1,Bhopal NSH,Jabalpur ICH,L2,Madhya Pradesh Circle,480999,480999
1,Bhopal NSH,Jabalpur ICH,L2,Madhya Pradesh Circle,481661,481661
1,Bhopal NSH,Jabalpur ICH,L2,Madhya Pradesh Circle,481662,481666
1,Bhopal NSH,Jabalpur ICH,L2,Madhya Pradesh Circle,481668,481668
1,Bhopal NSH,Jabalpur ICH,L2,Madhya Pradesh Circle,481672,481672
1,Bhopal NSH,Jabalpur ICH,L2,Madhya Pradesh Circle,481768,481768
1,Bhopal NSH,Jabalpur ICH,L2,Madhya Pradesh Circle,481771,481771
1,Bhopal NSH,Jabalpur ICH,L2,Madhya Pradesh Circle,481776,481776
1,Bhopal NSH,Jabalpur ICH,L2,Madhya Pradesh Circle,481778,481778
1,Bhopal NSH,Jabalpur ICH,L2,Madhya Pradesh Circle,481879,481880
1,Bhopal NSH,Jabalpur ICH,L2,Madhya Pradesh Circle,481882,481884
1,Bhopal NSH,Jabalpur ICH,L2,Madhya Pradesh Circle,481885,481885
1,Bhopal NSH,Jabalpur ICH,L2,Madhya Pradesh Circle,481990,481990
1,Bhopal NSH,Jabalpur ICH,L2,Madhya Pradesh Circle,481995,481996
1,Bhopal NSH,Jabalpur ICH,L2,Madhya Pradesh Circle,481998,481998
1,Bhopal NSH,Jabalpur ICH,L2,Madhya Pradesh Circle,482001,482005
1,Bhopal NSH,Jabalpur ICH,L2,Madhya Pradesh Circle,482008,482011
1,Bhopal NSH,Jabalpur ICH,L2,Madhya Pradesh Circle,482020,482021
1,Bhopal NSH,Jabalpur ICH,L2,Madhya Pradesh Circle,482051,482051
1,Bhopal NSH,Jabalpur ICH,L2,Madhya Pradesh Circle,482056,482056
1,Bhopal NSH,Jabalpur ICH,L2,Madhya Pradesh Circle,483001,483001
1,Bhopal NSH,Jabalpur ICH,L2,Madhya Pradesh Circle,483053,483053
1,Bhopal NSH,Jabalpur ICH,L2,Madhya Pradesh Circle,483105,483105
1,Bhopal NSH,Jabalpur ICH,L2,Madhya Pradesh Circle,483110,483110
1,Bhopal NSH,Jabalpur ICH,L2,Madhya Pradesh Circle,483113,483113
1,Bhopal NSH,Jabalpur ICH,L2,Madhya Pradesh Circle,483119,483220
1,Bhopal NSH,Jabalpur ICH,L2,Madhya Pradesh Circle,487001,487001
1,Bhopal NSH,Jabalpur ICH,L2,Madhya Pradesh Circle,487110,487110
1,Bhopal NSH,Jabalpur ICH,L2,Madhya Pradesh Circle,487114,487114
1,Bhopal NSH,Jabalpur ICH,L2,Madhya Pradesh Circle,487118,487118
1,Bhopal NSH,Jabalpur ICH,L2,Madhya Pradesh Circle,487221,487221
1,Bhopal NSH,Jabalpur ICH,L2,Madhya Pradesh Circle,487225,487225
1,Bhopal NSH,Jabalpur ICH,L2,Madhya Pradesh Circle,487330,487330
1,Bhopal NSH,Jabalpur ICH,L2,Madhya Pradesh Circle,487334,487334
1,Bhopal NSH,Jabalpur ICH,L2,Madhya Pradesh Circle,487337,487337
1,Bhopal NSH,Jabalpur ICH,L2,Madhya Pradesh Circle,487441,487445
1,Bhopal NSH,Jabalpur ICH,L2,Madhya Pradesh Circle,487551,487551
1,Bhopal NSH,Jabalpur ICH,L2,Madhya Pradesh Circle,487555,487881
1,Bhopal NSH,Guna ICH,L2,Madhya Pradesh Circle,473001,473001
1,Bhopal NSH,Guna ICH,L2,Madhya Pradesh Circle,473101,473226
1,Bhopal NSH,Guna ICH,L2,Madhya Pradesh Circle,473249,473249
1,Bhopal NSH,Guna ICH,L2,Madhya Pradesh Circle,473287,473287
1,Bhopal NSH,Guna ICH,L2,Madhya Pradesh Circle,473331,473447
1,Bhopal NSH,Gwalior ICH,L2,Madhya Pradesh Circle,471001,471625
1,Bhopal NSH,Gwalior ICH,L2,Madhya Pradesh Circle,472001,472447
1,Bhopal NSH,Gwalior ICH,L2,Madhya Pradesh Circle,474001,474020
1,Bhopal NSH,Gwalior ICH,L2,Madhya Pradesh Circle,475001,475686
1,Bhopal NSH,Gwalior ICH,L2,Madhya Pradesh Circle,476001,476554
1,Bhopal NSH,Gwalior ICH,L2,Madhya Pradesh Circle,477001,477660
1,Bhopal NSH,Gwalior ICH,L2,Madhya Pradesh Circle,473551,473995
1,Bhopal NSH,Sagar ICH,L2,Madhya Pradesh Circle,470001,470021
1,Bhopal NSH,Sagar ICH,L2,Madhya Pradesh Circle,470051,470881
1,Bhopal NSH,BALAGHAT ICH,L2,Madhya Pradesh Circle,481001,481102
1,Bhopal NSH,BALAGHAT ICH,L2,Madhya Pradesh Circle,481105,481556
1,Bhopal NSH,Katni ICH,L2,Madhya Pradesh Circle,483222,483222
1,Bhopal NSH,Katni ICH,L2,Madhya Pradesh Circle,483225,483225
1,Bhopal NSH,Katni ICH,L2,Madhya Pradesh Circle,483330,483332
1,Bhopal NSH,Katni ICH,L2,Madhya Pradesh Circle,483334,483334
1,Bhopal NSH,Katni ICH,L2,Madhya Pradesh Circle,483336,483336
1,Bhopal NSH,Katni ICH,L2,Madhya Pradesh Circle,483440,483440
1,Bhopal NSH,Katni ICH,L2,Madhya Pradesh Circle,483442,483442
1,Bhopal NSH,Katni ICH,L2,Madhya Pradesh Circle,483501,483501
1,Bhopal NSH,Katni ICH,L2,Madhya Pradesh Circle,483504,483504
1,Bhopal NSH,Katni ICH,L2,Madhya Pradesh Circle,483770,483770
1,Bhopal NSH,Katni ICH,L2,Madhya Pradesh Circle,483773,483773
1,Bhopal NSH,Katni ICH,L2,Madhya Pradesh Circle,483775,483775
1,Bhopal NSH,Katni ICH,L2,Madhya Pradesh Circle,483880,483880
1,Bhopal NSH,Katni ICH,L2,Madhya Pradesh Circle,483990,483990
1,Bhopal NSH,Katni ICH,L2,Madhya Pradesh Circle,484001,484001
1,Bhopal NSH,Katni ICH,L2,Madhya Pradesh Circle,484110,484110
1,Bhopal NSH,Katni ICH,L2,Madhya Pradesh Circle,484113,484114
1,Bhopal NSH,Katni ICH,L2,Madhya Pradesh Circle,484116,484117
1,Bhopal NSH,Katni ICH,L2,Madhya Pradesh Circle,484120,484120
1,Bhopal NSH,Katni ICH,L2,Madhya Pradesh Circle,484220,484220
1,Bhopal NSH,Katni ICH,L2,Madhya Pradesh Circle,484224,484224
1,Bhopal NSH,Katni ICH,L2,Madhya Pradesh Circle,484330,484330
1,Bhopal NSH,Katni ICH,L2,Madhya Pradesh Circle,484334,484334
1,Bhopal NSH,Katni ICH,L2,Madhya Pradesh Circle,484336,484336
1,Bhopal NSH,Katni ICH,L2,Madhya Pradesh Circle,484440,484440
1,Bhopal NSH,Katni ICH,L2,Madhya Pradesh Circle,484444,484444
1,Bhopal NSH,Katni ICH,L2,Madhya Pradesh Circle,484446,484447
1,Bhopal NSH,Katni ICH,L2,Madhya Pradesh Circle,484551,484551
1,Bhopal NSH,Katni ICH,L2,Madhya Pradesh Circle,484555,484555
1,Bhopal NSH,Katni ICH,L2,Madhya Pradesh Circle,484660,484661
1,Bhopal NSH,Katni ICH,L2,Madhya Pradesh Circle,484664,484665
1,Bhopal NSH,Katni ICH,L2,Madhya Pradesh Circle,484669,484771
1,Bhopal NSH,Katni ICH,L2,Madhya Pradesh Circle,484774,484774
1,Bhopal NSH,Katni ICH,L2,Madhya Pradesh Circle,484776,484776
1,Bhopal NSH,Katni ICH,L2,Madhya Pradesh Circle,484886,484887
1,Bhopal NSH,Chhindwara ICH,L2,Madhya Pradesh Circle,480001,480003
1,Bhopal NSH,Chhindwara ICH,L2,Madhya Pradesh Circle,480005,480559
1,Indore NSH,KHANDWA ICH,L2,Madhya Pradesh Circle,450001,450001
1,Indore NSH,KHANDWA ICH,L2,Madhya Pradesh Circle,450051,450051
1,Indore NSH,KHANDWA ICH,L2,Madhya Pradesh Circle,450110,450110
1,Indore NSH,KHANDWA ICH,L2,Madhya Pradesh Circle,450112,450112
1,Indore NSH,KHANDWA ICH,L2,Madhya Pradesh Circle,450114,450114
1,Indore NSH,KHANDWA ICH,L2,Madhya Pradesh Circle,450116,450116
1,Indore NSH,KHANDWA ICH,L2,Madhya Pradesh Circle,450117,450117
1,Indore NSH,KHANDWA ICH,L2,Madhya Pradesh Circle,450119,450119
1,Indore NSH,KHANDWA ICH,L2,Madhya Pradesh Circle,450221,450221
1,Indore NSH,KHANDWA ICH,L2,Madhya Pradesh Circle,450331,450331
1,Indore NSH,KHANDWA ICH,L2,Madhya Pradesh Circle,450332,450332
1,Indore NSH,KHANDWA ICH,L2,Madhya Pradesh Circle,450337,450337
1,Indore NSH,KHANDWA ICH,L2,Madhya Pradesh Circle,450445,450445
1,Indore NSH,KHANDWA ICH,L2,Madhya Pradesh Circle,450551,450551
1,Indore NSH,KHANDWA ICH,L2,Madhya Pradesh Circle,450554,450554
1,Indore NSH,KHANDWA ICH,L2,Madhya Pradesh Circle,450661,450661
1,Indore NSH,KHANDWA ICH,L2,Madhya Pradesh Circle,450771,450771
1,Indore NSH,KHANDWA ICH,L2,Madhya Pradesh Circle,450881,450881
1,Indore NSH,KHANDWA ICH,L2,Madhya Pradesh Circle,450991,450991
1,Indore NSH,KHANDWA ICH,L2,Madhya Pradesh Circle,451001,451001
1,Indore NSH,KHANDWA ICH,L2,Madhya Pradesh Circle,451111,451111
1,Indore NSH,KHANDWA ICH,L2,Madhya Pradesh Circle,451113,451113
1,Indore NSH,KHANDWA ICH,L2,Madhya Pradesh Circle,451115,451115
1,Indore NSH,KHANDWA ICH,L2,Madhya Pradesh Circle,451220,451220
1,Indore NSH,KHANDWA ICH,L2,Madhya Pradesh Circle,451221,451221
1,Indore NSH,KHANDWA ICH,L2,Madhya Pradesh Circle,451224,451224
1,Indore NSH,KHANDWA ICH,L2,Madhya Pradesh Circle,451225,451225
1,Indore NSH,KHANDWA ICH,L2,Madhya Pradesh Circle,451228,451228
1,Indore NSH,KHANDWA ICH,L2,Madhya Pradesh Circle,451331,451331
1,Indore NSH,KHANDWA ICH,L2,Madhya Pradesh Circle,451332,451332
1,Indore NSH,KHANDWA ICH,L2,Madhya Pradesh Circle,451335,451335
1,Indore NSH,KHANDWA ICH,L2,Madhya Pradesh Circle,451440,451440
1,Indore NSH,KHANDWA ICH,L2,Madhya Pradesh Circle,451441,451441
1,Indore NSH,KHANDWA ICH,L2,Madhya Pradesh Circle,451442,451442
1,Indore NSH,KHANDWA ICH,L2,Madhya Pradesh Circle,451447,451447
1,Indore NSH,KHANDWA ICH,L2,Madhya Pradesh Circle,451449,451449
1,Indore NSH,KHANDWA ICH,L2,Madhya Pradesh Circle,451551,451551
1,Indore NSH,KHANDWA ICH,L2,Madhya Pradesh Circle,451556,451556
1,Indore NSH,KHANDWA ICH,L2,Madhya Pradesh Circle,451660,451660
1,Indore NSH,KHANDWA ICH,L2,Madhya Pradesh Circle,451666,451666
1,Indore NSH,KHANDWA ICH,L2,Madhya Pradesh Circle,451770,451770
1,Indore NSH,KHANDWA ICH,L2,Madhya Pradesh Circle,451881,451881
1,Indore NSH,Ujjain ICH,L2,Madhya Pradesh Circle,456001,456001
1,Indore NSH,Ujjain ICH,L2,Madhya Pradesh Circle,456003,456003
1,Indore NSH,Ujjain ICH,L2,Madhya Pradesh Circle,456006,456006
1,Indore NSH,Ujjain ICH,L2,Madhya Pradesh Circle,456010,456010
1,Indore NSH,Ujjain ICH,L2,Madhya Pradesh Circle,456221,456221
1,Indore NSH,Ujjain ICH,L2,Madhya Pradesh Circle,456222,456222
1,Indore NSH,Ujjain ICH,L2,Madhya Pradesh Circle,456224,456224
1,Indore NSH,Ujjain ICH,L2,Madhya Pradesh Circle,456313,456313
1,Indore NSH,Ujjain ICH,L2,Madhya Pradesh Circle,456331,456331
1,Indore NSH,Ujjain ICH,L2,Madhya Pradesh Circle,456335,456335
1,Indore NSH,Ujjain ICH,L2,Madhya Pradesh Circle,456337,456337
1,Indore NSH,Ujjain ICH,L2,Madhya Pradesh Circle,456440,456440
1,Indore NSH,Ujjain ICH,L2,Madhya Pradesh Circle,456441,456441
1,Indore NSH,Ujjain ICH,L2,Madhya Pradesh Circle,456443,456443
1,Indore NSH,Ujjain ICH,L2,Madhya Pradesh Circle,456550,456550
1,Indore NSH,Ujjain ICH,L2,Madhya Pradesh Circle,456661,456661
1,Indore NSH,Ujjain ICH,L2,Madhya Pradesh Circle,456664,456664
1,Indore NSH,Ujjain ICH,L2,Madhya Pradesh Circle,456665,456665
1,Indore NSH,Ujjain ICH,L2,Madhya Pradesh Circle,456668,456668
1,Indore NSH,Ujjain ICH,L2,Madhya Pradesh Circle,456770,456770
1,Indore NSH,Ujjain ICH,L2,Madhya Pradesh Circle,456771,456771
1,Indore NSH,Ujjain ICH,L2,Madhya Pradesh Circle,456776,456776
1,Indore NSH,Ujjain ICH,L2,Madhya Pradesh Circle,465001,465001
1,Indore NSH,Ujjain ICH,L2,Madhya Pradesh Circle,465106,465106
1,Indore NSH,Ujjain ICH,L2,Madhya Pradesh Circle,465110,465110
1,Indore NSH,Ujjain ICH,L2,Madhya Pradesh Circle,465113,465113
1,Indore NSH,Ujjain ICH,L2,Madhya Pradesh Circle,465116,465116
1,Indore NSH,Ujjain ICH,L2,Madhya Pradesh Circle,465118,465118
1,Indore NSH,Ujjain ICH,L2,Madhya Pradesh Circle,465220,465220
1,Indore NSH,Ujjain ICH,L2,Madhya Pradesh Circle,465223,465223
1,Indore NSH,Ujjain ICH,L2,Madhya Pradesh Circle,465226,465226
1,Indore NSH,Ujjain ICH,L2,Madhya Pradesh Circle,465227,465227
1,Indore NSH,Ujjain ICH,L2,Madhya Pradesh Circle,465230,465230
1,Indore NSH,Ujjain ICH,L2,Madhya Pradesh Circle,465333,465333
1,Indore NSH,Ujjain ICH,L2,Madhya Pradesh Circle,465335,465335
1,Indore NSH,Ujjain ICH,L2,Madhya Pradesh Circle,465337,465337
1,Indore NSH,Ujjain ICH,L2,Madhya Pradesh Circle,465339,465339
1,Indore NSH,Ujjain ICH,L2,Madhya Pradesh Circle,465441,465441
1,Indore NSH,Ujjain ICH,L2,Madhya Pradesh Circle,465445,465445
1,Indore NSH,Ujjain ICH,L2,Madhya Pradesh Circle,465447,465447
1,Indore NSH,Ujjain ICH,L2,Madhya Pradesh Circle,465449,465449
1,Indore NSH,Ujjain ICH,L2,Madhya Pradesh Circle,465550,465550
1,Indore NSH,Ratlam ICH,L2,Madhya Pradesh Circle,457001,457001
1,Indore NSH,Ratlam ICH,L2,Madhya Pradesh Circle,457114,457114
1,Indore NSH,Ratlam ICH,L2,Madhya Pradesh Circle,457118,457118
1,Indore NSH,Ratlam ICH,L2,Madhya Pradesh Circle,457119,457119
1,Indore NSH,Ratlam ICH,L2,Madhya Pradesh Circle,457222,457222
1,Indore NSH,Ratlam ICH,L2,Madhya Pradesh Circle,457226,457226
1,Indore NSH,Ratlam ICH,L2,Madhya Pradesh Circle,457331,457331
1,Indore NSH,Ratlam ICH,L2,Madhya Pradesh Circle,457333,457333
1,Indore NSH,Ratlam ICH,L2,Madhya Pradesh Circle,457336,457336
1,Indore NSH,Ratlam ICH,L2,Madhya Pradesh Circle,457339,457339
1,Indore NSH,Ratlam ICH,L2,Madhya Pradesh Circle,457340,457340
1,Indore NSH,Ratlam ICH,L2,Madhya Pradesh Circle,457441,457441
1,Indore NSH,Ratlam ICH,L2,Madhya Pradesh Circle,457550,457550
1,Indore NSH,Ratlam ICH,L2,Madhya Pradesh Circle,457555,457555
1,Indore NSH,Ratlam ICH,L2,Madhya Pradesh Circle,457661,457661
1,Indore NSH,Ratlam ICH,L2,Madhya Pradesh Circle,457770,457770
1,Indore NSH,Ratlam ICH,L2,Madhya Pradesh Circle,457772,457772
1,Indore NSH,Ratlam ICH,L2,Madhya Pradesh Circle,457773,457773
1,Indore NSH,Ratlam ICH,L2,Madhya Pradesh Circle,457775,457775
1,Indore NSH,Ratlam ICH,L2,Madhya Pradesh Circle,457777,457777
1,Indore NSH,Ratlam ICH,L2,Madhya Pradesh Circle,457779,457779
1,Indore NSH,Ratlam ICH,L2,Madhya Pradesh Circle,457882,457882
1,Indore NSH,Ratlam ICH,L2,Madhya Pradesh Circle,457885,457885
1,Indore NSH,Ratlam ICH,L2,Madhya Pradesh Circle,457887,457887
1,Indore NSH,Ratlam ICH,L2,Madhya Pradesh Circle,457888,457888
1,Indore NSH,Ratlam ICH,L2,Madhya Pradesh Circle,457990,457990
1,Indore NSH,Ratlam ICH,L2,Madhya Pradesh Circle,457993,457993
1,Indore NSH,Ratlam ICH,L2,Madhya Pradesh Circle,458001,458001
1,Indore NSH,Ratlam ICH,L2,Madhya Pradesh Circle,458002,458002
1,Indore NSH,Ratlam ICH,L2,Madhya Pradesh Circle,458110,458110
1,Indore NSH,Ratlam ICH,L2,Madhya Pradesh Circle,458113,458113
1,Indore NSH,Ratlam ICH,L2,Madhya Pradesh Circle,458116,458116
1,Indore NSH,Ratlam ICH,L2,Madhya Pradesh Circle,458118,458118
1,Indore NSH,Ratlam ICH,L2,Madhya Pradesh Circle,458220,458220
1,Indore NSH,Ratlam ICH,L2,Madhya Pradesh Circle,458226,458226
1,Indore NSH,Ratlam ICH,L2,Madhya Pradesh Circle,458228,458228
1,Indore NSH,Ratlam ICH,L2,Madhya Pradesh Circle,458330,458330
1,Indore NSH,Ratlam ICH,L2,Madhya Pradesh Circle,458336,458336
1,Indore NSH,Ratlam ICH,L2,Madhya Pradesh Circle,458339,458339
1,Indore NSH,Ratlam ICH,L2,Madhya Pradesh Circle,458389,458389
1,Indore NSH,Ratlam ICH,L2,Madhya Pradesh Circle,458441,458441
1,Indore NSH,Ratlam ICH,L2,Madhya Pradesh Circle,458468,458468
1,Indore NSH,Ratlam ICH,L2,Madhya Pradesh Circle,458470,458470
1,Indore NSH,Ratlam ICH,L2,Madhya Pradesh Circle,458553,458553
1,Indore NSH,Ratlam ICH,L2,Madhya Pradesh Circle,458556,458556
1,Indore NSH,Ratlam ICH,L2,Madhya Pradesh Circle,458558,458558
1,Indore NSH,Ratlam ICH,L2,Madhya Pradesh Circle,458664,458664
1,Indore NSH,Ratlam ICH,L2,Madhya Pradesh Circle,458667,458667
1,Indore NSH,Ratlam ICH,L2,Madhya Pradesh Circle,458669,458669
1,Indore NSH,Ratlam ICH,L2,Madhya Pradesh Circle,458771,458771
1,Indore NSH,Ratlam ICH,L2,Madhya Pradesh Circle,458775,458775
1,Indore NSH,Ratlam ICH,L2,Madhya Pradesh Circle,458778,458778
1,Indore NSH,Ratlam ICH,L2,Madhya Pradesh Circle,458880,458880
1,Indore NSH,Ratlam ICH,L2,Madhya Pradesh Circle,458883,458883
1,Indore NSH,Ratlam ICH,L2,Madhya Pradesh Circle,458888,458888
1,Indore NSH,Ratlam ICH,L2,Madhya Pradesh Circle,458895,458895
1,Indore NSH,Ratlam ICH,L2,Madhya Pradesh Circle,458990,458990
1,Varanasi NSH,Satna ICH,L2,Madhya Pradesh Circle,485001,485005
1,Varanasi NSH,Satna ICH,L2,Madhya Pradesh Circle,485111,485881
1,Varanasi NSH,Satna ICH,L2,Madhya Pradesh Circle,486001,486556
1,Varanasi NSH,Satna ICH,L2,Madhya Pradesh Circle,486661,486892
1,Varanasi NSH,Satna ICH,L2,Madhya Pradesh Circle,488001,488448
1,Bhubaneswar NSH,Bhubaneswar NSH,L1,Odisha Circle,751001,751025
1,Bhubaneswar NSH,Bhubaneswar NSH,L1,Odisha Circle,751028,751031
1,Bhubaneswar NSH,Bhubaneswar NSH,L1,Odisha Circle,751032,751032
1,Bhubaneswar NSH,Bhubaneswar NSH,L1,Odisha Circle,752015,752031
1,Bhubaneswar NSH,Bhubaneswar NSH,L1,Odisha Circle,752033,752044
1,Bhubaneswar NSH,Bhubaneswar NSH,L1,Odisha Circle,752047,752099
1,Bhubaneswar NSH,Bhubaneswar NSH,L1,Odisha Circle,752100,752103
1,Bhubaneswar NSH,Bhubaneswar NSH,L1,Odisha Circle,752115,752115
1,Bhubaneswar NSH,Bhubaneswar NSH,L1,Odisha Circle,754012,754012
1,Bhubaneswar NSH,ICH PURI,L2,Odisha Circle,752001,752003
1,Bhubaneswar NSH,ICH PURI,L2,Odisha Circle,752004,752004
1,Bhubaneswar NSH,ICH PURI,L2,Odisha Circle,752010,752014
1,Bhubaneswar NSH,ICH PURI,L2,Odisha Circle,752032,752032
1,Bhubaneswar NSH,ICH PURI,L2,Odisha Circle,752045,752046
1,Bhubaneswar NSH,ICH PURI,L2,Odisha Circle,752104,752111
1,Bhubaneswar NSH,ICH PURI,L2,Odisha Circle,752113,752114
1,Bhubaneswar NSH,ICH PURI,L2,Odisha Circle,752116,752116
1,Bhubaneswar NSH,ICH PURI,L2,Odisha Circle,752118,752119
1,Bhubaneswar NSH,ICH PURI,L2,Odisha Circle,752121,752121
1,Bhubaneswar NSH,Cuttack ICH,L2,Odisha Circle,752120,752120
1,Bhubaneswar NSH,Cuttack ICH,L2,Odisha Circle,753001,753015
1,Bhubaneswar NSH,Cuttack ICH,L2,Odisha Circle,754001,754011
1,Bhubaneswar NSH,Cuttack ICH,L2,Odisha Circle,754013,754013
1,Bhubaneswar NSH,Cuttack ICH,L2,Odisha Circle,754014,754018
1,Bhubaneswar NSH,Cuttack ICH,L2,Odisha Circle,754021,754022
1,Bhubaneswar NSH,Jajpur Road ICH,L2,Odisha Circle,754023,754024
1,Bhubaneswar NSH,Cuttack ICH,L2,Odisha Circle,754025,754080
1,Bhubaneswar NSH,Jajpur Road ICH,L2,Odisha Circle,754081,754082
1,Bhubaneswar NSH,Cuttack ICH,L2,Odisha Circle,754083,754295
1,Bhubaneswar NSH,Jajpur Road ICH,L2,Odisha Circle,754296,754296
1,Bhubaneswar NSH,Cuttack ICH,L2,Odisha Circle,754297,754299
1,Bhubaneswar NSH,Jajpur Road ICH,L2,Odisha Circle,755001,755060
1,Bhubaneswar NSH,Cuttack ICH,L2,Odisha Circle,755061,755061
1,Bhubaneswar NSH,Balasore ICH,L2,Odisha Circle,756001,756999
1,Bhubaneswar NSH,ICH Baripada,L2,Odisha Circle,757001,757003
1,Bhubaneswar NSH,ICH Baripada,L2,Odisha Circle,757004,757024
1,Bhubaneswar NSH,Balasore ICH,L2,Odisha Circle,757025,757025
1,Bhubaneswar NSH,Balasore ICH,L2,Odisha Circle,757028,757029
1,Bhubaneswar NSH,Balasore ICH,L2,Odisha Circle,757052,757052
1,Bhubaneswar NSH,Balasore ICH,L2,Odisha Circle,757056,757056
1,Bhubaneswar NSH,Balasore ICH,L2,Odisha Circle,757082,757082
1,Bhubaneswar NSH,Balasore ICH,L2,Odisha Circle,757100,757100
1,Bhubaneswar NSH,ICH Baripada,L2,Odisha Circle,757026,757027
1,Bhubaneswar NSH,ICH Baripada,L2,Odisha Circle,757030,757048
1,Bhubaneswar NSH,ICH Baripada,L2,Odisha Circle,757049,757049
1,Bhubaneswar NSH,ICH Baripada,L2,Odisha Circle,757050,757051
1,Bhubaneswar NSH,ICH Baripada,L2,Odisha Circle,757053,757055
1,Bhubaneswar NSH,ICH Baripada,L2,Odisha Circle,757057,757081
1,Bhubaneswar NSH,ICH Baripada,L2,Odisha Circle,757083,757099
1,Bhubaneswar NSH,ICH Baripada,L2,Odisha Circle,757101,757106
1,Bhubaneswar NSH,ICH Baripada,L2,Odisha Circle,757107,757107
1,Bhubaneswar NSH,ICH Baripada,L2,Odisha Circle,757108,757999
1,Bhubaneswar NSH,Jajpur Road ICH,L2,Odisha Circle,758001,758999
1,Bhubaneswar NSH,Dhenkanal ICH,L2,Odisha Circle,759001,759148
1,Bhubaneswar NSH,Dhenkanal ICH,L2,Odisha Circle,759149,759151
1,Bhubaneswar NSH,ICH Jharsuguda,L2,Odisha Circle,768201,768204
1,Bhubaneswar NSH,ICH Jharsuguda,L2,Odisha Circle,768210,768222
1,Bhubaneswar NSH,ICH Jharsuguda,L2,Odisha Circle,768224,768228
1,Bhubaneswar NSH,ICH Jharsuguda,L2,Odisha Circle,768233,768234
1,Bhubaneswar NSH,ICH Jharsuguda,L2,Odisha Circle,770001,770002
1,Bhubaneswar NSH,ICH Jharsuguda,L2,Odisha Circle,770011,770015
1,Bhubaneswar NSH,ICH Jharsuguda,L2,Odisha Circle,770019,770022
1,Bhubaneswar NSH,ICH Jharsuguda,L2,Odisha Circle,770024,770025
1,Bhubaneswar NSH,Jeypore(K) ICH,L2,Odisha Circle,763001,764000
1,Bhubaneswar NSH,Sambalpur ICH,L2,Odisha Circle,768025,768200
1,Bhubaneswar NSH,Berhampur ICH,L2,Odisha Circle,760012,762999
1,Bhubaneswar NSH,Berhampur ICH,L2,Odisha Circle,760001,760011
1,Bhubaneswar NSH,Sambalpur ICH,L2,Odisha Circle,768001,768006
1,Bhubaneswar NSH,Sambalpur ICH,L2,Odisha Circle,768007,768024
1,Bhubaneswar NSH,Jeypore(K) ICH,L2,Odisha Circle,764007,765999
1,Bhubaneswar NSH,Jeypore(K) ICH,L2,Odisha Circle,764001,764006
1,Bhubaneswar NSH,Rourkela ICH,L2,Odisha Circle,769001,769006
1,Bhubaneswar NSH,Rourkela ICH,L2,Odisha Circle,769007,769007
1,Bhubaneswar NSH,Rourkela ICH,L2,Odisha Circle,769008,769015
1,Bhubaneswar NSH,Rourkela ICH,L2,Odisha Circle,769016,769016
1,Bhubaneswar NSH,Rourkela ICH,L2,Odisha Circle,769042,769042
1,Bhubaneswar NSH,Rourkela ICH,L2,Odisha Circle,769043,769043
1,Bhubaneswar NSH,Rourkela ICH,L2,Odisha Circle,770016,770018
1,Bhubaneswar NSH,Rourkela ICH,L2,Odisha Circle,770023,770023
1,Bhubaneswar NSH,Rourkela ICH,L2,Odisha Circle,770031,770044
1,Bhubaneswar NSH,Rourkela ICH,L2,Odisha Circle,770046,770046
1,Bhubaneswar NSH,Rourkela ICH,L2,Odisha Circle,770048,770048
1,Bhubaneswar NSH,Rourkela ICH,L2,Odisha Circle,770051,770052
1,Bhubaneswar NSH,Rourkela ICH,L2,Odisha Circle,770070,770070
1,Bhubaneswar NSH,ICH Jharsuguda,L2,Odisha Circle,770072,770076
1,Bhubaneswar NSH,Balangir ICH,L2,Odisha Circle,766001,766999
1,Bhubaneswar NSH,Balangir ICH,L2,Odisha Circle,767001,767002
1,Bhubaneswar NSH,Balangir ICH,L2,Odisha Circle,767003,767064
1,Bhubaneswar NSH,Balangir ICH,L2,Odisha Circle,767065,767065
1,Bhubaneswar NSH,Balangir ICH,L2,Odisha Circle,767066,767070
1,Bhubaneswar NSH,Balangir ICH,L2,Odisha Circle,767071,767071
1,Bhubaneswar NSH,Balangir ICH,L2,Odisha Circle,767072,767999
1,Chandigarh NSH,Chandigarh NSH,L1,Punjab Circle,140101,140101
1,Chandigarh NSH,Chandigarh NSH,L1,Punjab Circle,140102,140102
1,Chandigarh NSH,Chandigarh NSH,L1,Punjab Circle,140103,140103
1,Chandigarh NSH,Chandigarh NSH,L1,Punjab Circle,140108,140108
1,Chandigarh NSH,Chandigarh NSH,L1,Punjab Circle,140109,140109
1,Chandigarh NSH,Chandigarh NSH,L1,Punjab Circle,140110,140110
1,Chandigarh NSH,Chandigarh NSH,L1,Punjab Circle,140111,140111
1,Chandigarh NSH,Chandigarh NSH,L1,Punjab Circle,140112,140113
1,Chandigarh NSH,Chandigarh NSH,L1,Punjab Circle,140114,140114
1,Chandigarh NSH,Chandigarh NSH,L1,Punjab Circle,140115,140115
1,Chandigarh NSH,Chandigarh NSH,L1,Punjab Circle,140116,140116
1,Chandigarh NSH,Chandigarh NSH,L1,Punjab Circle,140117,140117
1,Chandigarh NSH,Chandigarh NSH,L1,Punjab Circle,140118,140118
1,Chandigarh NSH,Chandigarh NSH,L1,Punjab Circle,140119,140119
1,Chandigarh NSH,Chandigarh NSH,L1,Punjab Circle,140123,140123
1,Chandigarh NSH,Chandigarh NSH,L1,Punjab Circle,140124,140124
1,Chandigarh NSH,Chandigarh NSH,L1,Punjab Circle,140125,140125
1,Chandigarh NSH,Chandigarh NSH,L1,Punjab Circle,140126,140127
1,Chandigarh NSH,Chandigarh NSH,L1,Punjab Circle,140128,140128
1,Chandigarh NSH,Chandigarh NSH,L1,Punjab Circle,140133,140133
1,Chandigarh NSH,Chandigarh NSH,L1,Punjab Circle,140201,140201
1,Chandigarh NSH,Chandigarh NSH,L1,Punjab Circle,140301,140301
1,Chandigarh NSH,Chandigarh NSH,L1,Punjab Circle,140306,140306
1,Chandigarh NSH,Chandigarh NSH,L1,Punjab Circle,140307,140308
1,Chandigarh NSH,Chandigarh NSH,L1,Punjab Circle,140413,140413
1,Chandigarh NSH,Chandigarh NSH,L1,Punjab Circle,140501,140501
1,Chandigarh NSH,Chandigarh NSH,L1,Punjab Circle,140506,140506
1,Chandigarh NSH,Chandigarh NSH,L1,Punjab Circle,140507,140507
1,Chandigarh NSH,Chandigarh NSH,L1,Punjab Circle,140603,140604
1,Chandigarh NSH,Chandigarh NSH,L1,Punjab Circle,140901,140901
1,Chandigarh NSH,Chandigarh NSH,L1,Punjab Circle,160001,160001
1,Chandigarh NSH,Chandigarh NSH,L1,Punjab Circle,160002,160002
1,Chandigarh NSH,Chandigarh NSH,L1,Punjab Circle,160003,160003
1,Chandigarh NSH,Chandigarh NSH,L1,Punjab Circle,160004,160004
1,Chandigarh NSH,Chandigarh NSH,L1,Punjab Circle,160009,160009
1,Chandigarh NSH,Chandigarh NSH,L1,Punjab Circle,160011,160011
1,Chandigarh NSH,Chandigarh NSH,L1,Punjab Circle,160012,160012
1,Chandigarh NSH,Chandigarh NSH,L1,Punjab Circle,160014,160014
1,Chandigarh NSH,Chandigarh NSH,L1,Punjab Circle,160015,160015
1,Chandigarh NSH,Chandigarh NSH,L1,Punjab Circle,160017,160017
1,Chandigarh NSH,Chandigarh NSH,L1,Punjab Circle,160018,160018
1,Chandigarh NSH,Chandigarh NSH,L1,Punjab Circle,160019,160019
1,Chandigarh NSH,Chandigarh NSH,L1,Punjab Circle,160020,160020
1,Chandigarh NSH,Chandigarh NSH,L1,Punjab Circle,160022,160022
1,Chandigarh NSH,Chandigarh NSH,L1,Punjab Circle,160023,160023
1,Chandigarh NSH,Chandigarh NSH,L1,Punjab Circle,160025,160025
1,Chandigarh NSH,Chandigarh NSH,L1,Punjab Circle,160030,160030
1,Chandigarh NSH,Chandigarh NSH,L1,Punjab Circle,160036,160036
1,Chandigarh NSH,Chandigarh NSH,L1,Punjab Circle,160043,160043
1,Chandigarh NSH,Chandigarh NSH,L1,Punjab Circle,160047,160047
1,Chandigarh NSH,Chandigarh NSH,L1,Punjab Circle,160062,160062
1,Chandigarh NSH,Chandigarh NSH,L1,Punjab Circle,160055,160055
1,Chandigarh NSH,Chandigarh NSH,L1,Punjab Circle,160059,160059
1,Chandigarh NSH,Chandigarh NSH,L1,Punjab Circle,160071,160071
1,Chandigarh NSH,Chandigarh NSH,L1,Punjab Circle,160101,160101
1,Chandigarh NSH,Chandigarh NSH,L1,Punjab Circle,160102,160102
1,Chandigarh NSH,Chandigarh NSH,L1,Punjab Circle,160103,160103
1,Chandigarh NSH,Chandigarh NSH,L1,Punjab Circle,160104,160104
1,Ludhiana NSH,Ludhiana NSH,L1,Punjab Circle,141001,141001
1,Ludhiana NSH,Ludhiana NSH,L1,Punjab Circle,141002,141002
1,Ludhiana NSH,Ludhiana NSH,L1,Punjab Circle,141003,141003
1,Ludhiana NSH,Ludhiana NSH,L1,Punjab Circle,141004,141004
1,Ludhiana NSH,Ludhiana NSH,L1,Punjab Circle,141006,141006
1,Ludhiana NSH,Ludhiana NSH,L1,Punjab Circle,141007,141007
1,Ludhiana NSH,Ludhiana NSH,L1,Punjab Circle,141008,141008
1,Ludhiana NSH,Ludhiana NSH,L1,Punjab Circle,141010,141010
1,Ludhiana NSH,Ludhiana NSH,L1,Punjab Circle,141012,141012
1,Ludhiana NSH,Ludhiana NSH,L1,Punjab Circle,141013,141013
1,Ludhiana NSH,Ludhiana NSH,L1,Punjab Circle,141014,141014
1,Ludhiana NSH,Ludhiana NSH,L1,Punjab Circle,141015,141015
1,Ludhiana NSH,Ludhiana NSH,L1,Punjab Circle,141016,141016
1,Ludhiana NSH,Ludhiana NSH,L1,Punjab Circle,141101,141101
1,Ludhiana NSH,Ludhiana NSH,L1,Punjab Circle,141102,141102
1,Ludhiana NSH,Ludhiana NSH,L1,Punjab Circle,141103,141103
1,Ludhiana NSH,Ludhiana NSH,L1,Punjab Circle,141104,141104
1,Ludhiana NSH,Ludhiana NSH,L1,Punjab Circle,141105,141105
1,Ludhiana NSH,Ludhiana NSH,L1,Punjab Circle,141106,141106
1,Ludhiana NSH,Ludhiana NSH,L1,Punjab Circle,141107,141107
1,Ludhiana NSH,Ludhiana NSH,L1,Punjab Circle,141108,141108
1,Ludhiana NSH,Ludhiana NSH,L1,Punjab Circle,141109,141109
1,Ludhiana NSH,Ludhiana NSH,L1,Punjab Circle,141110,141110
1,Ludhiana NSH,Ludhiana NSH,L1,Punjab Circle,141112,141112
1,Ludhiana NSH,Ludhiana NSH,L1,Punjab Circle,141113,141113
1,Ludhiana NSH,Ludhiana NSH,L1,Punjab Circle,141114,141114
1,Ludhiana NSH,Ludhiana NSH,L1,Punjab Circle,141115,141115
1,Ludhiana NSH,Ludhiana NSH,L1,Punjab Circle,141116,141116
1,Ludhiana NSH,Ludhiana NSH,L1,Punjab Circle,141117,141117
1,Ludhiana NSH,Ludhiana NSH,L1,Punjab Circle,141118,141118
1,Ludhiana NSH,Ludhiana NSH,L1,Punjab Circle,141119,141119
1,Ludhiana NSH,Ludhiana NSH,L1,Punjab Circle,141120,141120
1,Ludhiana NSH,Ludhiana NSH,L1,Punjab Circle,141121,141121
1,Ludhiana NSH,Ludhiana NSH,L1,Punjab Circle,141122,141122
1,Ludhiana NSH,Ludhiana NSH,L1,Punjab Circle,141123,141123
1,Ludhiana NSH,Ludhiana NSH,L1,Punjab Circle,141125,141125
1,Ludhiana NSH,Ludhiana NSH,L1,Punjab Circle,141126,141126
1,Ludhiana NSH,Ludhiana NSH,L1,Punjab Circle,141127,141127
1,Ludhiana NSH,Ludhiana NSH,L1,Punjab Circle,141201,141201
1,Ludhiana NSH,Ludhiana NSH,L1,Punjab Circle,141202,141202
1,Ludhiana NSH,Ludhiana NSH,L1,Punjab Circle,141203,141203
1,Ludhiana NSH,Ludhiana NSH,L1,Punjab Circle,141204,141204
1,Ludhiana NSH,Ludhiana NSH,L1,Punjab Circle,141205,141205
1,Ludhiana NSH,Ludhiana NSH,L1,Punjab Circle,141206,141206
1,Ludhiana NSH,Ludhiana NSH,L1,Punjab Circle,141401,141401
1,Ludhiana NSH,Ludhiana NSH,L1,Punjab Circle,141412,141412
1,Ludhiana NSH,Ludhiana NSH,L1,Punjab Circle,141413,141413
1,Ludhiana NSH,Ludhiana NSH,L1,Punjab Circle,141414,141414
1,Ludhiana NSH,Ludhiana NSH,L1,Punjab Circle,141415,141415
1,Ludhiana NSH,Ludhiana NSH,L1,Punjab Circle,141416,141416
1,Ludhiana NSH,Ludhiana NSH,L1,Punjab Circle,141417,141417
1,Ludhiana NSH,Ludhiana NSH,L1,Punjab Circle,141418,141418
1,Ludhiana NSH,Ludhiana NSH,L1,Punjab Circle,141419,141419
1,Ludhiana NSH,Ludhiana NSH,L1,Punjab Circle,141421,141421
1,Ludhiana NSH,Ludhiana NSH,L1,Punjab Circle,142021,142021
1,Ludhiana NSH,Ludhiana NSH,L1,Punjab Circle,142022,142022
1,Ludhiana NSH,Ludhiana NSH,L1,Punjab Circle,142023,142023
1,Ludhiana NSH,Ludhiana NSH,L1,Punjab Circle,142024,142024
1,Ludhiana NSH,Ludhiana NSH,L1,Punjab Circle,142025,142025
1,Ludhiana NSH,Ludhiana NSH,L1,Punjab Circle,142026,142026
1,Ludhiana NSH,Ludhiana NSH,L1,Punjab Circle,142027,142027
1,Ludhiana NSH,Ludhiana NSH,L1,Punjab Circle,142029,142029
1,Ludhiana NSH,Ludhiana NSH,L1,Punjab Circle,142030,142030
1,Ludhiana NSH,Ludhiana NSH,L1,Punjab Circle,142031,142031
1,Ludhiana NSH,Ludhiana NSH,L1,Punjab Circle,142032,142032
1,Ludhiana NSH,Ludhiana NSH,L1,Punjab Circle,142033,142033
1,Ludhiana NSH,Ludhiana NSH,L1,Punjab Circle,142034,142034
1,Ludhiana NSH,Ludhiana NSH,L1,Punjab Circle,142035,142035
1,Ludhiana NSH,Ludhiana NSH,L1,Punjab Circle,142036,142036
1,Ludhiana NSH,Ludhiana NSH,L1,Punjab Circle,148001,148001
1,Ludhiana NSH,Ludhiana NSH,L1,Punjab Circle,148017,148017
1,Ludhiana NSH,Ludhiana NSH,L1,Punjab Circle,148018,148018
1,Ludhiana NSH,Ludhiana NSH,L1,Punjab Circle,148019,148019
1,Ludhiana NSH,Ludhiana NSH,L1,Punjab Circle,148020,148020
1,Ludhiana NSH,Ludhiana NSH,L1,Punjab Circle,148021,148021
1,Ludhiana NSH,Ludhiana NSH,L1,Punjab Circle,148022,148022
1,Ludhiana NSH,Ludhiana NSH,L1,Punjab Circle,148023,148023
1,Ludhiana NSH,Ludhiana NSH,L1,Punjab Circle,148024,148024
1,Ludhiana NSH,Ludhiana NSH,L1,Punjab Circle,148025,148025
1,Ludhiana NSH,Ludhiana NSH,L1,Punjab Circle,148026,148026
1,Ludhiana NSH,Ludhiana NSH,L1,Punjab Circle,148027,148027
1,Ludhiana NSH,Ludhiana NSH,L1,Punjab Circle,148028,148028
1,Ludhiana NSH,Ludhiana NSH,L1,Punjab Circle,148029,148030
1,Ludhiana NSH,Ludhiana NSH,L1,Punjab Circle,148031,148031
1,Ludhiana NSH,Ludhiana NSH,L1,Punjab Circle,148033,148033
1,Ludhiana NSH,Ludhiana NSH,L1,Punjab Circle,148034,148034
1,Ludhiana NSH,Ludhiana NSH,L1,Punjab Circle,148035,148035
1,Ludhiana NSH,Ludhiana NSH,L1,Punjab Circle,148100,148100
1,Ludhiana NSH,Ludhiana NSH,L1,Punjab Circle,148101,148102
1,Ludhiana NSH,Ludhiana NSH,L1,Punjab Circle,148103,148103
1,Ludhiana NSH,Ludhiana NSH,L1,Punjab Circle,148104,148104
1,Ludhiana NSH,Ludhiana NSH,L1,Punjab Circle,148105,148105
1,Ludhiana NSH,Ludhiana NSH,L1,Punjab Circle,148106,148106
1,Ludhiana NSH,Ludhiana NSH,L1,Punjab Circle,148107,148107
1,Ludhiana NSH,Ludhiana NSH,L1,Punjab Circle,148108,148108
1,Chandigarh NSH,Patiala ICH,L2,Punjab Circle,140401,140404
1,Chandigarh NSH,Patiala ICH,L2,Punjab Circle,140405,140408
1,Chandigarh NSH,Patiala ICH,L2,Punjab Circle,140409,140412
1,Chandigarh NSH,Patiala ICH,L2,Punjab Circle,140414,140499
1,Chandigarh NSH,Patiala ICH,L2,Punjab Circle,140600,140602
1,Chandigarh NSH,Patiala ICH,L2,Punjab Circle,140605,140699
1,Chandigarh NSH,Patiala ICH,L2,Punjab Circle,140700,140799
1,Chandigarh NSH,Patiala ICH,L2,Punjab Circle,140802,140802
1,Chandigarh NSH,Patiala ICH,L2,Punjab Circle,141411,141411
1,Chandigarh NSH,Patiala ICH,L2,Punjab Circle,141801,141801
1,Chandigarh NSH,Patiala ICH,L2,Punjab Circle,147001,147001
1,Chandigarh NSH,Patiala ICH,L2,Punjab Circle,147002,147002
1,Chandigarh NSH,Patiala ICH,L2,Punjab Circle,147003,147003
1,Chandigarh NSH,Patiala ICH,L2,Punjab Circle,147004,147004
1,Chandigarh NSH,Patiala ICH,L2,Punjab Circle,147005,147005
1,Chandigarh NSH,Patiala ICH,L2,Punjab Circle,147006,147006
1,Chandigarh NSH,Patiala ICH,L2,Punjab Circle,147007,147007
1,Chandigarh NSH,Patiala ICH,L2,Punjab Circle,147021,147021
1,Chandigarh NSH,Patiala ICH,L2,Punjab Circle,147101,147102
1,Chandigarh NSH,Patiala ICH,L2,Punjab Circle,147103,147103
1,Chandigarh NSH,Patiala ICH,L2,Punjab Circle,147104,147104
1,Chandigarh NSH,Patiala ICH,L2,Punjab Circle,147105,147105
1,Chandigarh NSH,Patiala ICH,L2,Punjab Circle,147111,147111
1,Chandigarh NSH,Patiala ICH,L2,Punjab Circle,147201,147201
1,Chandigarh NSH,Patiala ICH,L2,Punjab Circle,147202,147202
1,Chandigarh NSH,Patiala ICH,L2,Punjab Circle,147203,147203
1,Chandigarh NSH,Patiala ICH,L2,Punjab Circle,147301,147301
1,Ludhiana NSH,Ferozepur ICH,L2,Punjab Circle,142001,142001
1,Ludhiana NSH,Ferozepur ICH,L2,Punjab Circle,142002,142003
1,Ludhiana NSH,Ferozepur ICH,L2,Punjab Circle,142011,142011
1,Ludhiana NSH,Ferozepur ICH,L2,Punjab Circle,142037,142040
1,Ludhiana NSH,Ferozepur ICH,L2,Punjab Circle,142041,142044
1,Ludhiana NSH,Ferozepur ICH,L2,Punjab Circle,142045,142045
1,Ludhiana NSH,Ferozepur ICH,L2,Punjab Circle,142046,142046
1,Ludhiana NSH,Ferozepur ICH,L2,Punjab Circle,142047,142047
1,Ludhiana NSH,Ferozepur ICH,L2,Punjab Circle,142048,142049
1,Ludhiana NSH,Ferozepur ICH,L2,Punjab Circle,142050,142050
1,Ludhiana NSH,Ferozepur ICH,L2,Punjab Circle,142052,142052
1,Ludhiana NSH,Ferozepur ICH,L2,Punjab Circle,142053,142057
1,Ludhiana NSH,Ferozepur ICH,L2,Punjab Circle,142058,142058
1,Ludhiana NSH,Ferozepur ICH,L2,Punjab Circle,142060,142060
1,Ludhiana NSH,Bathinda ICH,L2,Punjab Circle,151001,151005
1,Ludhiana NSH,Bathinda ICH,L2,Punjab Circle,151007,151007
1,Ludhiana NSH,Bathinda ICH,L2,Punjab Circle,151101,151106
1,Ludhiana NSH,Bathinda ICH,L2,Punjab Circle,151108,151108
1,Ludhiana NSH,Bathinda ICH,L2,Punjab Circle,151111,151111
1,Ludhiana NSH,Bathinda ICH,L2,Punjab Circle,151201,151212
1,Ludhiana NSH,Bathinda ICH,L2,Punjab Circle,151213,151213
1,Ludhiana NSH,Bathinda ICH,L2,Punjab Circle,151214,151214
1,Ludhiana NSH,Bathinda ICH,L2,Punjab Circle,151215,151215
1,Ludhiana NSH,Bathinda ICH,L2,Punjab Circle,151301,151302
1,Ludhiana NSH,Bathinda ICH,L2,Punjab Circle,151401,151401
1,Ludhiana NSH,Bathinda ICH,L2,Punjab Circle,151501,151510
1,Ludhiana NSH,Bathinda ICH,L2,Punjab Circle,151511,151511
1,Ludhiana NSH,Ferozepur ICH,L2,Punjab Circle,152001,152002
1,Ludhiana NSH,Ferozepur ICH,L2,Punjab Circle,152020,152024
1,Ludhiana NSH,Bathinda ICH,L2,Punjab Circle,152025,152026
1,Ludhiana NSH,Ferozepur ICH,L2,Punjab Circle,152028,152028
1,Ludhiana NSH,Bathinda ICH,L2,Punjab Circle,152031,152032
1,Ludhiana NSH,Ferozepur ICH,L2,Punjab Circle,152033,152033
1,Ludhiana NSH,Bathinda ICH,L2,Punjab Circle,152101,152101
1,Ludhiana NSH,Bathinda ICH,L2,Punjab Circle,152107,152107
1,Ludhiana NSH,Bathinda ICH,L2,Punjab Circle,152112,152115
1,Ludhiana NSH,Bathinda ICH,L2,Punjab Circle,152116,152118
1,Ludhiana NSH,Bathinda ICH,L2,Punjab Circle,152121,152122
1,Ludhiana NSH,Ferozepur ICH,L2,Punjab Circle,152123,152124
1,Ludhiana NSH,Bathinda ICH,L2,Punjab Circle,152128,152132
1,Ludhiana NSH,Jalandhar ICH,L2,Punjab Circle,144525,144525
1,Ludhiana NSH,Jalandhar ICH,L2,Punjab Circle,144526,144526
1,Ludhiana NSH,Jalandhar ICH,L2,Punjab Circle,144527,144527
1,Ludhiana NSH,Jalandhar ICH,L2,Punjab Circle,144528,144528
1,Ludhiana NSH,Jalandhar ICH,L2,Punjab Circle,144529,144529
1,Ludhiana NSH,Jalandhar ICH,L2,Punjab Circle,144530,144530
1,Ludhiana NSH,Jalandhar ICH,L2,Punjab Circle,144531,144531
1,Ludhiana NSH,Jalandhar ICH,L2,Punjab Circle,144532,144532
1,Ludhiana NSH,Jalandhar ICH,L2,Punjab Circle,144533,144533
1,Ludhiana NSH,Jalandhar ICH,L2,Punjab Circle,144601,144601
1,Ludhiana NSH,Jalandhar ICH,L2,Punjab Circle,144602,144602
1,Ludhiana NSH,Jalandhar ICH,L2,Punjab Circle,144603,144603
1,Ludhiana NSH,Jalandhar ICH,L2,Punjab Circle,144606,144606
1,Ludhiana NSH,Jalandhar ICH,L2,Punjab Circle,144620,144620
1,Ludhiana NSH,Jalandhar ICH,L2,Punjab Circle,144210,144210
1,Ludhiana NSH,Jalandhar ICH,L2,Punjab Circle,144211,144211
1,Ludhiana NSH,Jalandhar ICH,L2,Punjab Circle,144212,144212
1,Ludhiana NSH,Jalandhar ICH,L2,Punjab Circle,144213,144213
1,Ludhiana NSH,Jalandhar ICH,L2,Punjab Circle,144214,144214
1,Ludhiana NSH,Jalandhar ICH,L2,Punjab Circle,144216,144216
1,Ludhiana NSH,Jalandhar ICH,L2,Punjab Circle,144221,144221
1,Ludhiana NSH,Jalandhar ICH,L2,Punjab Circle,144222,144222
1,Ludhiana NSH,Jalandhar ICH,L2,Punjab Circle,144223,144223
1,Ludhiana NSH,Jalandhar ICH,L2,Punjab Circle,144224,144224
1,Ludhiana NSH,Jalandhar ICH,L2,Punjab Circle,144301,144301
1,Ludhiana NSH,Jalandhar ICH,L2,Punjab Circle,144302,144302
1,Ludhiana NSH,Jalandhar ICH,L2,Punjab Circle,144303,144303
1,Ludhiana NSH,Jalandhar ICH,L2,Punjab Circle,144305,144305
1,Ludhiana NSH,Jalandhar ICH,L2,Punjab Circle,144306,144306
1,Ludhiana NSH,Jalandhar ICH,L2,Punjab Circle,144311,144311
1,Ludhiana NSH,Jalandhar ICH,L2,Punjab Circle,144402,144402
1,Ludhiana NSH,Jalandhar ICH,L2,Punjab Circle,144421,144421
1,Ludhiana NSH,Jalandhar ICH,L2,Punjab Circle,144422,144422
1,Ludhiana NSH,Jalandhar ICH,L2,Punjab Circle,144501,144501
1,Ludhiana NSH,Jalandhar ICH,L2,Punjab Circle,144502,144502
1,Ludhiana NSH,Jalandhar ICH,L2,Punjab Circle,144503,144503
1,Ludhiana NSH,Jalandhar ICH,L2,Punjab Circle,144504,144504
1,Ludhiana NSH,Jalandhar ICH,L2,Punjab Circle,144505,144505
1,Ludhiana NSH,Jalandhar ICH,L2,Punjab Circle,144506,144506
1,Ludhiana NSH,Jalandhar ICH,L2,Punjab Circle,144507,144507
1,Ludhiana NSH,Jalandhar ICH,L2,Punjab Circle,144508,144508
1,Ludhiana NSH,Jalandhar ICH,L2,Punjab Circle,144509,144509
1,Ludhiana NSH,Jalandhar ICH,L2,Punjab Circle,144510,144510
1,Ludhiana NSH,Jalandhar ICH,L2,Punjab Circle,144511,144511
1,Ludhiana NSH,Jalandhar ICH,L2,Punjab Circle,144512,144512
1,Ludhiana NSH,Jalandhar ICH,L2,Punjab Circle,144513,144513
1,Ludhiana NSH,Jalandhar ICH,L2,Punjab Circle,144514,144514
1,Ludhiana NSH,Jalandhar ICH,L2,Punjab Circle,144515,144515
1,Ludhiana NSH,Jalandhar ICH,L2,Punjab Circle,144516,144516
1,Ludhiana NSH,Jalandhar ICH,L2,Punjab Circle,144517,144517
1,Ludhiana NSH,Jalandhar ICH,L2,Punjab Circle,144518,144518
1,Ludhiana NSH,Jalandhar ICH,L2,Punjab Circle,144519,144519
1,Ludhiana NSH,Jalandhar ICH,L2,Punjab Circle,144520,144520
1,Ludhiana NSH,Jalandhar ICH,L2,Punjab Circle,144521,144521
1,Ludhiana NSH,Jalandhar ICH,L2,Punjab Circle,144522,144522
1,Ludhiana NSH,Jalandhar ICH,L2,Punjab Circle,144523,144523
1,Ludhiana NSH,Jalandhar ICH,L2,Punjab Circle,144524,144524
1,Ludhiana NSH,Amritsar ICH,L2,Punjab Circle,145022,145022
1,Ludhiana NSH,Amritsar ICH,L2,Punjab Circle,145023,145023
1,Ludhiana NSH,Amritsar ICH,L2,Punjab Circle,145024,145024
1,Ludhiana NSH,Amritsar ICH,L2,Punjab Circle,145025,145025
1,Ludhiana NSH,Amritsar ICH,L2,Punjab Circle,145026,145026
1,Ludhiana NSH,Amritsar ICH,L2,Punjab Circle,145027,145027
1,Ludhiana NSH,Amritsar ICH,L2,Punjab Circle,145029,145029
1,Ludhiana NSH,Amritsar ICH,L2,Punjab Circle,145101,145101
1,Ludhiana NSH,Amritsar ICH,L2,Punjab Circle,143001,143001
1,Ludhiana NSH,Amritsar ICH,L2,Punjab Circle,143006,143006
1,Ludhiana NSH,Amritsar ICH,L2,Punjab Circle,143008,143008
1,Ludhiana NSH,Amritsar ICH,L2,Punjab Circle,143009,143009
1,Ludhiana NSH,Amritsar ICH,L2,Punjab Circle,143022,143022
1,Ludhiana NSH,Amritsar ICH,L2,Punjab Circle,143101,143101
1,Ludhiana NSH,Amritsar ICH,L2,Punjab Circle,143102,143102
1,Ludhiana NSH,Amritsar ICH,L2,Punjab Circle,143103,143103
1,Ludhiana NSH,Amritsar ICH,L2,Punjab Circle,143105,143105
1,Ludhiana NSH,Amritsar ICH,L2,Punjab Circle,143107,143107
1,Ludhiana NSH,Amritsar ICH,L2,Punjab Circle,143108,143108
1,Ludhiana NSH,Amritsar ICH,L2,Punjab Circle,143109,143109
1,Ludhiana NSH,Amritsar ICH,L2,Punjab Circle,143111,143111
1,Ludhiana NSH,Amritsar ICH,L2,Punjab Circle,143112,143112
1,Ludhiana NSH,Amritsar ICH,L2,Punjab Circle,143113,143113
1,Ludhiana NSH,Amritsar ICH,L2,Punjab Circle,143114,143114
1,Ludhiana NSH,Amritsar ICH,L2,Punjab Circle,143115,143115
1,Ludhiana NSH,Amritsar ICH,L2,Punjab Circle,143116,143116
1,Ludhiana NSH,Amritsar ICH,L2,Punjab Circle,143117,143117
1,Ludhiana NSH,Amritsar ICH,L2,Punjab Circle,143118,143118
1,Ludhiana NSH,Amritsar ICH,L2,Punjab Circle,143119,143119
1,Ludhiana NSH,Amritsar ICH,L2,Punjab Circle,143149,143149
1,Ludhiana NSH,Amritsar ICH,L2,Punjab Circle,143201,143201
1,Ludhiana NSH,Amritsar ICH,L2,Punjab Circle,143202,143202
1,Ludhiana NSH,Amritsar ICH,L2,Punjab Circle,143203,143203
1,Ludhiana NSH,Amritsar ICH,L2,Punjab Circle,143204,143204
1,Ludhiana NSH,Amritsar ICH,L2,Punjab Circle,143205,143205
1,Ludhiana NSH,Amritsar ICH,L2,Punjab Circle,143301,143301
1,Ludhiana NSH,Amritsar ICH,L2,Punjab Circle,143302,143302
1,Ludhiana NSH,Amritsar ICH,L2,Punjab Circle,143303,143303
1,Ludhiana NSH,Amritsar ICH,L2,Punjab Circle,143304,143304
1,Ludhiana NSH,Amritsar ICH,L2,Punjab Circle,143305,143305
1,Ludhiana NSH,Amritsar ICH,L2,Punjab Circle,143401,143401
1,Ludhiana NSH,Amritsar ICH,L2,Punjab Circle,143402,143402
1,Ludhiana NSH,Amritsar ICH,L2,Punjab Circle,143406,143406
1,Ludhiana NSH,Amritsar ICH,L2,Punjab Circle,143407,143407
1,Ludhiana NSH,Amritsar ICH,L2,Punjab Circle,143408,143408
1,Ludhiana NSH,Amritsar ICH,L2,Punjab Circle,143409,143409
1,Ludhiana NSH,Amritsar ICH,L2,Punjab Circle,143410,143410
1,Ludhiana NSH,Amritsar ICH,L2,Punjab Circle,143411,143411
1,Ludhiana NSH,Amritsar ICH,L2,Punjab Circle,143412,143412
1,Ludhiana NSH,Amritsar ICH,L2,Punjab Circle,143413,143413
1,Ludhiana NSH,Amritsar ICH,L2,Punjab Circle,143414,143414
1,Ludhiana NSH,Amritsar ICH,L2,Punjab Circle,143415,143415
1,Ludhiana NSH,Amritsar ICH,L2,Punjab Circle,143416,143416
1,Ludhiana NSH,Amritsar ICH,L2,Punjab Circle,143419,143419
1,Ludhiana NSH,Amritsar ICH,L2,Punjab Circle,143422,143422
1,Ludhiana NSH,Amritsar ICH,L2,Punjab Circle,143501,143501
1,Ludhiana NSH,Amritsar ICH,L2,Punjab Circle,143502,143502
1,Ludhiana NSH,Amritsar ICH,L2,Punjab Circle,143504,143504
1,Ludhiana NSH,Amritsar ICH,L2,Punjab Circle,143505,143505
1,Ludhiana NSH,Amritsar ICH,L2,Punjab Circle,143506,143506
1,Ludhiana NSH,Amritsar ICH,L2,Punjab Circle,143507,143507
1,Ludhiana NSH,Amritsar ICH,L2,Punjab Circle,143511,143511
1,Ludhiana NSH,Amritsar ICH,L2,Punjab Circle,143512,143512
1,Ludhiana NSH,Amritsar ICH,L2,Punjab Circle,143513,143513
1,Ludhiana NSH,Amritsar ICH,L2,Punjab Circle,143514,143514
1,Ludhiana NSH,Amritsar ICH,L2,Punjab Circle,143515,143515
1,Ludhiana NSH,Amritsar ICH,L2,Punjab Circle,143516,143516
1,Ludhiana NSH,Amritsar ICH,L2,Punjab Circle,143517,143517
1,Ludhiana NSH,Amritsar ICH,L2,Punjab Circle,143518,143518
1,Ludhiana NSH,Amritsar ICH,L2,Punjab Circle,143519,143519
1,Ludhiana NSH,Amritsar ICH,L2,Punjab Circle,143520,143520
1,Ludhiana NSH,Amritsar ICH,L2,Punjab Circle,143521,143521
1,Ludhiana NSH,Amritsar ICH,L2,Punjab Circle,143525,143525
1,Ludhiana NSH,Amritsar ICH,L2,Punjab Circle,143526,143526
1,Ludhiana NSH,Amritsar ICH,L2,Punjab Circle,143527,143527
1,Ludhiana NSH,Amritsar ICH,L2,Punjab Circle,143528,143528
1,Ludhiana NSH,Amritsar ICH,L2,Punjab Circle,143529,143529
1,Ludhiana NSH,Amritsar ICH,L2,Punjab Circle,143530,143530
1,Ludhiana NSH,Amritsar ICH,L2,Punjab Circle,143531,143531
1,Ludhiana NSH,Amritsar ICH,L2,Punjab Circle,143532,143532
1,Ludhiana NSH,Amritsar ICH,L2,Punjab Circle,143533,143533
1,Ludhiana NSH,Amritsar ICH,L2,Punjab Circle,143534,143534
1,Ludhiana NSH,Amritsar ICH,L2,Punjab Circle,143601,143601
1,Ludhiana NSH,Amritsar ICH,L2,Punjab Circle,143602,143602
1,Ludhiana NSH,Amritsar ICH,L2,Punjab Circle,143603,143603
1,Ludhiana NSH,Amritsar ICH,L2,Punjab Circle,143604,143604
1,Ludhiana NSH,Amritsar ICH,L2,Punjab Circle,143605,143605
1,Ludhiana NSH,Amritsar ICH,L2,Punjab Circle,143606,143606
1,Ludhiana NSH,Amritsar ICH,L2,Punjab Circle,145001,145001
1,Ludhiana NSH,Amritsar ICH,L2,Punjab Circle,145002,145002
1,Ludhiana NSH,Jalandhar ICH,L2,Punjab Circle,144623,144623
1,Ludhiana NSH,Jalandhar ICH,L2,Punjab Circle,144401,144401
1,Ludhiana NSH,Jalandhar ICH,L2,Punjab Circle,144403,144403
1,Ludhiana NSH,Jalandhar ICH,L2,Punjab Circle,144404,144404
1,Ludhiana NSH,Jalandhar ICH,L2,Punjab Circle,144405,144405
1,Ludhiana NSH,Jalandhar ICH,L2,Punjab Circle,144406,144406
1,Ludhiana NSH,Jalandhar ICH,L2,Punjab Circle,144407,144407
1,Ludhiana NSH,Jalandhar ICH,L2,Punjab Circle,144408,144408
1,Ludhiana NSH,Jalandhar ICH,L2,Punjab Circle,144409,144409
1,Ludhiana NSH,Jalandhar ICH,L2,Punjab Circle,144410,144410
1,Ludhiana NSH,Jalandhar ICH,L2,Punjab Circle,144411,144411
1,Ludhiana NSH,Jalandhar ICH,L2,Punjab Circle,144415,144415
1,Ludhiana NSH,Jalandhar ICH,L2,Punjab Circle,144416,144416
1,Ludhiana NSH,Jalandhar ICH,L2,Punjab Circle,144417,144417
1,Ludhiana NSH,Jalandhar ICH,L2,Punjab Circle,144418,144418
1,Ludhiana NSH,Jalandhar ICH,L2,Punjab Circle,144419,144419
1,Ludhiana NSH,Jalandhar ICH,L2,Punjab Circle,144624,144624
1,Ludhiana NSH,Jalandhar ICH,L2,Punjab Circle,144625,144625
1,Ludhiana NSH,Jalandhar ICH,L2,Punjab Circle,144626,144626
1,Ludhiana NSH,Jalandhar ICH,L2,Punjab Circle,144628,144628
1,Ludhiana NSH,Jalandhar ICH,L2,Punjab Circle,144629,144629
1,Ludhiana NSH,Jalandhar ICH,L2,Punjab Circle,144630,144630
1,Ludhiana NSH,Jalandhar ICH,L2,Punjab Circle,144631,144631
1,Ludhiana NSH,Jalandhar ICH,L2,Punjab Circle,144632,144632
1,Ludhiana NSH,Jalandhar ICH,L2,Punjab Circle,144633,144633
1,Ludhiana NSH,Jalandhar ICH,L2,Punjab Circle,144701,144701
1,Ludhiana NSH,Jalandhar ICH,L2,Punjab Circle,144702,144702
1,Ludhiana NSH,Jalandhar ICH,L2,Punjab Circle,144703,144703
1,Ludhiana NSH,Jalandhar ICH,L2,Punjab Circle,144801,144801
1,Ludhiana NSH,Jalandhar ICH,L2,Punjab Circle,144802,144802
1,Ludhiana NSH,Jalandhar ICH,L2,Punjab Circle,144803,144803
1,Ludhiana NSH,Jalandhar ICH,L2,Punjab Circle,144804,144804
1,Ludhiana NSH,Jalandhar ICH,L2,Punjab Circle,144805,144805
1,Ludhiana NSH,Jalandhar ICH,L2,Punjab Circle,144806,144806
1,Ludhiana NSH,Jalandhar ICH,L2,Punjab Circle,144819,144819
1,Ludhiana NSH,Jalandhar ICH,L2,Punjab Circle,146001,146001
1,Ludhiana NSH,Jalandhar ICH,L2,Punjab Circle,146021,146021
1,Ludhiana NSH,Jalandhar ICH,L2,Punjab Circle,146022,146022
1,Ludhiana NSH,Jalandhar ICH,L2,Punjab Circle,146023,146023
1,Ludhiana NSH,Jalandhar ICH,L2,Punjab Circle,146024,146024
1,Ludhiana NSH,Jalandhar ICH,L2,Punjab Circle,146101,146104
1,Ludhiana NSH,Jalandhar ICH,L2,Punjab Circle,146105,146105
1,Ludhiana NSH,Jalandhar ICH,L2,Punjab Circle,146106,146106
1,Ludhiana NSH,Jalandhar ICH,L2,Punjab Circle,146107,146107
1,Ludhiana NSH,Jalandhar ICH,L2,Punjab Circle,146108,146108
1,Ludhiana NSH,Jalandhar ICH,L2,Punjab Circle,146109,146109
1,Ludhiana NSH,Jalandhar ICH,L2,Punjab Circle,146110,146110
1,Ludhiana NSH,Jalandhar ICH,L2,Punjab Circle,146111,146111
1,Ludhiana NSH,Jalandhar ICH,L2,Punjab Circle,146112,146112
1,Ludhiana NSH,Jalandhar ICH,L2,Punjab Circle,146113,146113
1,Ludhiana NSH,Jalandhar ICH,L2,Punjab Circle,146114,146115
1,Ludhiana NSH,Jalandhar ICH,L2,Punjab Circle,146116,146116
1,Ludhiana NSH,Jalandhar ICH,L2,Punjab Circle,144001,144001
1,Ludhiana NSH,Jalandhar ICH,L2,Punjab Circle,144002,144002
1,Ludhiana NSH,Jalandhar ICH,L2,Punjab Circle,144005,144005
1,Ludhiana NSH,Jalandhar ICH,L2,Punjab Circle,144008,144008
1,Ludhiana NSH,Jalandhar ICH,L2,Punjab Circle,144020,144020
1,Ludhiana NSH,Jalandhar ICH,L2,Punjab Circle,144024,144024
1,Ludhiana NSH,Jalandhar ICH,L2,Punjab Circle,144025,144025
1,Ludhiana NSH,Jalandhar ICH,L2,Punjab Circle,144026,144026
1,Ludhiana NSH,Jalandhar ICH,L2,Punjab Circle,144028,144028
1,Ludhiana NSH,Jalandhar ICH,L2,Punjab Circle,144029,144029
1,Ludhiana NSH,Jalandhar ICH,L2,Punjab Circle,144030,144030
1,Ludhiana NSH,Jalandhar ICH,L2,Punjab Circle,144031,144031
1,Ludhiana NSH,Jalandhar ICH,L2,Punjab Circle,144032,144032
1,Ludhiana NSH,Jalandhar ICH,L2,Punjab Circle,144033,144033
1,Ludhiana NSH,Jalandhar ICH,L2,Punjab Circle,144034,144034
1,Ludhiana NSH,Jalandhar ICH,L2,Punjab Circle,144035,144035
1,Ludhiana NSH,Jalandhar ICH,L2,Punjab Circle,144036,144036
1,Ludhiana NSH,Jalandhar ICH,L2,Punjab Circle,144037,144037
1,Ludhiana NSH,Jalandhar ICH,L2,Punjab Circle,144039,144039
1,Ludhiana NSH,Jalandhar ICH,L2,Punjab Circle,144040,144040
1,Ludhiana NSH,Jalandhar ICH,L2,Punjab Circle,144041,144041
1,Ludhiana NSH,Jalandhar ICH,L2,Punjab Circle,144042,144042
1,Ludhiana NSH,Jalandhar ICH,L2,Punjab Circle,144043,144043
1,Ludhiana NSH,Jalandhar ICH,L2,Punjab Circle,144044,144044
1,Ludhiana NSH,Jalandhar ICH,L2,Punjab Circle,144101,144101
1,Ludhiana NSH,Jalandhar ICH,L2,Punjab Circle,144102,144102
1,Ludhiana NSH,Jalandhar ICH,L2,Punjab Circle,144103,144103
1,Ludhiana NSH,Jalandhar ICH,L2,Punjab Circle,144104,144104
1,Ludhiana NSH,Jalandhar ICH,L2,Punjab Circle,144105,144105
1,Ludhiana NSH,Jalandhar ICH,L2,Punjab Circle,144106,144106
1,Ludhiana NSH,Jalandhar ICH,L2,Punjab Circle,144201,144201
1,Ludhiana NSH,Jalandhar ICH,L2,Punjab Circle,144202,144202
1,Ludhiana NSH,Jalandhar ICH,L2,Punjab Circle,144204,144204
1,Ludhiana NSH,Jalandhar ICH,L2,Punjab Circle,144205,144205
1,Ludhiana NSH,Jalandhar ICH,L2,Punjab Circle,144206,144206
1,Ludhiana NSH,Jalandhar ICH,L2,Punjab Circle,144207,144207
1,Ludhiana NSH,Jalandhar ICH,L2,Punjab Circle,144208,144208
1,Ludhiana NSH,Jalandhar ICH,L2,Punjab Circle,144209,144209
1,Ludhiana NSH,Jalandhar ICH,L2,Punjab Circle,144621,144621
1,Ludhiana NSH,Jalandhar ICH,L2,Punjab Circle,144622,144622
1,Jaipur NSH,Jaipur NSH,L1,Rajasthan Circle,302001,302006
1,Jaipur NSH,Jaipur NSH,L1,Rajasthan Circle,302012,302013
1,Jaipur NSH,Jaipur NSH,L1,Rajasthan Circle,302015,302022
1,Jaipur NSH,Jaipur NSH,L1,Rajasthan Circle,302026,302029
1,Jaipur NSH,Jaipur NSH,L1,Rajasthan Circle,302031,302031
1,Jaipur NSH,Jaipur NSH,L1,Rajasthan Circle,302033,302034
1,Jaipur NSH,Jaipur NSH,L1,Rajasthan Circle,302037,302039
1,Jaipur NSH,Jaipur NSH,L1,Rajasthan Circle,302041,302042
1,Jaipur NSH,Jaipur NSH,L1,Rajasthan Circle,302044,302044
1,Jaipur NSH,Jaipur NSH,L1,Rajasthan Circle,302046,302046
1,Jaipur NSH,Jaipur NSH,L1,Rajasthan Circle,302048,302048
1,Jaipur NSH,Jaipur NSH,L1,Rajasthan Circle,303001,303009
1,Jaipur NSH,Jaipur NSH,L1,Rajasthan Circle,303012,303012
1,Jaipur NSH,Jaipur NSH,L1,Rajasthan Circle,303102,303110
1,Jaipur NSH,Jaipur NSH,L1,Rajasthan Circle,303119,303124
1,Jaipur NSH,Jaipur NSH,L1,Rajasthan Circle,303301,303305
1,Jaipur NSH,Jaipur NSH,L1,Rajasthan Circle,303313,303313
1,Jaipur NSH,Jaipur NSH,L1,Rajasthan Circle,303315,303315
1,Jaipur NSH,Jaipur NSH,L1,Rajasthan Circle,303323,303323
1,Jaipur NSH,Jaipur NSH,L1,Rajasthan Circle,303325,303329
1,Jaipur NSH,Jaipur NSH,L1,Rajasthan Circle,303338,303338
1,Jaipur NSH,Jaipur NSH,L1,Rajasthan Circle,303348,303348
1,Jaipur NSH,Jaipur NSH,L1,Rajasthan Circle,303501,303511
1,Jaipur NSH,Jaipur NSH,L1,Rajasthan Circle,303601,303604
1,Jaipur NSH,Jaipur NSH,L1,Rajasthan Circle,303701,303704
1,Jaipur NSH,Jaipur NSH,L1,Rajasthan Circle,304001,304001
1,Jaipur NSH,Jaipur NSH,L1,Rajasthan Circle,304021,304026
1,Jaipur NSH,Jaipur NSH,L1,Rajasthan Circle,304501,304505
1,Jaipur NSH,Jaipur NSH,L1,Rajasthan Circle,304507,304507
1,Jaipur NSH,Jaipur NSH,L1,Rajasthan Circle,304801,304804
1,Jaipur NSH,Jaipur NSH,L1,Rajasthan Circle,321001,321001
1,Jaipur NSH,Jaipur NSH,L1,Rajasthan Circle,321021,321026
1,Jaipur NSH,Jaipur NSH,L1,Rajasthan Circle,321028,321028
1,Jaipur NSH,Jaipur NSH,L1,Rajasthan Circle,321201,321205
1,Jaipur NSH,Jaipur NSH,L1,Rajasthan Circle,321206,321206
1,Jaipur NSH,Jaipur NSH,L1,Rajasthan Circle,321301,321303
1,Jaipur NSH,Jaipur NSH,L1,Rajasthan Circle,321401,321411
1,Jaipur NSH,Jaipur NSH,L1,Rajasthan Circle,321601,321602
1,Jaipur NSH,Jaipur NSH,L1,Rajasthan Circle,321610,321611
1,Jaipur NSH,Jaipur NSH,L1,Rajasthan Circle,321614,321615
1,Jaipur NSH,Jaipur NSH,L1,Rajasthan Circle,321642,321699
1,Jaipur NSH,Jaipur NSH,L1,Rajasthan Circle,322001,322239
1,Jaipur NSH,Jaipur NSH,L1,Rajasthan Circle,322241,322999
1,Jaipur NSH,Jaipur NSH,L1,Rajasthan Circle,328001,328001
1,Jaipur NSH,Jaipur NSH,L1,Rajasthan Circle,328021,328031
1,Jaipur NSH,Jaipur NSH,L1,Rajasthan Circle,328041,328099
1,Jaipur NSH,Jaipur NSH,L1,Rajasthan Circle,331804,331810
1,Jaipur NSH,Jaipur NSH,L1,Rajasthan Circle,331812,331999
1,JODHPUR NSH,JODHPUR NSH,L1,Rajasthan Circle,342001,342001
1,JODHPUR NSH,JODHPUR NSH,L1,Rajasthan Circle,342003,342003
1,JODHPUR NSH,JODHPUR NSH,L1,Rajasthan Circle,342005,342008
1,JODHPUR NSH,JODHPUR NSH,L1,Rajasthan Circle,342012,342017
1,JODHPUR NSH,JODHPUR NSH,L1,Rajasthan Circle,342021,342023
1,JODHPUR NSH,JODHPUR NSH,L1,Rajasthan Circle,342024,342027
1,JODHPUR NSH,JODHPUR NSH,L1,Rajasthan Circle,342037,342037
1,JODHPUR NSH,JODHPUR NSH,L1,Rajasthan Circle,342301,342305
1,JODHPUR NSH,JODHPUR NSH,L1,Rajasthan Circle,342314,342314
1,JODHPUR NSH,JODHPUR NSH,L1,Rajasthan Circle,342601,342606
1,JODHPUR NSH,JODHPUR NSH,L1,Rajasthan Circle,342801,342802
1,JODHPUR NSH,JODHPUR NSH,L1,Rajasthan Circle,342901,342901
1,JODHPUR NSH,JODHPUR NSH,L1,Rajasthan Circle,344001,344001
1,JODHPUR NSH,JODHPUR NSH,L1,Rajasthan Circle,344011,344012
1,JODHPUR NSH,JODHPUR NSH,L1,Rajasthan Circle,344021,344022
1,JODHPUR NSH,JODHPUR NSH,L1,Rajasthan Circle,344024,344027
1,JODHPUR NSH,JODHPUR NSH,L1,Rajasthan Circle,344031,344035
1,JODHPUR NSH,JODHPUR NSH,L1,Rajasthan Circle,344037,344037
1,JODHPUR NSH,JODHPUR NSH,L1,Rajasthan Circle,344043,344044
1,JODHPUR NSH,JODHPUR NSH,L1,Rajasthan Circle,344501,344502
1,JODHPUR NSH,JODHPUR NSH,L1,Rajasthan Circle,344701,344706
1,JODHPUR NSH,JODHPUR NSH,L1,Rajasthan Circle,344708,344708
1,JODHPUR NSH,JODHPUR NSH,L1,Rajasthan Circle,344801,344801
1,JODHPUR NSH,JODHPUR NSH,L1,Rajasthan Circle,344802,344802
1,JODHPUR NSH,JODHPUR NSH,L1,Rajasthan Circle,345001,345001
1,JODHPUR NSH,JODHPUR NSH,L1,Rajasthan Circle,345021,345028
1,JODHPUR NSH,JODHPUR NSH,L1,Rajasthan Circle,345031,345031
1,JODHPUR NSH,JODHPUR NSH,L1,Rajasthan Circle,345033,345033
1,JODHPUR NSH,JODHPUR NSH,L1,Rajasthan Circle,345034,345034
1,Jaipur NSH,Alwar ICH,L2,Rajasthan Circle,301001,301001
1,Jaipur NSH,Alwar ICH,L2,Rajasthan Circle,301018,301028
1,Jaipur NSH,Alwar ICH,L2,Rajasthan Circle,301030,301030
1,Jaipur NSH,Alwar ICH,L2,Rajasthan Circle,301035,301035
1,Jaipur NSH,Alwar ICH,L2,Rajasthan Circle,301401,301416
1,Jaipur NSH,Alwar ICH,L2,Rajasthan Circle,301418,301418
1,Jaipur NSH,Alwar ICH,L2,Rajasthan Circle,301427,301427
1,Jaipur NSH,Alwar ICH,L2,Rajasthan Circle,301604,301604
1,Jaipur NSH,Alwar ICH,L2,Rajasthan Circle,301701,301709
1,Jaipur NSH,Alwar ICH,L2,Rajasthan Circle,301712,301714
1,Jaipur NSH,Alwar ICH,L2,Rajasthan Circle,321605,321607
1,Jaipur NSH,Alwar ICH,L2,Rajasthan Circle,321633,321633
1,Jaipur NSH,Kota ICH,L2,Rajasthan Circle,323001,323001
1,Jaipur NSH,Kota ICH,L2,Rajasthan Circle,323021,323025
1,Jaipur NSH,Kota ICH,L2,Rajasthan Circle,323026,323026
1,Jaipur NSH,Kota ICH,L2,Rajasthan Circle,323301,323301
1,Jaipur NSH,Kota ICH,L2,Rajasthan Circle,323302,323302
1,Jaipur NSH,Kota ICH,L2,Rajasthan Circle,323303,323304
1,Jaipur NSH,Kota ICH,L2,Rajasthan Circle,323307,323307
1,Jaipur NSH,Kota ICH,L2,Rajasthan Circle,323308,323600
1,Jaipur NSH,Kota ICH,L2,Rajasthan Circle,323601,323603
1,Jaipur NSH,Kota ICH,L2,Rajasthan Circle,323604,323612
1,Jaipur NSH,Kota ICH,L2,Rajasthan Circle,323613,323616
1,Jaipur NSH,Kota ICH,L2,Rajasthan Circle,323617,323617
1,Jaipur NSH,Kota ICH,L2,Rajasthan Circle,323801,323803
1,Jaipur NSH,Kota ICH,L2,Rajasthan Circle,323804,323999
1,Jaipur NSH,Kota ICH,L2,Rajasthan Circle,324001,324010
1,Jaipur NSH,Kota ICH,L2,Rajasthan Circle,325001,325001
1,Jaipur NSH,Kota ICH,L2,Rajasthan Circle,325003,325004
1,Jaipur NSH,Kota ICH,L2,Rajasthan Circle,325009,325009
1,Jaipur NSH,Kota ICH,L2,Rajasthan Circle,325201,325209
1,Jaipur NSH,Kota ICH,L2,Rajasthan Circle,325214,325223
1,Jaipur NSH,Kota ICH,L2,Rajasthan Circle,325224,325224
1,Jaipur NSH,Kota ICH,L2,Rajasthan Circle,325601,325602
1,Jaipur NSH,Kota ICH,L2,Rajasthan Circle,326001,326001
1,Jaipur NSH,Kota ICH,L2,Rajasthan Circle,326021,326023
1,Jaipur NSH,Kota ICH,L2,Rajasthan Circle,326033,326039
1,Jaipur NSH,Kota ICH,L2,Rajasthan Circle,326501,326502
1,Jaipur NSH,Kota ICH,L2,Rajasthan Circle,326512,326520
1,Jaipur NSH,Kota ICH,L2,Rajasthan Circle,326529,326530
1,Jaipur NSH,Sikar ICH,L2,Rajasthan Circle,331001,331001
1,Jaipur NSH,Sikar ICH,L2,Rajasthan Circle,331021,331031
1,Jaipur NSH,Sikar ICH,L2,Rajasthan Circle,331301,331305
1,Jaipur NSH,Sikar ICH,L2,Rajasthan Circle,331402,331403
1,Jaipur NSH,Sikar ICH,L2,Rajasthan Circle,331411,331411
1,Jaipur NSH,Sikar ICH,L2,Rajasthan Circle,331501,331507
1,Jaipur NSH,Sikar ICH,L2,Rajasthan Circle,331517,331518
1,Jaipur NSH,Sikar ICH,L2,Rajasthan Circle,331701,331701
1,Jaipur NSH,Sikar ICH,L2,Rajasthan Circle,331802,331802
1,Jaipur NSH,Sikar ICH,L2,Rajasthan Circle,332001,332002
1,Jaipur NSH,Sikar ICH,L2,Rajasthan Circle,332021,332031
1,Jaipur NSH,Sikar ICH,L2,Rajasthan Circle,332041,332042
1,Jaipur NSH,Sikar ICH,L2,Rajasthan Circle,332301,332305
1,Jaipur NSH,Sikar ICH,L2,Rajasthan Circle,332307,332307
1,Jaipur NSH,Sikar ICH,L2,Rajasthan Circle,332311,332318
1,Jaipur NSH,Sikar ICH,L2,Rajasthan Circle,332401,332406
1,Jaipur NSH,Sikar ICH,L2,Rajasthan Circle,332411,332411
1,Jaipur NSH,Sikar ICH,L2,Rajasthan Circle,332601,332603
1,Jaipur NSH,Sikar ICH,L2,Rajasthan Circle,332701,332703
1,Jaipur NSH,Sikar ICH,L2,Rajasthan Circle,332705,332716
1,Jaipur NSH,Sikar ICH,L2,Rajasthan Circle,332718,332719
1,Jaipur NSH,Sikar ICH,L2,Rajasthan Circle,332721,332722
1,Jaipur NSH,Sikar ICH,L2,Rajasthan Circle,332742,332742
1,Jaipur NSH,Sikar ICH,L2,Rajasthan Circle,332746,332746
1,Jaipur NSH,Sikar ICH,L2,Rajasthan Circle,333001,333001
1,Jaipur NSH,Sikar ICH,L2,Rajasthan Circle,333011,333012
1,Jaipur NSH,Sikar ICH,L2,Rajasthan Circle,333020,333020
1,Jaipur NSH,Sikar ICH,L2,Rajasthan Circle,333021,333036
1,Jaipur NSH,Sikar ICH,L2,Rajasthan Circle,333041,333042
1,Jaipur NSH,Sikar ICH,L2,Rajasthan Circle,333053,333053
1,Jaipur NSH,Sikar ICH,L2,Rajasthan Circle,333055,333055
1,Jaipur NSH,Sikar ICH,L2,Rajasthan Circle,333302,333305
1,Jaipur NSH,Sikar ICH,L2,Rajasthan Circle,333307,333308
1,Jaipur NSH,Sikar ICH,L2,Rajasthan Circle,333501,333504
1,Jaipur NSH,Sikar ICH,L2,Rajasthan Circle,333514,333516
1,Jaipur NSH,Sikar ICH,L2,Rajasthan Circle,333517,333517
1,Jaipur NSH,Sikar ICH,L2,Rajasthan Circle,333701,333702
1,Jaipur NSH,Sikar ICH,L2,Rajasthan Circle,333704,333705
1,Jaipur NSH,Sikar ICH,L2,Rajasthan Circle,333707,333707
1,Jaipur NSH,Sikar ICH,L2,Rajasthan Circle,333801,333801
1,Jaipur NSH,Udaipur ICH,L2,Rajasthan Circle,305921,305921
1,Jaipur NSH,Udaipur ICH,L2,Rajasthan Circle,307025,307025
1,Jaipur NSH,Udaipur ICH,L2,Rajasthan Circle,313001,313004
1,Jaipur NSH,Udaipur ICH,L2,Rajasthan Circle,313011,313011
1,Jaipur NSH,Udaipur ICH,L2,Rajasthan Circle,313015,313015
1,Jaipur NSH,Udaipur ICH,L2,Rajasthan Circle,313022,313022
1,Jaipur NSH,Udaipur ICH,L2,Rajasthan Circle,313024,313027
1,Jaipur NSH,Udaipur ICH,L2,Rajasthan Circle,313031,313031
1,Jaipur NSH,Udaipur ICH,L2,Rajasthan Circle,313038,313038
1,Jaipur NSH,Udaipur ICH,L2,Rajasthan Circle,313201,313207
1,Jaipur NSH,Udaipur ICH,L2,Rajasthan Circle,313211,313211
1,Jaipur NSH,Udaipur ICH,L2,Rajasthan Circle,313301,313301
1,Jaipur NSH,Udaipur ICH,L2,Rajasthan Circle,313321,313325
1,Jaipur NSH,Udaipur ICH,L2,Rajasthan Circle,313327,313334
1,Jaipur NSH,Udaipur ICH,L2,Rajasthan Circle,313337,313338
1,Jaipur NSH,Udaipur ICH,L2,Rajasthan Circle,313341,313342
1,Jaipur NSH,Udaipur ICH,L2,Rajasthan Circle,313601,313605
1,Jaipur NSH,Udaipur ICH,L2,Rajasthan Circle,313611,313611
1,Jaipur NSH,Udaipur ICH,L2,Rajasthan Circle,313614,313614
1,Jaipur NSH,Udaipur ICH,L2,Rajasthan Circle,313701,313706
1,Jaipur NSH,Udaipur ICH,L2,Rajasthan Circle,313708,313708
1,Jaipur NSH,Udaipur ICH,L2,Rajasthan Circle,313801,313804
1,Jaipur NSH,Udaipur ICH,L2,Rajasthan Circle,313805,313805
1,Jaipur NSH,Udaipur ICH,L2,Rajasthan Circle,313901,313905
1,Jaipur NSH,Udaipur ICH,L2,Rajasthan Circle,313906,313906
1,Jaipur NSH,Udaipur ICH,L2,Rajasthan Circle,314001,314001
1,Jaipur NSH,Udaipur ICH,L2,Rajasthan Circle,314011,314011
1,Jaipur NSH,Udaipur ICH,L2,Rajasthan Circle,314021,314032
1,Jaipur NSH,Udaipur ICH,L2,Rajasthan Circle,314034,314038
1,Jaipur NSH,Udaipur ICH,L2,Rajasthan Circle,314401,314404
1,Jaipur NSH,Udaipur ICH,L2,Rajasthan Circle,314406,314406
1,Jaipur NSH,Udaipur ICH,L2,Rajasthan Circle,314801,314802
1,Jaipur NSH,Udaipur ICH,L2,Rajasthan Circle,314804,314804
1,Jaipur NSH,Udaipur ICH,L2,Rajasthan Circle,327001,327001
1,Jaipur NSH,Udaipur ICH,L2,Rajasthan Circle,327021,327027
1,Jaipur NSH,Udaipur ICH,L2,Rajasthan Circle,327031,327032
1,Jaipur NSH,Udaipur ICH,L2,Rajasthan Circle,327034,327034
1,Jaipur NSH,Udaipur ICH,L2,Rajasthan Circle,327601,327606
1,Jaipur NSH,Ajmer ICH,L2,Rajasthan Circle,305001,305025
1,Jaipur NSH,Ajmer ICH,L2,Rajasthan Circle,305027,305920
1,Jaipur NSH,Ajmer ICH,L2,Rajasthan Circle,305922,305999
1,Jaipur NSH,Ajmer ICH,L2,Rajasthan Circle,311001,311001
1,Jaipur NSH,Ajmer ICH,L2,Rajasthan Circle,311011,311011
1,Jaipur NSH,Ajmer ICH,L2,Rajasthan Circle,311021,311026
1,Jaipur NSH,Ajmer ICH,L2,Rajasthan Circle,311030,311030
1,Jaipur NSH,Ajmer ICH,L2,Rajasthan Circle,311201,311204
1,Jaipur NSH,Ajmer ICH,L2,Rajasthan Circle,311301,311302
1,Jaipur NSH,Ajmer ICH,L2,Rajasthan Circle,311401,311404
1,Jaipur NSH,Ajmer ICH,L2,Rajasthan Circle,311407,311408
1,Jaipur NSH,Ajmer ICH,L2,Rajasthan Circle,311601,311606
1,Jaipur NSH,Ajmer ICH,L2,Rajasthan Circle,311801,311806
1,Jaipur NSH,Ajmer ICH,L2,Rajasthan Circle,312001,312001
1,Jaipur NSH,Ajmer ICH,L2,Rajasthan Circle,312021,312024
1,Jaipur NSH,Ajmer ICH,L2,Rajasthan Circle,312027,312027
1,Jaipur NSH,Ajmer ICH,L2,Rajasthan Circle,312201,312207
1,Jaipur NSH,Ajmer ICH,L2,Rajasthan Circle,312401,312404
1,Jaipur NSH,Ajmer ICH,L2,Rajasthan Circle,312601,312606
1,Jaipur NSH,Ajmer ICH,L2,Rajasthan Circle,312612,312617
1,Jaipur NSH,Ajmer ICH,L2,Rajasthan Circle,312619,312620
1,Jaipur NSH,Ajmer ICH,L2,Rajasthan Circle,312622,312627
1,Jaipur NSH,Ajmer ICH,L2,Rajasthan Circle,312901,312901
1,JODHPUR NSH,BIKANER ICH,L2,Rajasthan Circle,305026,305026
1,JODHPUR NSH,BIKANER ICH,L2,Rajasthan Circle,331801,331801
1,JODHPUR NSH,BIKANER ICH,L2,Rajasthan Circle,331803,331803
1,JODHPUR NSH,BIKANER ICH,L2,Rajasthan Circle,331811,331811
1,JODHPUR NSH,BIKANER ICH,L2,Rajasthan Circle,334001,334001
1,JODHPUR NSH,BIKANER ICH,L2,Rajasthan Circle,334003,334004
1,JODHPUR NSH,BIKANER ICH,L2,Rajasthan Circle,334006,334006
1,JODHPUR NSH,BIKANER ICH,L2,Rajasthan Circle,334021,334023
1,JODHPUR NSH,BIKANER ICH,L2,Rajasthan Circle,334024,334024
1,JODHPUR NSH,BIKANER ICH,L2,Rajasthan Circle,334201,334202
1,JODHPUR NSH,BIKANER ICH,L2,Rajasthan Circle,334302,334303
1,JODHPUR NSH,BIKANER ICH,L2,Rajasthan Circle,334305,334305
1,JODHPUR NSH,BIKANER ICH,L2,Rajasthan Circle,334401,334403
1,JODHPUR NSH,BIKANER ICH,L2,Rajasthan Circle,334601,334604
1,JODHPUR NSH,BIKANER ICH,L2,Rajasthan Circle,334801,334804
1,JODHPUR NSH,BIKANER ICH,L2,Rajasthan Circle,334808,334808
1,JODHPUR NSH,SRIGANGANAGAR ICH,L2,Rajasthan Circle,335001,335002
1,JODHPUR NSH,SRIGANGANAGAR ICH,L2,Rajasthan Circle,335021,335025
1,JODHPUR NSH,SRIGANGANAGAR ICH,L2,Rajasthan Circle,335027,335027
1,JODHPUR NSH,SRIGANGANAGAR ICH,L2,Rajasthan Circle,335037,335041
1,JODHPUR NSH,SRIGANGANAGAR ICH,L2,Rajasthan Circle,335042,335042
1,JODHPUR NSH,SRIGANGANAGAR ICH,L2,Rajasthan Circle,335051,335051
1,JODHPUR NSH,SRIGANGANAGAR ICH,L2,Rajasthan Circle,335061,335065
1,JODHPUR NSH,SRIGANGANAGAR ICH,L2,Rajasthan Circle,335073,335073
1,JODHPUR NSH,SRIGANGANAGAR ICH,L2,Rajasthan Circle,335501,335504
1,JODHPUR NSH,SRIGANGANAGAR ICH,L2,Rajasthan Circle,335511,335513
1,JODHPUR NSH,SRIGANGANAGAR ICH,L2,Rajasthan Circle,335521,335521
1,JODHPUR NSH,SRIGANGANAGAR ICH,L2,Rajasthan Circle,335522,335522
1,JODHPUR NSH,SRIGANGANAGAR ICH,L2,Rajasthan Circle,335523,335526
1,JODHPUR NSH,SRIGANGANAGAR ICH,L2,Rajasthan Circle,335701,335705
1,JODHPUR NSH,SRIGANGANAGAR ICH,L2,Rajasthan Circle,335707,335707
1,JODHPUR NSH,SRIGANGANAGAR ICH,L2,Rajasthan Circle,335708,335708
1,JODHPUR NSH,SRIGANGANAGAR ICH,L2,Rajasthan Circle,335711,335711
1,JODHPUR NSH,SRIGANGANAGAR ICH,L2,Rajasthan Circle,335801,335805
1,JODHPUR NSH,SRIGANGANAGAR ICH,L2,Rajasthan Circle,335901,335901
1,JODHPUR NSH,BIKANER ICH,L2,Rajasthan Circle,341001,341001
1,JODHPUR NSH,BIKANER ICH,L2,Rajasthan Circle,341020,341020
1,JODHPUR NSH,BIKANER ICH,L2,Rajasthan Circle,341021,341031
1,JODHPUR NSH,BIKANER ICH,L2,Rajasthan Circle,341301,341306
1,JODHPUR NSH,BIKANER ICH,L2,Rajasthan Circle,341307,341307
1,JODHPUR NSH,BIKANER ICH,L2,Rajasthan Circle,341309,341309
1,JODHPUR NSH,BIKANER ICH,L2,Rajasthan Circle,341316,341319
1,JODHPUR NSH,BIKANER ICH,L2,Rajasthan Circle,341501,341520
1,JODHPUR NSH,BIKANER ICH,L2,Rajasthan Circle,341521,341521
1,JODHPUR NSH,BIKANER ICH,L2,Rajasthan Circle,341533,341533
1,JODHPUR NSH,BIKANER ICH,L2,Rajasthan Circle,341542,341542
1,JODHPUR NSH,BIKANER ICH,L2,Rajasthan Circle,341551,341551
1,JODHPUR NSH,BIKANER ICH,L2,Rajasthan Circle,342902,342902
1,JODHPUR NSH,Falna ICH,L2,Rajasthan Circle,306001,306001
1,JODHPUR NSH,Falna ICH,L2,Rajasthan Circle,306021,306023
1,JODHPUR NSH,Falna ICH,L2,Rajasthan Circle,306101,306105
1,JODHPUR NSH,Falna ICH,L2,Rajasthan Circle,306114,306116
1,JODHPUR NSH,Falna ICH,L2,Rajasthan Circle,306119,306119
1,JODHPUR NSH,Falna ICH,L2,Rajasthan Circle,306126,306126
1,JODHPUR NSH,Falna ICH,L2,Rajasthan Circle,306301,306308
1,JODHPUR NSH,Falna ICH,L2,Rajasthan Circle,306401,306401
1,JODHPUR NSH,Falna ICH,L2,Rajasthan Circle,306421,306422
1,JODHPUR NSH,Falna ICH,L2,Rajasthan Circle,306501,306504
1,JODHPUR NSH,Falna ICH,L2,Rajasthan Circle,306601,306603
1,JODHPUR NSH,Falna ICH,L2,Rajasthan Circle,306701,306709
1,JODHPUR NSH,Falna ICH,L2,Rajasthan Circle,306901,306902
1,JODHPUR NSH,Falna ICH,L2,Rajasthan Circle,306912,306912
1,JODHPUR NSH,Falna ICH,L2,Rajasthan Circle,307001,307001
1,JODHPUR NSH,Falna ICH,L2,Rajasthan Circle,307019,307019
1,JODHPUR NSH,Falna ICH,L2,Rajasthan Circle,307022,307024
1,JODHPUR NSH,Falna ICH,L2,Rajasthan Circle,307026,307031
1,JODHPUR NSH,Falna ICH,L2,Rajasthan Circle,307032,307032
1,JODHPUR NSH,Falna ICH,L2,Rajasthan Circle,307043,307043
1,JODHPUR NSH,Falna ICH,L2,Rajasthan Circle,307501,307501
1,JODHPUR NSH,Falna ICH,L2,Rajasthan Circle,307510,307515
1,JODHPUR NSH,Falna ICH,L2,Rajasthan Circle,307801,307803
1,JODHPUR NSH,Falna ICH,L2,Rajasthan Circle,343021,343025
1,JODHPUR NSH,Falna ICH,L2,Rajasthan Circle,343001,343002
1,JODHPUR NSH,Falna ICH,L2,Rajasthan Circle,343027,343030
1,JODHPUR NSH,Falna ICH,L2,Rajasthan Circle,343032,343032
1,JODHPUR NSH,Falna ICH,L2,Rajasthan Circle,343039,343042
1,JODHPUR NSH,Falna ICH,L2,Rajasthan Circle,343048,343049
1,Madurai NSH,Madurai NSH,L1,Tamilnadu Circle,623115,623115
1,Madurai NSH,Madurai NSH,L1,Tamilnadu Circle,623120,623120
1,Madurai NSH,Madurai NSH,L1,Tamilnadu Circle,623135,623135
1,Madurai NSH,Madurai NSH,L1,Tamilnadu Circle,623308,623308
1,Madurai NSH,Madurai NSH,L1,Tamilnadu Circle,623315,623315
1,Madurai NSH,Madurai NSH,L1,Tamilnadu Circle,623401,623404
1,Madurai NSH,Madurai NSH,L1,Tamilnadu Circle,623406,623407
1,Madurai NSH,Madurai NSH,L1,Tamilnadu Circle,623409,623409
1,Madurai NSH,Madurai NSH,L1,Tamilnadu Circle,623501,623504
1,Madurai NSH,Madurai NSH,L1,Tamilnadu Circle,623520,623538
1,Madurai NSH,Madurai NSH,L1,Tamilnadu Circle,623566,623566
1,Madurai NSH,Madurai NSH,L1,Tamilnadu Circle,623601,623601
1,Madurai NSH,Madurai NSH,L1,Tamilnadu Circle,623603,623605
1,Madurai NSH,Madurai NSH,L1,Tamilnadu Circle,623608,623608
1,Madurai NSH,Madurai NSH,L1,Tamilnadu Circle,623701,623701
1,Madurai NSH,Madurai NSH,L1,Tamilnadu Circle,623703,623708
1,Madurai NSH,Madurai NSH,L1,Tamilnadu Circle,623711,623712
1,Madurai NSH,Madurai NSH,L1,Tamilnadu Circle,623806,623806
1,Madurai NSH,Madurai NSH,L1,Tamilnadu Circle,625004,625009
1,Madurai NSH,Madurai NSH,L1,Tamilnadu Circle,625014,625023
1,Madurai NSH,Madurai NSH,L1,Tamilnadu Circle,625101,625110
1,Madurai NSH,Madurai NSH,L1,Tamilnadu Circle,625122,625122
1,Madurai NSH,Madurai NSH,L1,Tamilnadu Circle,625201,625201
1,Madurai NSH,Madurai NSH,L1,Tamilnadu Circle,625203,625203
1,Madurai NSH,Madurai NSH,L1,Tamilnadu Circle,625205,625205
1,Madurai NSH,Madurai NSH,L1,Tamilnadu Circle,625207,625207
1,Madurai NSH,Madurai NSH,L1,Tamilnadu Circle,625214,625214
1,Madurai NSH,Madurai NSH,L1,Tamilnadu Circle,625218,625218
1,Madurai NSH,Madurai NSH,L1,Tamilnadu Circle,625221,625221
1,Madurai NSH,Madurai NSH,L1,Tamilnadu Circle,625234,625234
1,Madurai NSH,Madurai NSH,L1,Tamilnadu Circle,625301,625301
1,Madurai NSH,Madurai NSH,L1,Tamilnadu Circle,625402,625402
1,Madurai NSH,Madurai NSH,L1,Tamilnadu Circle,625501,625501
1,Madurai NSH,Madurai NSH,L1,Tamilnadu Circle,625503,625503
1,Madurai NSH,Madurai NSH,L1,Tamilnadu Circle,625512,625518
1,Madurai NSH,Madurai NSH,L1,Tamilnadu Circle,625535,625537
1,Madurai NSH,Madurai NSH,L1,Tamilnadu Circle,625540,625540
1,Madurai NSH,Madurai NSH,L1,Tamilnadu Circle,625552,625552
1,Madurai NSH,Madurai NSH,L1,Tamilnadu Circle,625556,625556
1,Madurai NSH,Madurai NSH,L1,Tamilnadu Circle,625562,625562
1,Madurai NSH,Madurai NSH,L1,Tamilnadu Circle,625579,625579
1,Madurai NSH,Madurai NSH,L1,Tamilnadu Circle,625582,625582
1,Madurai NSH,Madurai NSH,L1,Tamilnadu Circle,625601,625605
1,Madurai NSH,Madurai NSH,L1,Tamilnadu Circle,625701,625708
1,Coimbatore NSH,Coimbatore NSH,L1,Tamilnadu Circle,641001,641009
1,Coimbatore NSH,Coimbatore NSH,L1,Tamilnadu Circle,641010,641010
1,Coimbatore NSH,Coimbatore NSH,L1,Tamilnadu Circle,641011,641016
1,Coimbatore NSH,Coimbatore NSH,L1,Tamilnadu Circle,641017,641017
1,Coimbatore NSH,Coimbatore NSH,L1,Tamilnadu Circle,641018,641018
1,Coimbatore NSH,Coimbatore NSH,L1,Tamilnadu Circle,641019,641020
1,Coimbatore NSH,Coimbatore NSH,L1,Tamilnadu Circle,641021,641021
1,Coimbatore NSH,Coimbatore NSH,L1,Tamilnadu Circle,641022,641022
1,Coimbatore NSH,Coimbatore NSH,L1,Tamilnadu Circle,641023,641030
1,Coimbatore NSH,Coimbatore NSH,L1,Tamilnadu Circle,641031,641032
1,Coimbatore NSH,Coimbatore NSH,L1,Tamilnadu Circle,641033,641039
1,Coimbatore NSH,Coimbatore NSH,L1,Tamilnadu Circle,641041,641046
1,Coimbatore NSH,Coimbatore NSH,L1,Tamilnadu Circle,641047,641047
1,Coimbatore NSH,Coimbatore NSH,L1,Tamilnadu Circle,641048,641049
1,Coimbatore NSH,Coimbatore NSH,L1,Tamilnadu Circle,641050,641051
1,Coimbatore NSH,Coimbatore NSH,L1,Tamilnadu Circle,641062,641062
1,Coimbatore NSH,Coimbatore NSH,L1,Tamilnadu Circle,641101,641101
1,Coimbatore NSH,Coimbatore NSH,L1,Tamilnadu Circle,641103,641104
1,Coimbatore NSH,Coimbatore NSH,L1,Tamilnadu Circle,641105,641105
1,Coimbatore NSH,Coimbatore NSH,L1,Tamilnadu Circle,641107,641112
1,Coimbatore NSH,Coimbatore NSH,L1,Tamilnadu Circle,641113,641114
1,Coimbatore NSH,Coimbatore NSH,L1,Tamilnadu Circle,641201,641201
1,Coimbatore NSH,Coimbatore NSH,L1,Tamilnadu Circle,641202,641202
1,Coimbatore NSH,Coimbatore NSH,L1,Tamilnadu Circle,641301,641302
1,Coimbatore NSH,Coimbatore NSH,L1,Tamilnadu Circle,641305,641305
1,Coimbatore NSH,Coimbatore NSH,L1,Tamilnadu Circle,641401,641402
1,Coimbatore NSH,Coimbatore NSH,L1,Tamilnadu Circle,641407,641407
1,Coimbatore NSH,Coimbatore NSH,L1,Tamilnadu Circle,642001,642007
1,Coimbatore NSH,Coimbatore NSH,L1,Tamilnadu Circle,642101,642114
1,Coimbatore NSH,Coimbatore NSH,L1,Tamilnadu Circle,642117,642117
1,Coimbatore NSH,Coimbatore NSH,L1,Tamilnadu Circle,642120,642120
1,Coimbatore NSH,Coimbatore NSH,L1,Tamilnadu Circle,642122,642123
1,Coimbatore NSH,Coimbatore NSH,L1,Tamilnadu Circle,642125,642130
1,Coimbatore NSH,Coimbatore NSH,L1,Tamilnadu Circle,642132,642134
1,Coimbatore NSH,Coimbatore NSH,L1,Tamilnadu Circle,642154,642154
1,Coimbatore NSH,Coimbatore NSH,L1,Tamilnadu Circle,642201,642207
1,Coimbatore NSH,Coimbatore NSH,L1,Tamilnadu Circle,643001,643007
1,Coimbatore NSH,Coimbatore NSH,L1,Tamilnadu Circle,643101,643103
1,Coimbatore NSH,Coimbatore NSH,L1,Tamilnadu Circle,643105,643105
1,Coimbatore NSH,Coimbatore NSH,L1,Tamilnadu Circle,643201,643207
1,Coimbatore NSH,Coimbatore NSH,L1,Tamilnadu Circle,643209,643209
1,Coimbatore NSH,Coimbatore NSH,L1,Tamilnadu Circle,643211,643221
1,Coimbatore NSH,Coimbatore NSH,L1,Tamilnadu Circle,643223,643226
1,Coimbatore NSH,Coimbatore NSH,L1,Tamilnadu Circle,643231,643231
1,Coimbatore NSH,Coimbatore NSH,L1,Tamilnadu Circle,643233,643233
1,Coimbatore NSH,Coimbatore NSH,L1,Tamilnadu Circle,643236,643243
1,Coimbatore NSH,Coimbatore NSH,L1,Tamilnadu Circle,643253,643253
1,Coimbatore NSH,Coimbatore NSH,L1,Tamilnadu Circle,643270,643270
1,Chennai NSH,Chennai NSH,L1,Tamilnadu Circle,600001,600026
1,Chennai NSH,Chennai NSH,L1,Tamilnadu Circle,600028,600028
1,Chennai NSH,Chennai NSH,L1,Tamilnadu Circle,600030,600064
1,Chennai NSH,Chennai NSH,L1,Tamilnadu Circle,600066,600078
1,Chennai NSH,Chennai NSH,L1,Tamilnadu Circle,600081,600092
1,Chennai NSH,Chennai NSH,L1,Tamilnadu Circle,600094,600097
1,Chennai NSH,Chennai NSH,L1,Tamilnadu Circle,600099,600101
1,Chennai NSH,Chennai NSH,L1,Tamilnadu Circle,600103,600104
1,Chennai NSH,Chennai NSH,L1,Tamilnadu Circle,600106,600107
1,Chennai NSH,Chennai NSH,L1,Tamilnadu Circle,600110,600110
1,Chennai NSH,Chennai NSH,L1,Tamilnadu Circle,600113,600113
1,Chennai NSH,Chennai NSH,L1,Tamilnadu Circle,600115,600120
1,Chennai NSH,Chennai NSH,L1,Tamilnadu Circle,600122,600133
1,Chennai NSH,Chennai NSH,L1,Tamilnadu Circle,601101,601103
1,Chennai NSH,Chennai NSH,L1,Tamilnadu Circle,601201,601206
1,Chennai NSH,Chennai NSH,L1,Tamilnadu Circle,601301,601301
1,Chennai NSH,Chennai NSH,L1,Tamilnadu Circle,602001,602003
1,Chennai NSH,Chennai NSH,L1,Tamilnadu Circle,602021,602021
1,Chennai NSH,Chennai NSH,L1,Tamilnadu Circle,602023,602026
1,Chennai NSH,Chennai NSH,L1,Tamilnadu Circle,602105,602106
1,Chennai NSH,Chennai NSH,L1,Tamilnadu Circle,602108,602108
1,Chennai NSH,Chennai NSH,L1,Tamilnadu Circle,602117,602118
1,Madurai NSH,ICH Dindigul,L2,Tamilnadu Circle,624001,624005
1,Madurai NSH,Madurai NSH,L1,Tamilnadu Circle,625001,625003
1,Madurai NSH,Madurai NSH,L1,Tamilnadu Circle,625011,625012
1,Madurai NSH,Madurai NSH,L1,Tamilnadu Circle,625524,625534
1,Madurai NSH,ICH Dindigul,L2,Tamilnadu Circle,624101,624101
1,Madurai NSH,ICH Dindigul,L2,Tamilnadu Circle,624103,624103
1,Madurai NSH,ICH Dindigul,L2,Tamilnadu Circle,624201,624202
1,Madurai NSH,ICH Dindigul,L2,Tamilnadu Circle,624204,624204
1,Madurai NSH,ICH Dindigul,L2,Tamilnadu Circle,624206,624206
1,Madurai NSH,ICH Dindigul,L2,Tamilnadu Circle,624208,624208
1,Madurai NSH,ICH Dindigul,L2,Tamilnadu Circle,624210,624212
1,Madurai NSH,ICH Dindigul,L2,Tamilnadu Circle,624215,624216
1,Madurai NSH,ICH Dindigul,L2,Tamilnadu Circle,624219,624220
1,Madurai NSH,ICH Dindigul,L2,Tamilnadu Circle,624301,624304
1,Madurai NSH,ICH Dindigul,L2,Tamilnadu Circle,624306,624308
1,Madurai NSH,ICH Dindigul,L2,Tamilnadu Circle,624401,624403
1,Madurai NSH,ICH Dindigul,L2,Tamilnadu Circle,624601,624601
1,Madurai NSH,ICH Dindigul,L2,Tamilnadu Circle,624610,624610
1,Madurai NSH,ICH Dindigul,L2,Tamilnadu Circle,624612,624622
1,Madurai NSH,ICH Dindigul,L2,Tamilnadu Circle,624701,624712
1,Madurai NSH,ICH Dindigul,L2,Tamilnadu Circle,624801,624802
1,Madurai NSH,Virudhunagar ICH,L2,Tamilnadu Circle,626001,626005
1,Madurai NSH,Virudhunagar ICH,L2,Tamilnadu Circle,626111,626119
1,Madurai NSH,Virudhunagar ICH,L2,Tamilnadu Circle,626121,626134
1,Madurai NSH,Virudhunagar ICH,L2,Tamilnadu Circle,626138,626140
1,Madurai NSH,Virudhunagar ICH,L2,Tamilnadu Circle,626149,626149
1,Madurai NSH,Virudhunagar ICH,L2,Tamilnadu Circle,626161,626161
1,Madurai NSH,Virudhunagar ICH,L2,Tamilnadu Circle,626188,626189
1,Madurai NSH,Virudhunagar ICH,L2,Tamilnadu Circle,626201,626205
1,Madurai NSH,Virudhunagar ICH,L2,Tamilnadu Circle,626607,626607
1,Madurai NSH,Virudhunagar ICH,L2,Tamilnadu Circle,626612,626612
1,Madurai NSH,Tuticorin ICH,L2,Tamilnadu Circle,628101,628105
1,Madurai NSH,Tuticorin ICH,L2,Tamilnadu Circle,628151,628152
1,Madurai NSH,Tuticorin ICH,L2,Tamilnadu Circle,628201,628213
1,Madurai NSH,Tuticorin ICH,L2,Tamilnadu Circle,628215,628219
1,Madurai NSH,Tuticorin ICH,L2,Tamilnadu Circle,628229,628229
1,Madurai NSH,Tuticorin ICH,L2,Tamilnadu Circle,628251,628252
1,Madurai NSH,Tuticorin ICH,L2,Tamilnadu Circle,628301,628304
1,Madurai NSH,Tuticorin ICH,L2,Tamilnadu Circle,628401,628402
1,Madurai NSH,Tuticorin ICH,L2,Tamilnadu Circle,628503,628503
1,Madurai NSH,Tuticorin ICH,L2,Tamilnadu Circle,628552,628552
1,Madurai NSH,Tuticorin ICH,L2,Tamilnadu Circle,628601,628601
1,Madurai NSH,Tuticorin ICH,L2,Tamilnadu Circle,628612,628623
1,Madurai NSH,Tuticorin ICH,L2,Tamilnadu Circle,628653,628653
1,Madurai NSH,Tuticorin ICH,L2,Tamilnadu Circle,628656,628656
1,Madurai NSH,Tuticorin ICH,L2,Tamilnadu Circle,628701,628704
1,Madurai NSH,Tuticorin ICH,L2,Tamilnadu Circle,628712,628712
1,Madurai NSH,Tuticorin ICH,L2,Tamilnadu Circle,628714,628714
1,Madurai NSH,Tuticorin ICH,L2,Tamilnadu Circle,628716,628716
1,Madurai NSH,Tuticorin ICH,L2,Tamilnadu Circle,628718,628718
1,Madurai NSH,Tuticorin ICH,L2,Tamilnadu Circle,628720,628722
1,Madurai NSH,Tuticorin ICH,L2,Tamilnadu Circle,628751,628753
1,Madurai NSH,Tuticorin ICH,L2,Tamilnadu Circle,628801,628802
1,Madurai NSH,Tuticorin ICH,L2,Tamilnadu Circle,628809,628809
1,Madurai NSH,Tuticorin ICH,L2,Tamilnadu Circle,628851,628851
1,Madurai NSH,Tuticorin ICH,L2,Tamilnadu Circle,628901,628908
1,Madurai NSH,Tuticorin ICH,L2,Tamilnadu Circle,628952,628952
1,Madurai NSH,Karaikudi ICH,L2,Tamilnadu Circle,630001,630003
1,Madurai NSH,Karaikudi ICH,L2,Tamilnadu Circle,630005,630005
1,Madurai NSH,Karaikudi ICH,L2,Tamilnadu Circle,630101,630108
1,Madurai NSH,Karaikudi ICH,L2,Tamilnadu Circle,630201,630208
1,Madurai NSH,Karaikudi ICH,L2,Tamilnadu Circle,630210,630212
1,Madurai NSH,Karaikudi ICH,L2,Tamilnadu Circle,630301,630303
1,Madurai NSH,Karaikudi ICH,L2,Tamilnadu Circle,630305,630307
1,Madurai NSH,Karaikudi ICH,L2,Tamilnadu Circle,630309,630309
1,Madurai NSH,Karaikudi ICH,L2,Tamilnadu Circle,630311,630314
1,Madurai NSH,Karaikudi ICH,L2,Tamilnadu Circle,630321,630321
1,Madurai NSH,Karaikudi ICH,L2,Tamilnadu Circle,630405,630405
1,Madurai NSH,Karaikudi ICH,L2,Tamilnadu Circle,630408,630408
1,Madurai NSH,Karaikudi ICH,L2,Tamilnadu Circle,630410,630411
1,Madurai NSH,Karaikudi ICH,L2,Tamilnadu Circle,630501,630502
1,Madurai NSH,Karaikudi ICH,L2,Tamilnadu Circle,630551,630559
1,Madurai NSH,Karaikudi ICH,L2,Tamilnadu Circle,630561,630562
1,Madurai NSH,Karaikudi ICH,L2,Tamilnadu Circle,630566,630566
1,Madurai NSH,Karaikudi ICH,L2,Tamilnadu Circle,630602,630602
1,Madurai NSH,Karaikudi ICH,L2,Tamilnadu Circle,630606,630606
1,Madurai NSH,Karaikudi ICH,L2,Tamilnadu Circle,630609,630612
1,Madurai NSH,Karaikudi ICH,L2,Tamilnadu Circle,630702,630702
1,Madurai NSH,Karaikudi ICH,L2,Tamilnadu Circle,630709,630710
1,Madurai NSH,Karaikudi ICH,L2,Tamilnadu Circle,630713,630713
1,Madurai NSH,Nagercoil ICH,L2,Tamilnadu Circle,629001,629004
1,Madurai NSH,Nagercoil ICH,L2,Tamilnadu Circle,629101,629102
1,Madurai NSH,Nagercoil ICH,L2,Tamilnadu Circle,629151,629180
1,Madurai NSH,Nagercoil ICH,L2,Tamilnadu Circle,629193,629193
1,Madurai NSH,Nagercoil ICH,L2,Tamilnadu Circle,629201,629204
1,Madurai NSH,Nagercoil ICH,L2,Tamilnadu Circle,629251,629252
1,Madurai NSH,Nagercoil ICH,L2,Tamilnadu Circle,629301,629302
1,Madurai NSH,Nagercoil ICH,L2,Tamilnadu Circle,629401,629403
1,Madurai NSH,Nagercoil ICH,L2,Tamilnadu Circle,629501,629502
1,Madurai NSH,Nagercoil ICH,L2,Tamilnadu Circle,629601,629602
1,Madurai NSH,Nagercoil ICH,L2,Tamilnadu Circle,629701,629704
1,Madurai NSH,Nagercoil ICH,L2,Tamilnadu Circle,629801,629804
1,Madurai NSH,Nagercoil ICH,L2,Tamilnadu Circle,629809,629810
1,Madurai NSH,Nagercoil ICH,L2,Tamilnadu Circle,629851,629852
1,Madurai NSH,Nagercoil ICH,L2,Tamilnadu Circle,629901,629901
1,Madurai NSH,Tirunelveli ICH,L2,Tamilnadu Circle,627001,627010
1,Madurai NSH,Tirunelveli ICH,L2,Tamilnadu Circle,627101,627110
1,Madurai NSH,Tirunelveli ICH,L2,Tamilnadu Circle,627111,627120
1,Madurai NSH,Tirunelveli ICH,L2,Tamilnadu Circle,627127,627127
1,Madurai NSH,Tirunelveli ICH,L2,Tamilnadu Circle,627133,627133
1,Madurai NSH,Tirunelveli ICH,L2,Tamilnadu Circle,627151,627152
1,Madurai NSH,Tirunelveli ICH,L2,Tamilnadu Circle,627201,627202
1,Madurai NSH,Tirunelveli ICH,L2,Tamilnadu Circle,627357,627359
1,Madurai NSH,Tirunelveli ICH,L2,Tamilnadu Circle,627401,627401
1,Madurai NSH,Tirunelveli ICH,L2,Tamilnadu Circle,627412,627420
1,Madurai NSH,Tirunelveli ICH,L2,Tamilnadu Circle,627421,627428
1,Madurai NSH,Tirunelveli ICH,L2,Tamilnadu Circle,627451,627453
1,Madurai NSH,Tirunelveli ICH,L2,Tamilnadu Circle,627501,627502
1,Madurai NSH,Tirunelveli ICH,L2,Tamilnadu Circle,627601,627604
1,Madurai NSH,Tirunelveli ICH,L2,Tamilnadu Circle,627651,627652
1,Madurai NSH,Tirunelveli ICH,L2,Tamilnadu Circle,627654,627654
1,Madurai NSH,Tirunelveli ICH,L2,Tamilnadu Circle,627657,627657
1,Madurai NSH,Tirunelveli ICH,L2,Tamilnadu Circle,627713,627713
1,Madurai NSH,Tirunelveli ICH,L2,Tamilnadu Circle,627719,627719
1,Madurai NSH,Tirunelveli ICH,L2,Tamilnadu Circle,627751,627751
1,Madurai NSH,Tirunelveli ICH,L2,Tamilnadu Circle,627753,627761
1,Madurai NSH,Tirunelveli ICH,L2,Tamilnadu Circle,627764,627764
1,Madurai NSH,Tirunelveli ICH,L2,Tamilnadu Circle,627802,627809
1,Madurai NSH,Tirunelveli ICH,L2,Tamilnadu Circle,627811,627814
1,Coimbatore NSH,Tirupur ICH,L2,Tamilnadu Circle,641601,641607
1,Coimbatore NSH,Tirupur ICH,L2,Tamilnadu Circle,641652,641652
1,Coimbatore NSH,Tirupur ICH,L2,Tamilnadu Circle,641653,641655
1,Coimbatore NSH,Tirupur ICH,L2,Tamilnadu Circle,641658,641659
1,Coimbatore NSH,Tirupur ICH,L2,Tamilnadu Circle,641662,641671
1,Coimbatore NSH,Tirupur ICH,L2,Tamilnadu Circle,641687,641687
1,Coimbatore NSH,Tirupur ICH,L2,Tamilnadu Circle,641697,641697
1,Coimbatore NSH,Erode ICH,L2,Tamilnadu Circle,638001,638007
1,Coimbatore NSH,Erode ICH,L2,Tamilnadu Circle,638008,638008
1,Coimbatore NSH,Erode ICH,L2,Tamilnadu Circle,638009,638012
1,Coimbatore NSH,Erode ICH,L2,Tamilnadu Circle,638051,638057
1,Coimbatore NSH,Erode ICH,L2,Tamilnadu Circle,638060,638060
1,Coimbatore NSH,Erode ICH,L2,Tamilnadu Circle,638101,638112
1,Coimbatore NSH,Erode ICH,L2,Tamilnadu Circle,638115,638116
1,Madurai NSH,Virudhunagar ICH,L2,Tamilnadu Circle,626135,626137
1,Madurai NSH,Virudhunagar ICH,L2,Tamilnadu Circle,626141,626142
1,Madurai NSH,Tirunelveli ICH,L2,Tamilnadu Circle,627351,627356
1,Madurai NSH,Tuticorin ICH,L2,Tamilnadu Circle,628001,628008
1,Madurai NSH,Tuticorin ICH,L2,Tamilnadu Circle,628501,628502
1,Coimbatore NSH,Erode ICH,L2,Tamilnadu Circle,638151,638154
1,Coimbatore NSH,Erode ICH,L2,Tamilnadu Circle,638181,638183
1,Coimbatore NSH,Erode ICH,L2,Tamilnadu Circle,638301,638301
1,Coimbatore NSH,Erode ICH,L2,Tamilnadu Circle,638311,638316
1,Coimbatore NSH,Erode ICH,L2,Tamilnadu Circle,638401,638402
1,Coimbatore NSH,Erode ICH,L2,Tamilnadu Circle,638451,638462
1,Coimbatore NSH,Erode ICH,L2,Tamilnadu Circle,638476,638476
1,Coimbatore NSH,Erode ICH,L2,Tamilnadu Circle,638501,638506
1,Coimbatore NSH,Erode ICH,L2,Tamilnadu Circle,638656,638657
1,Coimbatore NSH,Erode ICH,L2,Tamilnadu Circle,638660,638661
1,Coimbatore NSH,Erode ICH,L2,Tamilnadu Circle,638672,638673
1,Coimbatore NSH,Erode ICH,L2,Tamilnadu Circle,638701,638703
1,Coimbatore NSH,Erode ICH,L2,Tamilnadu Circle,638706,638706
1,Coimbatore NSH,Erode ICH,L2,Tamilnadu Circle,638751,638752
1,Coimbatore NSH,Erode ICH,L2,Tamilnadu Circle,638812,638812
1,Coimbatore NSH,Salem ICH,L2,Tamilnadu Circle,636001,636010
1,Coimbatore NSH,Salem ICH,L2,Tamilnadu Circle,636011,636013
1,Coimbatore NSH,Salem ICH,L2,Tamilnadu Circle,636014,636017
1,Coimbatore NSH,Salem ICH,L2,Tamilnadu Circle,636030,636030
1,Coimbatore NSH,Salem ICH,L2,Tamilnadu Circle,636101,636119
1,Coimbatore NSH,Salem ICH,L2,Tamilnadu Circle,636121,636122
1,Coimbatore NSH,Salem ICH,L2,Tamilnadu Circle,636138,636139
1,Coimbatore NSH,Salem ICH,L2,Tamilnadu Circle,636140,636140
1,Coimbatore NSH,Salem ICH,L2,Tamilnadu Circle,636141,636142
1,Coimbatore NSH,Salem ICH,L2,Tamilnadu Circle,636201,636204
1,Coimbatore NSH,Salem ICH,L2,Tamilnadu Circle,636301,636301
1,Coimbatore NSH,Salem ICH,L2,Tamilnadu Circle,636302,636302
1,Coimbatore NSH,Salem ICH,L2,Tamilnadu Circle,636303,636309
1,Coimbatore NSH,Salem ICH,L2,Tamilnadu Circle,636351,636352
1,Coimbatore NSH,Salem ICH,L2,Tamilnadu Circle,636354,636354
1,Coimbatore NSH,Salem ICH,L2,Tamilnadu Circle,636401,636404
1,Coimbatore NSH,Salem ICH,L2,Tamilnadu Circle,636406,636406
1,Coimbatore NSH,Salem ICH,L2,Tamilnadu Circle,636451,636458
1,Coimbatore NSH,Salem ICH,L2,Tamilnadu Circle,636501,636503
1,Coimbatore NSH,Salem ICH,L2,Tamilnadu Circle,636601,636602
1,Coimbatore NSH,Salem ICH,L2,Tamilnadu Circle,637001,637003
1,Coimbatore NSH,Salem ICH,L2,Tamilnadu Circle,637013,637015
1,Coimbatore NSH,Salem ICH,L2,Tamilnadu Circle,637017,637021
1,Coimbatore NSH,Salem ICH,L2,Tamilnadu Circle,637101,637105
1,Coimbatore NSH,Salem ICH,L2,Tamilnadu Circle,637107,637107
1,Coimbatore NSH,Salem ICH,L2,Tamilnadu Circle,637201,637216
1,Coimbatore NSH,Salem ICH,L2,Tamilnadu Circle,637301,637301
1,Coimbatore NSH,Salem ICH,L2,Tamilnadu Circle,637302,637303
1,Coimbatore NSH,Salem ICH,L2,Tamilnadu Circle,637304,637304
1,Coimbatore NSH,Salem ICH,L2,Tamilnadu Circle,637401,637412
1,Coimbatore NSH,Salem ICH,L2,Tamilnadu Circle,637415,637415
1,Coimbatore NSH,Salem ICH,L2,Tamilnadu Circle,637501,637505
1,Coimbatore NSH,Salem ICH,L2,Tamilnadu Circle,635201,635202
1,Coimbatore NSH,Salem ICH,L2,Tamilnadu Circle,635205,635205
1,Coimbatore NSH,Salem ICH,L2,Tamilnadu Circle,635301,635303
1,Coimbatore NSH,Salem ICH,L2,Tamilnadu Circle,635305,635305
1,Coimbatore NSH,Salem ICH,L2,Tamilnadu Circle,636701,636701
1,Coimbatore NSH,Salem ICH,L2,Tamilnadu Circle,636704,636705
1,Coimbatore NSH,Salem ICH,L2,Tamilnadu Circle,636803,636811
1,Coimbatore NSH,Salem ICH,L2,Tamilnadu Circle,636813,636813
1,Coimbatore NSH,Salem ICH,L2,Tamilnadu Circle,636902,636907
1,Coimbatore NSH,Palakkad ICH,L2,Kerala Circle,678001,678001
1,Coimbatore NSH,Palakkad ICH,L2,Kerala Circle,678002,678002
1,Chennai NSH,Villupuram RMS  MIX,L2,Tamilnadu Circle,604001,604001
1,Chennai NSH,Villupuram RMS  MIX,L2,Tamilnadu Circle,604101,604102
1,Chennai NSH,Villupuram RMS  MIX,L2,Tamilnadu Circle,604151,604154
1,Chennai NSH,Villupuram RMS  MIX,L2,Tamilnadu Circle,604201,604208
1,Chennai NSH,Villupuram RMS  MIX,L2,Tamilnadu Circle,604210,604210
1,Chennai NSH,Villupuram RMS  MIX,L2,Tamilnadu Circle,604301,604307
1,Chennai NSH,Villupuram RMS  MIX,L2,Tamilnadu Circle,604401,604411
1,Chennai NSH,Villupuram RMS  MIX,L2,Tamilnadu Circle,604501,604505
1,Chennai NSH,Villupuram RMS  MIX,L2,Tamilnadu Circle,604601,604601
1,Chennai NSH,Villupuram RMS  MIX,L2,Tamilnadu Circle,605001,605011
1,Chennai NSH,Villupuram RMS  MIX,L2,Tamilnadu Circle,605013,605014
1,Chennai NSH,Villupuram RMS  MIX,L2,Tamilnadu Circle,605101,605111
1,Chennai NSH,Villupuram RMS  MIX,L2,Tamilnadu Circle,605201,605203
1,Chennai NSH,Villupuram RMS  MIX,L2,Tamilnadu Circle,605301,605302
1,Chennai NSH,Villupuram RMS  MIX,L2,Tamilnadu Circle,605401,605402
1,Chennai NSH,Villupuram RMS  MIX,L2,Tamilnadu Circle,605403,605403
1,Chennai NSH,Villupuram RMS  MIX,L2,Tamilnadu Circle,605501,605502
1,Chennai NSH,Villupuram RMS  MIX,L2,Tamilnadu Circle,605601,605601
1,Chennai NSH,Villupuram RMS  MIX,L2,Tamilnadu Circle,605602,605602
1,Chennai NSH,Villupuram RMS  MIX,L2,Tamilnadu Circle,605651,605651
1,Chennai NSH,Villupuram RMS  MIX,L2,Tamilnadu Circle,605652,605652
1,Chennai NSH,Villupuram RMS  MIX,L2,Tamilnadu Circle,605701,605702
1,Chennai NSH,Villupuram RMS  MIX,L2,Tamilnadu Circle,605751,605752
1,Chennai NSH,Villupuram RMS  MIX,L2,Tamilnadu Circle,605754,605759
1,Chennai NSH,Villupuram RMS  MIX,L2,Tamilnadu Circle,605766,605766
1,Chennai NSH,Villupuram RMS  MIX,L2,Tamilnadu Circle,605801,605803
1,Chennai NSH,Villupuram RMS  MIX,L2,Tamilnadu Circle,606213,606213
1,Chennai NSH,Villupuram RMS  MIX,L2,Tamilnadu Circle,606401,606402
1,Chennai NSH,Villupuram RMS  MIX,L2,Tamilnadu Circle,606601,606601
1,Chennai NSH,Villupuram RMS  MIX,L2,Tamilnadu Circle,606603,606604
1,Chennai NSH,Villupuram RMS  MIX,L2,Tamilnadu Circle,606611,606611
1,Chennai NSH,Villupuram RMS  MIX,L2,Tamilnadu Circle,606701,606710
1,Chennai NSH,Villupuram RMS  MIX,L2,Tamilnadu Circle,606751,606755
1,Chennai NSH,Villupuram RMS  MIX,L2,Tamilnadu Circle,606801,606808
1,Chennai NSH,Villupuram RMS  MIX,L2,Tamilnadu Circle,606811,606811
1,Chennai NSH,Villupuram RMS  MIX,L2,Tamilnadu Circle,606901,606908
1,Chennai NSH,Villupuram RMS  MIX,L2,Tamilnadu Circle,607107,607107
1,Chennai NSH,Villupuram RMS  MIX,L2,Tamilnadu Circle,607201,607204
1,Chennai NSH,Villupuram RMS  MIX,L2,Tamilnadu Circle,607209,607209
1,Chennai NSH,Vriddhachalam RMS  MIX,L2,Tamilnadu Circle,606001,606003
1,Chennai NSH,Vriddhachalam RMS  MIX,L2,Tamilnadu Circle,606102,606111
1,Chennai NSH,Vriddhachalam RMS  MIX,L2,Tamilnadu Circle,606115,606115
1,Chennai NSH,Vriddhachalam RMS  MIX,L2,Tamilnadu Circle,606301,606305
1,Chennai NSH,Vriddhachalam RMS  MIX,L2,Tamilnadu Circle,607001,607006
1,Chennai NSH,Vriddhachalam RMS  MIX,L2,Tamilnadu Circle,607101,607106
1,Chennai NSH,Vriddhachalam RMS  MIX,L2,Tamilnadu Circle,607108,607109
1,Chennai NSH,Vriddhachalam RMS  MIX,L2,Tamilnadu Circle,607112,607112
1,Chennai NSH,Vriddhachalam RMS  MIX,L2,Tamilnadu Circle,607205,607205
1,Chennai NSH,Vriddhachalam RMS  MIX,L2,Tamilnadu Circle,607301,607303
1,Chennai NSH,Vriddhachalam RMS  MIX,L2,Tamilnadu Circle,607308,607308
1,Chennai NSH,Vriddhachalam RMS  MIX,L2,Tamilnadu Circle,607801,607805
1,Chennai NSH,Vriddhachalam RMS  MIX,L2,Tamilnadu Circle,607807,607807
1,Chennai NSH,Vriddhachalam RMS  MIX,L2,Tamilnadu Circle,608001,608002
1,Chennai NSH,Vriddhachalam RMS  MIX,L2,Tamilnadu Circle,608102,608102
1,Chennai NSH,Vriddhachalam RMS  MIX,L2,Tamilnadu Circle,608201,608201
1,Chennai NSH,Vriddhachalam RMS  MIX,L2,Tamilnadu Circle,608301,608306
1,Chennai NSH,Vriddhachalam RMS  MIX,L2,Tamilnadu Circle,608401,608401
1,Chennai NSH,Vriddhachalam RMS  MIX,L2,Tamilnadu Circle,608501,608502
1,Chennai NSH,Vriddhachalam RMS  MIX,L2,Tamilnadu Circle,608601,608602
1,Chennai NSH,Vriddhachalam RMS  MIX,L2,Tamilnadu Circle,608701,608704
1,Chennai NSH,Vriddhachalam RMS  MIX,L2,Tamilnadu Circle,608801,608801
1,Chennai NSH,Vriddhachalam RMS  MIX,L2,Tamilnadu Circle,608901,608901
1,Chennai NSH,Trichy ICH,L2,Tamilnadu Circle,612901,612906
1,Chennai NSH,Trichy ICH,L2,Tamilnadu Circle,614616,614622
1,Chennai NSH,Trichy ICH,L2,Tamilnadu Circle,614624,614624
1,Chennai NSH,Trichy ICH,L2,Tamilnadu Circle,614629,614630
1,Chennai NSH,Trichy ICH,L2,Tamilnadu Circle,614801,614801
1,Chennai NSH,Trichy ICH,L2,Tamilnadu Circle,614805,614805
1,Chennai NSH,Trichy ICH,L2,Tamilnadu Circle,620001,620027
1,Chennai NSH,Trichy ICH,L2,Tamilnadu Circle,620101,620102
1,Chennai NSH,Trichy ICH,L2,Tamilnadu Circle,621001,621012
1,Chennai NSH,Trichy ICH,L2,Tamilnadu Circle,621014,621014
1,Chennai NSH,Trichy ICH,L2,Tamilnadu Circle,621101,621119
1,Chennai NSH,Trichy ICH,L2,Tamilnadu Circle,621133,621133
1,Chennai NSH,Trichy ICH,L2,Tamilnadu Circle,621202,621220
1,Chennai NSH,Trichy ICH,L2,Tamilnadu Circle,621301,621302
1,Chennai NSH,Trichy ICH,L2,Tamilnadu Circle,621305,621308
1,Chennai NSH,Trichy ICH,L2,Tamilnadu Circle,621310,621316
1,Chennai NSH,Trichy ICH,L2,Tamilnadu Circle,621601,621601
1,Chennai NSH,Trichy ICH,L2,Tamilnadu Circle,621651,621653
1,Chennai NSH,Trichy ICH,L2,Tamilnadu Circle,621701,621719
1,Chennai NSH,Trichy ICH,L2,Tamilnadu Circle,621722,621722
1,Chennai NSH,Trichy ICH,L2,Tamilnadu Circle,621729,621731
1,Chennai NSH,Trichy ICH,L2,Tamilnadu Circle,621801,621806
1,Chennai NSH,Trichy ICH,L2,Tamilnadu Circle,621851,621851
1,Chennai NSH,Trichy ICH,L2,Tamilnadu Circle,622001,622005
1,Chennai NSH,Trichy ICH,L2,Tamilnadu Circle,622101,622104
1,Chennai NSH,Villupuram RMS  MIX,L2,Tamilnadu Circle,607401,607403
1,Chennai NSH,Trichy ICH,L2,Tamilnadu Circle,622201,622204
1,Chennai NSH,Trichy ICH,L2,Tamilnadu Circle,622209,622209
1,Chennai NSH,Trichy ICH,L2,Tamilnadu Circle,622301,622304
1,Chennai NSH,Trichy ICH,L2,Tamilnadu Circle,622401,622404
1,Chennai NSH,Trichy ICH,L2,Tamilnadu Circle,622407,622407
1,Chennai NSH,Trichy ICH,L2,Tamilnadu Circle,622409,622409
1,Chennai NSH,Trichy ICH,L2,Tamilnadu Circle,622411,622412
1,Chennai NSH,Trichy ICH,L2,Tamilnadu Circle,622422,622422
1,Chennai NSH,Trichy ICH,L2,Tamilnadu Circle,622501,622507
1,Chennai NSH,Trichy ICH,L2,Tamilnadu Circle,622515,622515
1,Chennai NSH,Trichy ICH,L2,Tamilnadu Circle,639001,639008
1,Chennai NSH,Trichy ICH,L2,Tamilnadu Circle,639101,639105
1,Chennai NSH,Trichy ICH,L2,Tamilnadu Circle,639107,639120
1,Chennai NSH,Trichy ICH,L2,Tamilnadu Circle,639136,639136
1,Chennai NSH,Trichy ICH,L2,Tamilnadu Circle,639201,639203
1,Chennai NSH,Trichy ICH,L2,Tamilnadu Circle,639205,639207
1,Chennai NSH,Thanjavur ICH,L2,Tamilnadu Circle,612001,612002
1,Chennai NSH,Thanjavur ICH,L2,Tamilnadu Circle,612101,612106
1,Chennai NSH,Thanjavur ICH,L2,Tamilnadu Circle,612201,612204
1,Chennai NSH,Thanjavur ICH,L2,Tamilnadu Circle,612301,612303
1,Chennai NSH,Thanjavur ICH,L2,Tamilnadu Circle,612401,612402
1,Chennai NSH,Thanjavur ICH,L2,Tamilnadu Circle,612501,612504
1,Chennai NSH,Thanjavur ICH,L2,Tamilnadu Circle,612601,612605
1,Chennai NSH,Thanjavur ICH,L2,Tamilnadu Circle,612610,612610
1,Chennai NSH,Thanjavur ICH,L2,Tamilnadu Circle,612701,612703
1,Chennai NSH,Thanjavur ICH,L2,Tamilnadu Circle,612801,612804
1,Chennai NSH,Thanjavur ICH,L2,Tamilnadu Circle,614101,614103
1,Chennai NSH,Thanjavur ICH,L2,Tamilnadu Circle,613001,613010
1,Chennai NSH,Thanjavur ICH,L2,Tamilnadu Circle,613101,613105
1,Chennai NSH,Thanjavur ICH,L2,Tamilnadu Circle,613201,613205
1,Chennai NSH,Thanjavur ICH,L2,Tamilnadu Circle,613301,613301
1,Chennai NSH,Thanjavur ICH,L2,Tamilnadu Circle,613303,613303
1,Chennai NSH,Thanjavur ICH,L2,Tamilnadu Circle,613401,613403
1,Chennai NSH,Thanjavur ICH,L2,Tamilnadu Circle,613501,613504
1,Chennai NSH,Thanjavur ICH,L2,Tamilnadu Circle,613601,613602
1,Chennai NSH,Thanjavur ICH,L2,Tamilnadu Circle,613701,613703
1,Chennai NSH,Thanjavur ICH,L2,Tamilnadu Circle,613705,613705
1,Chennai NSH,Thanjavur ICH,L2,Tamilnadu Circle,614001,614001
1,Chennai NSH,Thanjavur ICH,L2,Tamilnadu Circle,614013,614020
1,Chennai NSH,Thanjavur ICH,L2,Tamilnadu Circle,614201,614208
1,Chennai NSH,Thanjavur ICH,L2,Tamilnadu Circle,614210,614211
1,Chennai NSH,Thanjavur ICH,L2,Tamilnadu Circle,614301,614303
1,Chennai NSH,Thanjavur ICH,L2,Tamilnadu Circle,614401,614404
1,Chennai NSH,Thanjavur ICH,L2,Tamilnadu Circle,614601,614602
1,Chennai NSH,Thanjavur ICH,L2,Tamilnadu Circle,614612,614615
1,Chennai NSH,Thanjavur ICH,L2,Tamilnadu Circle,614623,614623
1,Chennai NSH,Thanjavur ICH,L2,Tamilnadu Circle,614625,614626
1,Chennai NSH,Thanjavur ICH,L2,Tamilnadu Circle,614628,614628
1,Chennai NSH,Thanjavur ICH,L2,Tamilnadu Circle,614701,614701
1,Chennai NSH,Thanjavur ICH,L2,Tamilnadu Circle,614723,614723
1,Chennai NSH,Thanjavur ICH,L2,Tamilnadu Circle,614802,614804
1,Chennai NSH,Thanjavur ICH,L2,Tamilnadu Circle,614901,614906
1,Chennai NSH,Mayiladuturai ICH,L2,Tamilnadu Circle,609001,609001
1,Chennai NSH,Mayiladuturai ICH,L2,Tamilnadu Circle,609003,609003
1,Chennai NSH,Mayiladuturai ICH,L2,Tamilnadu Circle,609101,609118
1,Chennai NSH,Mayiladuturai ICH,L2,Tamilnadu Circle,609201,609205
1,Chennai NSH,Mayiladuturai ICH,L2,Tamilnadu Circle,609301,609314
1,Chennai NSH,Mayiladuturai ICH,L2,Tamilnadu Circle,609401,609405
1,Chennai NSH,Mayiladuturai ICH,L2,Tamilnadu Circle,609501,609504
1,Chennai NSH,Mayiladuturai ICH,L2,Tamilnadu Circle,609601,609609
1,Chennai NSH,Mayiladuturai ICH,L2,Tamilnadu Circle,609701,609704
1,Chennai NSH,Mayiladuturai ICH,L2,Tamilnadu Circle,609801,609808
1,Chennai NSH,Mayiladuturai ICH,L2,Tamilnadu Circle,609810,609811
1,Chennai NSH,Mayiladuturai ICH,L2,Tamilnadu Circle,610001,610001
1,Chennai NSH,Mayiladuturai ICH,L2,Tamilnadu Circle,610003,610005
1,Chennai NSH,Mayiladuturai ICH,L2,Tamilnadu Circle,610101,610107
1,Chennai NSH,Mayiladuturai ICH,L2,Tamilnadu Circle,610109,610109
1,Chennai NSH,Mayiladuturai ICH,L2,Tamilnadu Circle,610201,610207
1,Chennai NSH,Mayiladuturai ICH,L2,Tamilnadu Circle,611001,611003
1,Chennai NSH,Mayiladuturai ICH,L2,Tamilnadu Circle,611101,611106
1,Chennai NSH,Mayiladuturai ICH,L2,Tamilnadu Circle,611108,611112
1,Chennai NSH,Mayiladuturai ICH,L2,Tamilnadu Circle,614702,614708
1,Chennai NSH,Mayiladuturai ICH,L2,Tamilnadu Circle,614710,614717
1,Chennai NSH,Mayiladuturai ICH,L2,Tamilnadu Circle,614738,614738
1,Chennai NSH,Mayiladuturai ICH,L2,Tamilnadu Circle,614806,614810
1,Chennai NSH,Mayiladuturai ICH,L2,Tamilnadu Circle,613704,613704
1,Chennai NSH,Port Blair ICH,L2,Tamilnadu Circle,744101,744102
1,Chennai NSH,Port Blair ICH,L2,Tamilnadu Circle,744103,744103
1,Chennai NSH,Port Blair ICH,L2,Tamilnadu Circle,744104,744104
1,Chennai NSH,Port Blair ICH,L2,Tamilnadu Circle,744105,744105
1,Chennai NSH,Port Blair ICH,L2,Tamilnadu Circle,744106,744106
1,Chennai NSH,Port Blair ICH,L2,Tamilnadu Circle,744107,744107
1,Chennai NSH,Port Blair ICH,L2,Tamilnadu Circle,744112,744112
1,Chennai NSH,Port Blair ICH,L2,Tamilnadu Circle,744201,744207
1,Chennai NSH,Port Blair ICH,L2,Tamilnadu Circle,744209,744211
1,Chennai NSH,Port Blair ICH,L2,Tamilnadu Circle,744301,744304
1,Hyderabad NSH,Hyderabad NSH,L1,Telangana Circle,500001,500118
1,Hyderabad NSH,Hyderabad NSH,L1,Telangana Circle,501101,501203
1,Hyderabad NSH,Hyderabad NSH,L1,Telangana Circle,501218,501401
1,Hyderabad NSH,Hyderabad NSH,L1,Telangana Circle,501501,501503
1,Hyderabad NSH,Hyderabad NSH,L1,Telangana Circle,501504,501513
1,Hyderabad NSH,Hyderabad NSH,L1,Telangana Circle,502001,502001
1,Hyderabad NSH,Hyderabad NSH,L1,Telangana Circle,502032,502034
1,Hyderabad NSH,Hyderabad NSH,L1,Telangana Circle,502101,502281
1,Hyderabad NSH,Hyderabad NSH,L1,Telangana Circle,502284,502284
1,Hyderabad NSH,Hyderabad NSH,L1,Telangana Circle,502285,502306
1,Hyderabad NSH,Hyderabad NSH,L1,Telangana Circle,502307,502307
1,Hyderabad NSH,Hyderabad NSH,L1,Telangana Circle,502310,502318
1,Hyderabad NSH,Hyderabad NSH,L1,Telangana Circle,502319,502319
1,Hyderabad NSH,Hyderabad NSH,L1,Telangana Circle,502321,502321
1,Hyderabad NSH,Hyderabad NSH,L1,Telangana Circle,502324,502329
1,Hyderabad NSH,Hyderabad NSH,L1,Telangana Circle,502331,502381
1,Hyderabad NSH,ICH Nizamabad,L2,Telangana Circle,503001,503003
1,Hyderabad NSH,ICH Nizamabad,L2,Telangana Circle,503101,503322
1,Hyderabad NSH,ICH Nalgonda,L2,Telangana Circle,508001,508004
1,Hyderabad NSH,ICH Nalgonda,L2,Telangana Circle,508005,508999
1,Hyderabad NSH,ICH Mahabubnagar,L2,Telangana Circle,509001,509002
1,Hyderabad NSH,ICH Mahabubnagar,L2,Telangana Circle,509101,509412
1,Hyderabad NSH,ICH Mancherial,L2,Telangana Circle,504001,504002
1,Hyderabad NSH,ICH Mancherial,L2,Telangana Circle,504101,504107
1,Hyderabad NSH,ICH Mancherial,L2,Telangana Circle,504109,504110
1,Hyderabad NSH,ICH Mancherial,L2,Telangana Circle,504201,504207
1,Hyderabad NSH,ICH Mancherial,L2,Telangana Circle,504208,504209
1,Hyderabad NSH,ICH Mancherial,L2,Telangana Circle,504214,504216
1,Hyderabad NSH,ICH Mancherial,L2,Telangana Circle,504218,504220
1,Hyderabad NSH,ICH Mancherial,L2,Telangana Circle,504231,504231
1,Hyderabad NSH,ICH Mancherial,L2,Telangana Circle,504251,504251
1,Hyderabad NSH,ICH Mancherial,L2,Telangana Circle,504272,504273
1,Hyderabad NSH,ICH Mancherial,L2,Telangana Circle,504292,504297
1,Hyderabad NSH,ICH Mancherial,L2,Telangana Circle,504299,504299
1,Hyderabad NSH,ICH Mancherial,L2,Telangana Circle,504301,504304
1,Hyderabad NSH,ICH Mancherial,L2,Telangana Circle,504306,504313
1,Hyderabad NSH,ICH Mancherial,L2,Telangana Circle,504323,504323
1,Hyderabad NSH,ICH Mancherial,L2,Telangana Circle,504346,504346
1,Hyderabad NSH,ICH Karimnagar,L2,Telangana Circle,505001,505002
1,Hyderabad NSH,ICH Karimnagar,L2,Telangana Circle,505101,505532
1,Hyderabad NSH,ICH Khammam,L2,Telangana Circle,507001,507003
1,Hyderabad NSH,ICH Khammam,L2,Telangana Circle,507101,507999
1,Hyderabad NSH,ICH Warangal,L2,Telangana Circle,506001,506009
1,Hyderabad NSH,ICH Warangal,L2,Telangana Circle,506011,506011
1,Hyderabad NSH,ICH Warangal,L2,Telangana Circle,506013,506013
1,Hyderabad NSH,ICH Warangal,L2,Telangana Circle,506015,506015
1,Hyderabad NSH,ICH Warangal,L2,Telangana Circle,506101,506105
1,Hyderabad NSH,ICH Warangal,L2,Telangana Circle,506112,506112
1,Hyderabad NSH,ICH Warangal,L2,Telangana Circle,506122,506122
1,Hyderabad NSH,ICH Warangal,L2,Telangana Circle,506132,506132
1,Hyderabad NSH,ICH Warangal,L2,Telangana Circle,506134,506135
1,Hyderabad NSH,ICH Warangal,L2,Telangana Circle,506142,506146
1,Hyderabad NSH,ICH Warangal,L2,Telangana Circle,506151,506151
1,Hyderabad NSH,ICH Warangal,L2,Telangana Circle,506163,506170
1,Hyderabad NSH,ICH Warangal,L2,Telangana Circle,506172,506172
1,Hyderabad NSH,ICH Warangal,L2,Telangana Circle,506175,506175
1,Hyderabad NSH,ICH Warangal,L2,Telangana Circle,506201,506201
1,Hyderabad NSH,ICH Warangal,L2,Telangana Circle,506221,506224
1,Hyderabad NSH,ICH Warangal,L2,Telangana Circle,506244,506244
1,Hyderabad NSH,ICH Warangal,L2,Telangana Circle,506252,506252
1,Hyderabad NSH,ICH Warangal,L2,Telangana Circle,506301,506303
1,Hyderabad NSH,ICH Warangal,L2,Telangana Circle,506310,506310
1,Hyderabad NSH,ICH Warangal,L2,Telangana Circle,506313,506319
1,Hyderabad NSH,ICH Warangal,L2,Telangana Circle,506324,506325
1,Hyderabad NSH,ICH Warangal,L2,Telangana Circle,506329,506333
1,Hyderabad NSH,ICH Warangal,L2,Telangana Circle,506342,506345
1,Hyderabad NSH,ICH Warangal,L2,Telangana Circle,506347,506350
1,Hyderabad NSH,ICH Warangal,L2,Telangana Circle,506352,506352
1,Hyderabad NSH,ICH Warangal,L2,Telangana Circle,506355,506356
1,Hyderabad NSH,ICH Warangal,L2,Telangana Circle,506365,506371
1,Hyderabad NSH,ICH Warangal,L2,Telangana Circle,506381,506381
1,Hyderabad NSH,ICH Warangal,L2,Telangana Circle,506391,506391
1,Dehradun NSH,Dehradun NSH,L1,Uttarakhand Circle,248001,248199
1,Dehradun NSH,Dehradun NSH,L1,Uttarakhand Circle,249201,249300
1,Dehradun NSH,Dehradun NSH,L1,Uttarakhand Circle,249001,249001
1,Dehradun NSH,Dehradun NSH,L1,Uttarakhand Circle,249121,249123
1,Dehradun NSH,Dehradun NSH,L1,Uttarakhand Circle,249125,249132
1,Dehradun NSH,Dehradun NSH,L1,Uttarakhand Circle,249135,249135
1,Dehradun NSH,Dehradun NSH,L1,Uttarakhand Circle,249141,249141
1,Dehradun NSH,Dehradun NSH,L1,Uttarakhand Circle,249145,249146
1,Dehradun NSH,Dehradun NSH,L1,Uttarakhand Circle,249151,249152
1,Dehradun NSH,Dehradun NSH,L1,Uttarakhand Circle,249155,249155
1,Dehradun NSH,Dehradun NSH,L1,Uttarakhand Circle,249161,249161
1,Dehradun NSH,Dehradun NSH,L1,Uttarakhand Circle,249165,249165
1,Dehradun NSH,Dehradun NSH,L1,Uttarakhand Circle,249171,249171
1,Dehradun NSH,Dehradun NSH,L1,Uttarakhand Circle,249175,249175
1,Dehradun NSH,Dehradun NSH,L1,Uttarakhand Circle,249192,249195
1,Dehradun NSH,Dehradun NSH,L1,Uttarakhand Circle,249180,249181
1,Dehradun NSH,Dehradun NSH,L1,Uttarakhand Circle,249185,249186
1,Dehradun NSH,Dehradun NSH,L1,Uttarakhand Circle,249196,249196
1,Dehradun NSH,Dehradun NSH,L1,Uttarakhand Circle,249199,249199
1,Dehradun NSH,Pauri ICH,L2,Uttarakhand Circle,246001,246001
1,Dehradun NSH,Rudraprayag ICH,L2,Uttarakhand Circle,246141,246141
1,Dehradun NSH,Rudraprayag ICH,L2,Uttarakhand Circle,246171,246171
1,Dehradun NSH,Rudraprayag ICH,L2,Uttarakhand Circle,246401,246495
1,Dehradun NSH,Haridwar ICH,L2,Uttarakhand Circle,247656,247656
1,Dehradun NSH,Haridwar ICH,L2,Uttarakhand Circle,247661,247661
1,Dehradun NSH,Haridwar ICH,L2,Uttarakhand Circle,247663,247663
1,Dehradun NSH,Haridwar ICH,L2,Uttarakhand Circle,247664,247668
1,Dehradun NSH,Haridwar ICH,L2,Uttarakhand Circle,247670,247671
1,Dehradun NSH,Pauri ICH,L2,Uttarakhand Circle,249301,249306
1,Dehradun NSH,Haridwar ICH,L2,Uttarakhand Circle,249401,249405
1,Dehradun NSH,Haridwar ICH,L2,Uttarakhand Circle,249407,249408
1,Dehradun NSH,Haridwar ICH,L2,Uttarakhand Circle,249410,249411
1,Dehradun NSH,Pithoragarh ICH,L2,Uttarakhand Circle,262501,262502
1,Dehradun NSH,Pithoragarh ICH,L2,Uttarakhand Circle,262520,262534
1,Dehradun NSH,Pithoragarh ICH,L2,Uttarakhand Circle,262540,262540
1,Dehradun NSH,Pithoragarh ICH,L2,Uttarakhand Circle,262541,262547
1,Dehradun NSH,Pithoragarh ICH,L2,Uttarakhand Circle,262551,262555
1,Dehradun NSH,Pithoragarh ICH,L2,Uttarakhand Circle,262561,262561
1,Dehradun NSH,Pithoragarh ICH,L2,Uttarakhand Circle,262572,262572
1,Dehradun NSH,Pithoragarh ICH,L2,Uttarakhand Circle,262576,262576
1,Dehradun NSH,Pithoragarh ICH,L2,Uttarakhand Circle,262580,262580
1,Dehradun NSH,Almora ICH,L2,Uttarakhand Circle,263601,263601
1,Dehradun NSH,Almora ICH,L2,Uttarakhand Circle,263619,263626
1,Dehradun NSH,Almora ICH,L2,Uttarakhand Circle,263628,263643
1,Dehradun NSH,Almora ICH,L2,Uttarakhand Circle,263645,263646
1,Dehradun NSH,Almora ICH,L2,Uttarakhand Circle,263651,263653
1,Dehradun NSH,Almora ICH,L2,Uttarakhand Circle,263655,263656
1,Dehradun NSH,Almora ICH,L2,Uttarakhand Circle,263658,263661
1,Dehradun NSH,Almora ICH,L2,Uttarakhand Circle,263663,263665
1,Dehradun NSH,Almora ICH,L2,Uttarakhand Circle,263667,263667
1,Dehradun NSH,Almora ICH,L2,Uttarakhand Circle,263676,263676
1,Dehradun NSH,Almora ICH,L2,Uttarakhand Circle,263678,263680
1,Dehradun NSH,Rudrapur ICH,L2,Uttarakhand Circle,244712,244717
1,Dehradun NSH,Rudrapur ICH,L2,Uttarakhand Circle,262308,262311
1,Dehradun NSH,Rudrapur ICH,L2,Uttarakhand Circle,262401,262405
1,Dehradun NSH,Rudrapur ICH,L2,Uttarakhand Circle,263001,263001
1,Dehradun NSH,Rudrapur ICH,L2,Uttarakhand Circle,263126,263160
1,Dehradun NSH,Pauri ICH,L2,Uttarakhand Circle,246002,246131
1,Dehradun NSH,Pauri ICH,L2,Uttarakhand Circle,246142,246169
1,Dehradun NSH,Pauri ICH,L2,Uttarakhand Circle,246172,246285
1,Agra NSH,Agra NSH,L1,Uttar Pradesh Circle,282001,282010
1,Agra NSH,Agra NSH,L1,Uttar Pradesh Circle,283101,283105
1,Agra NSH,Agra NSH,L1,Uttar Pradesh Circle,283110,283115
1,Agra NSH,Agra NSH,L1,Uttar Pradesh Circle,283119,283119
1,Agra NSH,Agra NSH,L1,Uttar Pradesh Circle,283121,283126
1,Agra NSH,Agra NSH,L1,Uttar Pradesh Circle,283130,283130
1,Agra NSH,Agra NSH,L1,Uttar Pradesh Circle,283135,283136
1,Agra NSH,Agra NSH,L1,Uttar Pradesh Circle,283141,283142
1,Agra NSH,Agra NSH,L1,Uttar Pradesh Circle,283145,283145
1,Agra NSH,Agra NSH,L1,Uttar Pradesh Circle,283151,283152
1,Agra NSH,Agra NSH,L1,Uttar Pradesh Circle,283201,283207
1,Agra NSH,Agra NSH,L1,Uttar Pradesh Circle,281001,281001
1,Agra NSH,Agra NSH,L1,Uttar Pradesh Circle,281003,281006
1,Agra NSH,Agra NSH,L1,Uttar Pradesh Circle,281104,281104
1,Agra NSH,Agra NSH,L1,Uttar Pradesh Circle,281121,281121
1,Agra NSH,Agra NSH,L1,Uttar Pradesh Circle,281122,281123
1,Agra NSH,Agra NSH,L1,Uttar Pradesh Circle,281201,281206
1,Agra NSH,Agra NSH,L1,Uttar Pradesh Circle,281301,281308
1,Agra NSH,Agra NSH,L1,Uttar Pradesh Circle,281401,281406
1,Agra NSH,Agra NSH,L1,Uttar Pradesh Circle,281501,281502
1,Agra NSH,Agra NSH,L1,Uttar Pradesh Circle,281504,281504
1,Ghaziabad NSH,Ghaziabad NSH,L1,Uttar Pradesh Circle,201001,201003
1,Ghaziabad NSH,Ghaziabad NSH,L1,Uttar Pradesh Circle,201004,201007
1,Ghaziabad NSH,Ghaziabad NSH,L1,Uttar Pradesh Circle,201009,201009
1,Ghaziabad NSH,Ghaziabad NSH,L1,Uttar Pradesh Circle,201010,201012
1,Ghaziabad NSH,Ghaziabad NSH,L1,Uttar Pradesh Circle,201013,201013
1,Ghaziabad NSH,Ghaziabad NSH,L1,Uttar Pradesh Circle,201014,201022
1,Ghaziabad NSH,Ghaziabad NSH,L1,Uttar Pradesh Circle,201102,201103
1,Ghaziabad NSH,Ghaziabad NSH,L1,Uttar Pradesh Circle,201201,201201
1,Ghaziabad NSH,Ghaziabad NSH,L1,Uttar Pradesh Circle,201204,201204
1,Ghaziabad NSH,Ghaziabad NSH,L1,Uttar Pradesh Circle,201206,201206
1,Ghaziabad NSH,Ghaziabad NSH,L1,Uttar Pradesh Circle,245101,245101
1,Ghaziabad NSH,Ghaziabad NSH,L1,Uttar Pradesh Circle,245201,245201
1,Ghaziabad NSH,Ghaziabad NSH,L1,Uttar Pradesh Circle,245205,245205
1,Ghaziabad NSH,Ghaziabad NSH,L1,Uttar Pradesh Circle,245207,245208
1,Ghaziabad NSH,Ghaziabad NSH,L1,Uttar Pradesh Circle,245301,245301
1,Ghaziabad NSH,Ghaziabad NSH,L1,Uttar Pradesh Circle,245304,245304
1,Ghaziabad NSH,Ghaziabad NSH,L1,Uttar Pradesh Circle,201008,201008
1,Ghaziabad NSH,Ghaziabad NSH,L1,Uttar Pradesh Circle,201301,201307
1,Ghaziabad NSH,Ghaziabad NSH,L1,Uttar Pradesh Circle,203001,203002
1,Ghaziabad NSH,Ghaziabad NSH,L1,Uttar Pradesh Circle,203129,203129
1,Ghaziabad NSH,Ghaziabad NSH,L1,Uttar Pradesh Circle,203131,203132
1,Ghaziabad NSH,Ghaziabad NSH,L1,Uttar Pradesh Circle,201135,201135
1,Ghaziabad NSH,Ghaziabad NSH,L1,Uttar Pradesh Circle,203141,203141
1,Ghaziabad NSH,Ghaziabad NSH,L1,Uttar Pradesh Circle,203155,203155
1,Ghaziabad NSH,Ghaziabad NSH,L1,Uttar Pradesh Circle,203201,203203
1,Ghaziabad NSH,Ghaziabad NSH,L1,Uttar Pradesh Circle,203205,203207
1,Ghaziabad NSH,Ghaziabad NSH,L1,Uttar Pradesh Circle,203209,203209
1,Ghaziabad NSH,Ghaziabad NSH,L1,Uttar Pradesh Circle,203389,203405
1,Ghaziabad NSH,Ghaziabad NSH,L1,Uttar Pradesh Circle,203407,203409
1,Ghaziabad NSH,Ghaziabad NSH,L1,Uttar Pradesh Circle,203411,203413
1,Kanpur NSH,Kanpur NSH,L1,Uttar Pradesh Circle,208001,208017
1,Kanpur NSH,Kanpur NSH,L1,Uttar Pradesh Circle,208019,208027
1,Kanpur NSH,Kanpur NSH,L1,Uttar Pradesh Circle,209101,209101
1,Kanpur NSH,Kanpur NSH,L1,Uttar Pradesh Circle,209111,209112
1,Kanpur NSH,Kanpur NSH,L1,Uttar Pradesh Circle,209115,209115
1,Kanpur NSH,Kanpur NSH,L1,Uttar Pradesh Circle,209121,209121
1,Kanpur NSH,Kanpur NSH,L1,Uttar Pradesh Circle,209125,209125
1,Kanpur NSH,Kanpur NSH,L1,Uttar Pradesh Circle,209202,209206
1,Kanpur NSH,Kanpur NSH,L1,Uttar Pradesh Circle,209208,209210
1,Kanpur NSH,Kanpur NSH,L1,Uttar Pradesh Circle,209214,209214
1,Kanpur NSH,Kanpur NSH,L1,Uttar Pradesh Circle,209217,209217
1,Kanpur NSH,Kanpur NSH,L1,Uttar Pradesh Circle,209301,209308
1,Kanpur NSH,Kanpur NSH,L1,Uttar Pradesh Circle,209310,209312
1,Kanpur NSH,Kanpur NSH,L1,Uttar Pradesh Circle,209401,209402
1,Kanpur NSH,Kanpur NSH,L1,Uttar Pradesh Circle,209801,209801
1,Kanpur NSH,Kanpur NSH,L1,Uttar Pradesh Circle,209821,209821
1,Kanpur NSH,Kanpur NSH,L1,Uttar Pradesh Circle,209825,209825
1,Kanpur NSH,Kanpur NSH,L1,Uttar Pradesh Circle,209827,209827
1,Kanpur NSH,Kanpur NSH,L1,Uttar Pradesh Circle,209831,209831
1,Kanpur NSH,Kanpur NSH,L1,Uttar Pradesh Circle,209841,209841
1,Kanpur NSH,Kanpur NSH,L1,Uttar Pradesh Circle,209859,209871
1,Kanpur NSH,Kanpur NSH,L1,Uttar Pradesh Circle,209881,209881
1,Kanpur NSH,Kanpur NSH,L1,Uttar Pradesh Circle,212601,212601
1,Kanpur NSH,Kanpur NSH,L1,Uttar Pradesh Circle,212620,212622
1,Kanpur NSH,Kanpur NSH,L1,Uttar Pradesh Circle,212631,212631
1,Kanpur NSH,Kanpur NSH,L1,Uttar Pradesh Circle,212635,212635
1,Kanpur NSH,Kanpur NSH,L1,Uttar Pradesh Circle,212641,212641
1,Kanpur NSH,Kanpur NSH,L1,Uttar Pradesh Circle,212645,212645
1,Kanpur NSH,Kanpur NSH,L1,Uttar Pradesh Circle,212650,212659
1,Kanpur NSH,Kanpur NSH,L1,Uttar Pradesh Circle,212661,212661
1,Kanpur NSH,Kanpur NSH,L1,Uttar Pradesh Circle,212663,212665
1,Lucknow NSH,Lucknow NSH,L1,Uttar Pradesh Circle,226001,226027
1,Lucknow NSH,Lucknow NSH,L1,Uttar Pradesh Circle,226029,226031
1,Lucknow NSH,Lucknow NSH,L1,Uttar Pradesh Circle,226028,226028
1,Lucknow NSH,Lucknow NSH,L1,Uttar Pradesh Circle,226101,226104
1,Lucknow NSH,Lucknow NSH,L1,Uttar Pradesh Circle,226201,226203
1,Lucknow NSH,Lucknow NSH,L1,Uttar Pradesh Circle,226301,226303
1,Lucknow NSH,Lucknow NSH,L1,Uttar Pradesh Circle,226401,226401
1,Lucknow NSH,Lucknow NSH,L1,Uttar Pradesh Circle,226501,226501
1,Lucknow NSH,Lucknow NSH,L1,Uttar Pradesh Circle,228001,228001
1,Lucknow NSH,Lucknow NSH,L1,Uttar Pradesh Circle,227304,227304
1,Lucknow NSH,Lucknow NSH,L1,Uttar Pradesh Circle,227405,227409
1,Lucknow NSH,Lucknow NSH,L1,Uttar Pradesh Circle,227411,227413
1,Lucknow NSH,Lucknow NSH,L1,Uttar Pradesh Circle,227801,227801
1,Lucknow NSH,Lucknow NSH,L1,Uttar Pradesh Circle,227805,227809
1,Lucknow NSH,Lucknow NSH,L1,Uttar Pradesh Circle,227811,227817
1,Lucknow NSH,Lucknow NSH,L1,Uttar Pradesh Circle,222301,222303
1,Lucknow NSH,Lucknow NSH,L1,Uttar Pradesh Circle,228118,228121
1,Lucknow NSH,Lucknow NSH,L1,Uttar Pradesh Circle,228131,228133
1,Lucknow NSH,Lucknow NSH,L1,Uttar Pradesh Circle,228141,228142
1,Lucknow NSH,Lucknow NSH,L1,Uttar Pradesh Circle,228145,228145
1,Lucknow NSH,Lucknow NSH,L1,Uttar Pradesh Circle,228151,228151
1,Lucknow NSH,Lucknow NSH,L1,Uttar Pradesh Circle,228155,228155
1,Lucknow NSH,Lucknow NSH,L1,Uttar Pradesh Circle,228159,228159
1,Lucknow NSH,Lucknow NSH,L1,Uttar Pradesh Circle,228161,228161
1,Lucknow NSH,Lucknow NSH,L1,Uttar Pradesh Circle,228171,228172
1,Lucknow NSH,Lucknow NSH,L1,Uttar Pradesh Circle,225001,225001
1,Lucknow NSH,Lucknow NSH,L1,Uttar Pradesh Circle,225003,225003
1,Lucknow NSH,Lucknow NSH,L1,Uttar Pradesh Circle,225119,225126
1,Lucknow NSH,Lucknow NSH,L1,Uttar Pradesh Circle,225201,225208
1,Lucknow NSH,Lucknow NSH,L1,Uttar Pradesh Circle,225301,225306
1,Lucknow NSH,Lucknow NSH,L1,Uttar Pradesh Circle,225401,225401
1,Lucknow NSH,Lucknow NSH,L1,Uttar Pradesh Circle,225403,225405
1,Lucknow NSH,Lucknow NSH,L1,Uttar Pradesh Circle,225409,225409
1,Lucknow NSH,Lucknow NSH,L1,Uttar Pradesh Circle,225412,225416
1,Prayagraj NSH,Prayagraj NSH,L1,Uttar Pradesh Circle,211001,211099
1,Prayagraj NSH,Prayagraj NSH,L1,Uttar Pradesh Circle,212104,212120
1,Prayagraj NSH,Prayagraj NSH,L1,Uttar Pradesh Circle,212201,212220
1,Prayagraj NSH,Prayagraj NSH,L1,Uttar Pradesh Circle,212301,212310
1,Prayagraj NSH,Prayagraj NSH,L1,Uttar Pradesh Circle,212401,212410
1,Prayagraj NSH,Prayagraj NSH,L1,Uttar Pradesh Circle,212501,212510
1,Prayagraj NSH,Prayagraj NSH,L1,Uttar Pradesh Circle,221502,221508
1,Prayagraj NSH,Prayagraj NSH,L1,Uttar Pradesh Circle,229408,229413
1,Prayagraj NSH,Prayagraj NSH,L1,Uttar Pradesh Circle,230001,230599
1,Varanasi NSH,Varanasi NSH,L1,Uttar Pradesh Circle,221001,221002
1,Varanasi NSH,Varanasi NSH,L1,Uttar Pradesh Circle,221004,221005
1,Varanasi NSH,Varanasi NSH,L1,Uttar Pradesh Circle,221007,221007
1,Varanasi NSH,Varanasi NSH,L1,Uttar Pradesh Circle,221010,221010
1,Varanasi NSH,Varanasi NSH,L1,Uttar Pradesh Circle,221003,221003
1,Varanasi NSH,Varanasi NSH,L1,Uttar Pradesh Circle,221006,221006
1,Varanasi NSH,Varanasi NSH,L1,Uttar Pradesh Circle,221008,221009
1,Varanasi NSH,Varanasi NSH,L1,Uttar Pradesh Circle,221201,221210
1,Varanasi NSH,Varanasi NSH,L1,Uttar Pradesh Circle,221301,221314
1,Varanasi NSH,Varanasi NSH,L1,Uttar Pradesh Circle,221401,221410
1,Varanasi NSH,Varanasi NSH,L1,Uttar Pradesh Circle,232101,232120
1,Varanasi NSH,Varanasi NSH,L1,Uttar Pradesh Circle,275201,275205
1,Agra NSH,Aligarh ICH,L2,Uttar Pradesh Circle,202001,202002
1,Agra NSH,Aligarh ICH,L2,Uttar Pradesh Circle,202121,202143
1,Agra NSH,Aligarh ICH,L2,Uttar Pradesh Circle,202145,202145
1,Agra NSH,Aligarh ICH,L2,Uttar Pradesh Circle,202146,202146
1,Agra NSH,Aligarh ICH,L2,Uttar Pradesh Circle,202150,202150
1,Agra NSH,Aligarh ICH,L2,Uttar Pradesh Circle,202155,202155
1,Agra NSH,Aligarh ICH,L2,Uttar Pradesh Circle,202165,202165
1,Agra NSH,Aligarh ICH,L2,Uttar Pradesh Circle,202170,202170
1,Agra NSH,Aligarh ICH,L2,Uttar Pradesh Circle,202280,202282
1,Agra NSH,Aligarh ICH,L2,Uttar Pradesh Circle,204101,204102
1,Agra NSH,Aligarh ICH,L2,Uttar Pradesh Circle,204211,204216
1,Agra NSH,Aligarh ICH,L2,Uttar Pradesh Circle,204217,204217
1,Agra NSH,Jhansi ICH,L2,Uttar Pradesh Circle,284001,284003
1,Agra NSH,Jhansi ICH,L2,Uttar Pradesh Circle,284127,284128
1,Agra NSH,Jhansi ICH,L2,Uttar Pradesh Circle,284135,284135
1,Agra NSH,Jhansi ICH,L2,Uttar Pradesh Circle,284120,284126
1,Agra NSH,Jhansi ICH,L2,Uttar Pradesh Circle,284136,284136
1,Agra NSH,Jhansi ICH,L2,Uttar Pradesh Circle,284201,284206
1,Agra NSH,Jhansi ICH,L2,Uttar Pradesh Circle,284301,284306
1,Agra NSH,Jhansi ICH,L2,Uttar Pradesh Circle,284401,284406
1,Agra NSH,Jhansi ICH,L2,Uttar Pradesh Circle,284419,284419
1,Agra NSH,Jhansi ICH,L2,Uttar Pradesh Circle,284501,284501
1,Agra NSH,Jhansi ICH,L2,Uttar Pradesh Circle,285001,285001
1,Agra NSH,Jhansi ICH,L2,Uttar Pradesh Circle,285121,285130
1,Agra NSH,Jhansi ICH,L2,Uttar Pradesh Circle,285201,285206
1,Agra NSH,Jhansi ICH,L2,Uttar Pradesh Circle,285223,285223
1,Ghaziabad NSH,Meerut Cantt RMS ICH,L2,Uttar Pradesh Circle,245206,245206
1,Ghaziabad NSH,Meerut Cantt RMS ICH,L2,Uttar Pradesh Circle,250001,250005
1,Ghaziabad NSH,Meerut Cantt RMS ICH,L2,Uttar Pradesh Circle,250101,250101
1,Ghaziabad NSH,Meerut Cantt RMS ICH,L2,Uttar Pradesh Circle,250103,250104
1,Ghaziabad NSH,Meerut Cantt RMS ICH,L2,Uttar Pradesh Circle,250106,250106
1,Ghaziabad NSH,Meerut Cantt RMS ICH,L2,Uttar Pradesh Circle,250110,250110
1,Ghaziabad NSH,Meerut Cantt RMS ICH,L2,Uttar Pradesh Circle,250205,250205
1,Ghaziabad NSH,Meerut Cantt RMS ICH,L2,Uttar Pradesh Circle,250221,250223
1,Ghaziabad NSH,Meerut Cantt RMS ICH,L2,Uttar Pradesh Circle,250341,250342
1,Ghaziabad NSH,Meerut Cantt RMS ICH,L2,Uttar Pradesh Circle,250344,250345
1,Ghaziabad NSH,Meerut Cantt RMS ICH,L2,Uttar Pradesh Circle,250401,250402
1,Ghaziabad NSH,Meerut Cantt RMS ICH,L2,Uttar Pradesh Circle,250404,250404
1,Ghaziabad NSH,Meerut Cantt RMS ICH,L2,Uttar Pradesh Circle,250406,250406
1,Ghaziabad NSH,Meerut Cantt RMS ICH,L2,Uttar Pradesh Circle,250501,250502
1,Ghaziabad NSH,Meerut Cantt RMS ICH,L2,Uttar Pradesh Circle,250601,250601
1,Ghaziabad NSH,Meerut Cantt RMS ICH,L2,Uttar Pradesh Circle,250606,250606
1,Ghaziabad NSH,Meerut Cantt RMS ICH,L2,Uttar Pradesh Circle,250609,250609
1,Ghaziabad NSH,Meerut Cantt RMS ICH,L2,Uttar Pradesh Circle,250611,250611
1,Ghaziabad NSH,Meerut Cantt RMS ICH,L2,Uttar Pradesh Circle,250615,250626
1,Ghaziabad NSH,Muzaffarnagar ICH,L2,Uttar Pradesh Circle,251001,251002
1,Ghaziabad NSH,Muzaffarnagar ICH,L2,Uttar Pradesh Circle,251003,251003
1,Varanasi NSH,Varanasi NSH,L1,Uttar Pradesh Circle,232325,232341
1,Varanasi NSH,Varanasi NSH,L1,Uttar Pradesh Circle,233001,233002
1,Varanasi NSH,Varanasi NSH,L1,Uttar Pradesh Circle,233300,233311
1,Ghaziabad NSH,Muzaffarnagar ICH,L2,Uttar Pradesh Circle,251201,251203
1,Ghaziabad NSH,Muzaffarnagar ICH,L2,Uttar Pradesh Circle,251301,251301
1,Ghaziabad NSH,Muzaffarnagar ICH,L2,Uttar Pradesh Circle,251305,251311
1,Ghaziabad NSH,Muzaffarnagar ICH,L2,Uttar Pradesh Circle,251314,251320
1,Ghaziabad NSH,Muzaffarnagar ICH,L2,Uttar Pradesh Circle,251327,251327
1,Ghaziabad NSH,Najibabad ICH,L2,Uttar Pradesh Circle,247771,247778
1,Ghaziabad NSH,Najibabad ICH,L2,Uttar Pradesh Circle,246701,246701
1,Ghaziabad NSH,Najibabad ICH,L2,Uttar Pradesh Circle,246721,246729
1,Ghaziabad NSH,Najibabad ICH,L2,Uttar Pradesh Circle,246731,246737
1,Ghaziabad NSH,Najibabad ICH,L2,Uttar Pradesh Circle,246745,246747
1,Ghaziabad NSH,Najibabad ICH,L2,Uttar Pradesh Circle,246749,246749
1,Ghaziabad NSH,Najibabad ICH,L2,Uttar Pradesh Circle,246761,246762
1,Ghaziabad NSH,Najibabad ICH,L2,Uttar Pradesh Circle,246763,246763
1,Ghaziabad NSH,Najibabad ICH,L2,Uttar Pradesh Circle,246764,246764
1,Ghaziabad NSH,Saharanpur ICH,L2,Uttar Pradesh Circle,247001,247002
1,Ghaziabad NSH,Saharanpur ICH,L2,Uttar Pradesh Circle,247120,247122
1,Ghaziabad NSH,Saharanpur ICH,L2,Uttar Pradesh Circle,247129,247129
1,Ghaziabad NSH,Saharanpur ICH,L2,Uttar Pradesh Circle,247231,247232
1,Ghaziabad NSH,Saharanpur ICH,L2,Uttar Pradesh Circle,247340,247343
1,Ghaziabad NSH,Saharanpur ICH,L2,Uttar Pradesh Circle,247451,247453
1,Ghaziabad NSH,Saharanpur ICH,L2,Uttar Pradesh Circle,247551,247552
1,Ghaziabad NSH,Saharanpur ICH,L2,Uttar Pradesh Circle,247554,247554
1,Ghaziabad NSH,Saharanpur ICH,L2,Uttar Pradesh Circle,247662,247662
1,Ghaziabad NSH,Saharanpur ICH,L2,Uttar Pradesh Circle,247669,247669
1,Ghaziabad NSH,Moradabad ICH,L2,Uttar Pradesh Circle,244001,244105
1,Ghaziabad NSH,Moradabad ICH,L2,Uttar Pradesh Circle,244221,244223
1,Ghaziabad NSH,Moradabad ICH,L2,Uttar Pradesh Circle,244225,244225
1,Ghaziabad NSH,Moradabad ICH,L2,Uttar Pradesh Circle,244231,244231
1,Ghaziabad NSH,Moradabad ICH,L2,Uttar Pradesh Circle,244235,244236
1,Ghaziabad NSH,Moradabad ICH,L2,Uttar Pradesh Circle,244241,244242
1,Ghaziabad NSH,Moradabad ICH,L2,Uttar Pradesh Circle,244245,244245
1,Ghaziabad NSH,Moradabad ICH,L2,Uttar Pradesh Circle,244251,244251
1,Ghaziabad NSH,Moradabad ICH,L2,Uttar Pradesh Circle,244255,244255
1,Ghaziabad NSH,Moradabad ICH,L2,Uttar Pradesh Circle,244301,244304
1,Ghaziabad NSH,Moradabad ICH,L2,Uttar Pradesh Circle,244401,244402
1,Ghaziabad NSH,Moradabad ICH,L2,Uttar Pradesh Circle,244410,244415
1,Ghaziabad NSH,Moradabad ICH,L2,Uttar Pradesh Circle,244501,244501
1,Ghaziabad NSH,Moradabad ICH,L2,Uttar Pradesh Circle,244504,244504
1,Ghaziabad NSH,Moradabad ICH,L2,Uttar Pradesh Circle,244601,244602
1,Ghaziabad NSH,Moradabad ICH,L2,Uttar Pradesh Circle,244701,244701
1,Ghaziabad NSH,Moradabad ICH,L2,Uttar Pradesh Circle,244901,244901
1,Ghaziabad NSH,Moradabad ICH,L2,Uttar Pradesh Circle,244921,244928
1,Kanpur NSH,Etawah ICH,L2,Uttar Pradesh Circle,205001,205001
1,Kanpur NSH,Etawah ICH,L2,Uttar Pradesh Circle,205119,205119
1,Kanpur NSH,Etawah ICH,L2,Uttar Pradesh Circle,205121,205121
1,Kanpur NSH,Etawah ICH,L2,Uttar Pradesh Circle,205126,205126
1,Kanpur NSH,Etawah ICH,L2,Uttar Pradesh Circle,205130,205130
1,Kanpur NSH,Etawah ICH,L2,Uttar Pradesh Circle,205135,205135
1,Kanpur NSH,Etawah ICH,L2,Uttar Pradesh Circle,205141,205142
1,Kanpur NSH,Etawah ICH,L2,Uttar Pradesh Circle,205145,205145
1,Kanpur NSH,Etawah ICH,L2,Uttar Pradesh Circle,205147,205147
1,Kanpur NSH,Etawah ICH,L2,Uttar Pradesh Circle,205151,205151
1,Kanpur NSH,Etawah ICH,L2,Uttar Pradesh Circle,205247,205247
1,Kanpur NSH,Etawah ICH,L2,Uttar Pradesh Circle,205261,205265
1,Kanpur NSH,Etawah ICH,L2,Uttar Pradesh Circle,205267,205268
1,Kanpur NSH,Etawah ICH,L2,Uttar Pradesh Circle,205301,205301
1,Kanpur NSH,Etawah ICH,L2,Uttar Pradesh Circle,205302,205302
1,Kanpur NSH,Etawah ICH,L2,Uttar Pradesh Circle,205303,205304
1,Kanpur NSH,Etawah ICH,L2,Uttar Pradesh Circle,206001,206003
1,Kanpur NSH,Etawah ICH,L2,Uttar Pradesh Circle,206120,206131
1,Kanpur NSH,Etawah ICH,L2,Uttar Pradesh Circle,206151,206151
1,Kanpur NSH,Etawah ICH,L2,Uttar Pradesh Circle,206241,206251
1,Kanpur NSH,Etawah ICH,L2,Uttar Pradesh Circle,206252,206253
1,Kanpur NSH,Etawah ICH,L2,Uttar Pradesh Circle,206255,206255
1,Kanpur NSH,Farrukhabad ICH,L2,Uttar Pradesh Circle,209501,209505
1,Kanpur NSH,Farrukhabad ICH,L2,Uttar Pradesh Circle,209601,209602
1,Kanpur NSH,Farrukhabad ICH,L2,Uttar Pradesh Circle,209621,209622
1,Kanpur NSH,Farrukhabad ICH,L2,Uttar Pradesh Circle,209625,209625
1,Kanpur NSH,Farrukhabad ICH,L2,Uttar Pradesh Circle,209651,209652
1,Kanpur NSH,Farrukhabad ICH,L2,Uttar Pradesh Circle,209720,209729
1,Kanpur NSH,Farrukhabad ICH,L2,Uttar Pradesh Circle,209731,209736
1,Kanpur NSH,Farrukhabad ICH,L2,Uttar Pradesh Circle,209738,209739
1,Kanpur NSH,Farrukhabad ICH,L2,Uttar Pradesh Circle,209743,209743
1,Kanpur NSH,Farrukhabad ICH,L2,Uttar Pradesh Circle,209745,209745
1,Kanpur NSH,Farrukhabad ICH,L2,Uttar Pradesh Circle,209747,209747
1,Kanpur NSH,Farrukhabad ICH,L2,Uttar Pradesh Circle,209749,209749
1,Kanpur NSH,Banda ICH,L2,Uttar Pradesh Circle,210001,210001
1,Kanpur NSH,Banda ICH,L2,Uttar Pradesh Circle,210120,210122
1,Kanpur NSH,Banda ICH,L2,Uttar Pradesh Circle,210123,210123
1,Kanpur NSH,Banda ICH,L2,Uttar Pradesh Circle,210125,210126
1,Kanpur NSH,Banda ICH,L2,Uttar Pradesh Circle,210128,210129
1,Kanpur NSH,Banda ICH,L2,Uttar Pradesh Circle,210201,210203
1,Kanpur NSH,Banda ICH,L2,Uttar Pradesh Circle,210204,210209
1,Kanpur NSH,Banda ICH,L2,Uttar Pradesh Circle,210301,210301
1,Kanpur NSH,Banda ICH,L2,Uttar Pradesh Circle,210341,210341
1,Kanpur NSH,Banda ICH,L2,Uttar Pradesh Circle,210421,210433
1,Kanpur NSH,Banda ICH,L2,Uttar Pradesh Circle,210501,210502
1,Kanpur NSH,Banda ICH,L2,Uttar Pradesh Circle,210504,210507
1,Lucknow NSH,Ayodhya ICH,L2,Uttar Pradesh Circle,224001,224001
1,Lucknow NSH,Ayodhya ICH,L2,Uttar Pradesh Circle,224116,224123
1,Lucknow NSH,Ayodhya ICH,L2,Uttar Pradesh Circle,224125,224127
1,Lucknow NSH,Ayodhya ICH,L2,Uttar Pradesh Circle,224129,224129
1,Lucknow NSH,Ayodhya ICH,L2,Uttar Pradesh Circle,224132,224133
1,Lucknow NSH,Ayodhya ICH,L2,Uttar Pradesh Circle,224135,224135
1,Lucknow NSH,Ayodhya ICH,L2,Uttar Pradesh Circle,224137,224139
1,Lucknow NSH,Ayodhya ICH,L2,Uttar Pradesh Circle,224141,224141
1,Lucknow NSH,Ayodhya ICH,L2,Uttar Pradesh Circle,224143,224143
1,Lucknow NSH,Ayodhya ICH,L2,Uttar Pradesh Circle,224145,224147
1,Lucknow NSH,Ayodhya ICH,L2,Uttar Pradesh Circle,224149,224149
1,Lucknow NSH,Ayodhya ICH,L2,Uttar Pradesh Circle,224151,224153
1,Lucknow NSH,Ayodhya ICH,L2,Uttar Pradesh Circle,224155,224155
1,Lucknow NSH,Ayodhya ICH,L2,Uttar Pradesh Circle,224157,224159
1,Lucknow NSH,Ayodhya ICH,L2,Uttar Pradesh Circle,224161,224161
1,Lucknow NSH,Ayodhya ICH,L2,Uttar Pradesh Circle,224164,224164
1,Lucknow NSH,Ayodhya ICH,L2,Uttar Pradesh Circle,224168,224168
1,Lucknow NSH,Ayodhya ICH,L2,Uttar Pradesh Circle,224171,224172
1,Lucknow NSH,Ayodhya ICH,L2,Uttar Pradesh Circle,224176,224176
1,Lucknow NSH,Ayodhya ICH,L2,Uttar Pradesh Circle,224181,224183
1,Lucknow NSH,Ayodhya ICH,L2,Uttar Pradesh Circle,224186,224186
1,Lucknow NSH,Ayodhya ICH,L2,Uttar Pradesh Circle,224188,224190
1,Lucknow NSH,Ayodhya ICH,L2,Uttar Pradesh Circle,224195,224195
1,Lucknow NSH,Ayodhya ICH,L2,Uttar Pradesh Circle,224201,224210
1,Lucknow NSH,Ayodhya ICH,L2,Uttar Pradesh Circle,224225,224225
1,Lucknow NSH,Ayodhya ICH,L2,Uttar Pradesh Circle,224227,224232
1,Lucknow NSH,Ayodhya ICH,L2,Uttar Pradesh Circle,224234,224235
1,Lucknow NSH,Ayodhya ICH,L2,Uttar Pradesh Circle,224284,224284
1,Lucknow NSH,Raebareli ICH,L2,Uttar Pradesh Circle,229001,229001
1,Lucknow NSH,Raebareli ICH,L2,Uttar Pradesh Circle,229010,229010
1,Lucknow NSH,Raebareli ICH,L2,Uttar Pradesh Circle,229103,229103
1,Lucknow NSH,Raebareli ICH,L2,Uttar Pradesh Circle,229120,229120
1,Lucknow NSH,Raebareli ICH,L2,Uttar Pradesh Circle,229121,229130
1,Lucknow NSH,Raebareli ICH,L2,Uttar Pradesh Circle,229135,229135
1,Lucknow NSH,Raebareli ICH,L2,Uttar Pradesh Circle,229201,229212
1,Lucknow NSH,Raebareli ICH,L2,Uttar Pradesh Circle,229215,229216
1,Lucknow NSH,Raebareli ICH,L2,Uttar Pradesh Circle,229301,229311
1,Lucknow NSH,Raebareli ICH,L2,Uttar Pradesh Circle,229316,229316
1,Lucknow NSH,Raebareli ICH,L2,Uttar Pradesh Circle,229401,229406
1,Lucknow NSH,Raebareli ICH,L2,Uttar Pradesh Circle,229801,229802
1,Lucknow NSH,Kheri ICH,L2,Uttar Pradesh Circle,261001,261001
1,Lucknow NSH,Kheri ICH,L2,Uttar Pradesh Circle,261121,261121
1,Lucknow NSH,Kheri ICH,L2,Uttar Pradesh Circle,261125,261125
1,Lucknow NSH,Kheri ICH,L2,Uttar Pradesh Circle,261131,261131
1,Lucknow NSH,Kheri ICH,L2,Uttar Pradesh Circle,261135,261136
1,Lucknow NSH,Kheri ICH,L2,Uttar Pradesh Circle,261141,261141
1,Lucknow NSH,Kheri ICH,L2,Uttar Pradesh Circle,261145,261145
1,Lucknow NSH,Kheri ICH,L2,Uttar Pradesh Circle,261151,261151
1,Lucknow NSH,Kheri ICH,L2,Uttar Pradesh Circle,261201,261208
1,Lucknow NSH,Kheri ICH,L2,Uttar Pradesh Circle,261401,261405
1,Lucknow NSH,Kheri ICH,L2,Uttar Pradesh Circle,261501,261502
1,Lucknow NSH,Kheri ICH,L2,Uttar Pradesh Circle,261505,261506
1,Lucknow NSH,Kheri ICH,L2,Uttar Pradesh Circle,262701,262701
1,Lucknow NSH,Kheri ICH,L2,Uttar Pradesh Circle,262702,262702
1,Lucknow NSH,Kheri ICH,L2,Uttar Pradesh Circle,262721,262728
1,Lucknow NSH,Kheri ICH,L2,Uttar Pradesh Circle,262801,262805
1,Lucknow NSH,Kheri ICH,L2,Uttar Pradesh Circle,262901,262908
1,Lucknow NSH,Shahjahanpur ICH,L2,Uttar Pradesh Circle,242001,242001
1,Lucknow NSH,Shahjahanpur ICH,L2,Uttar Pradesh Circle,242042,242042
1,Lucknow NSH,Shahjahanpur ICH,L2,Uttar Pradesh Circle,242123,242123
1,Lucknow NSH,Shahjahanpur ICH,L2,Uttar Pradesh Circle,242127,242127
1,Lucknow NSH,Shahjahanpur ICH,L2,Uttar Pradesh Circle,242220,242221
1,Lucknow NSH,Shahjahanpur ICH,L2,Uttar Pradesh Circle,242223,242223
1,Lucknow NSH,Shahjahanpur ICH,L2,Uttar Pradesh Circle,242226,242226
1,Lucknow NSH,Shahjahanpur ICH,L2,Uttar Pradesh Circle,242301,242301
1,Lucknow NSH,Shahjahanpur ICH,L2,Uttar Pradesh Circle,242303,242303
1,Lucknow NSH,Shahjahanpur ICH,L2,Uttar Pradesh Circle,242305,242307
1,Lucknow NSH,Shahjahanpur ICH,L2,Uttar Pradesh Circle,242401,242401
1,Lucknow NSH,Shahjahanpur ICH,L2,Uttar Pradesh Circle,242405,242407
1,Lucknow NSH,Shahjahanpur ICH,L2,Uttar Pradesh Circle,241001,241001
1,Lucknow NSH,Shahjahanpur ICH,L2,Uttar Pradesh Circle,241121,241127
1,Lucknow NSH,Shahjahanpur ICH,L2,Uttar Pradesh Circle,241201,241204
1,Lucknow NSH,Shahjahanpur ICH,L2,Uttar Pradesh Circle,241301,241305
1,Lucknow NSH,Kasganj Rms ICH,L2,Uttar Pradesh Circle,207001,207003
1,Lucknow NSH,Kasganj Rms ICH,L2,Uttar Pradesh Circle,207120,207125
1,Lucknow NSH,Kasganj Rms ICH,L2,Uttar Pradesh Circle,207241,207250
1,Lucknow NSH,Kasganj Rms ICH,L2,Uttar Pradesh Circle,207301,207302
1,Lucknow NSH,Kasganj Rms ICH,L2,Uttar Pradesh Circle,207401,207403
1,Lucknow NSH,Bareilly ICH,L2,Uttar Pradesh Circle,243001,243006
1,Lucknow NSH,Bareilly ICH,L2,Uttar Pradesh Circle,243122,243123
1,Lucknow NSH,Bareilly ICH,L2,Uttar Pradesh Circle,243126,243126
1,Lucknow NSH,Bareilly ICH,L2,Uttar Pradesh Circle,243201,243203
1,Lucknow NSH,Bareilly ICH,L2,Uttar Pradesh Circle,243301,243303
1,Lucknow NSH,Bareilly ICH,L2,Uttar Pradesh Circle,243401,243403
1,Lucknow NSH,Bareilly ICH,L2,Uttar Pradesh Circle,243407,243407
1,Lucknow NSH,Bareilly ICH,L2,Uttar Pradesh Circle,243501,243506
1,Lucknow NSH,Bareilly ICH,L2,Uttar Pradesh Circle,262406,262406
1,Lucknow NSH,Bareilly ICH,L2,Uttar Pradesh Circle,262001,262001
1,Lucknow NSH,Bareilly ICH,L2,Uttar Pradesh Circle,262121,262124
1,Lucknow NSH,Bareilly ICH,L2,Uttar Pradesh Circle,262201,262203
1,Lucknow NSH,Bareilly ICH,L2,Uttar Pradesh Circle,262302,262302
1,Lucknow NSH,Bareilly ICH,L2,Uttar Pradesh Circle,262305,262305
1,Lucknow NSH,Bareilly ICH,L2,Uttar Pradesh Circle,243601,243601
1,Lucknow NSH,Bareilly ICH,L2,Uttar Pradesh Circle,243630,243639
1,Lucknow NSH,Bareilly ICH,L2,Uttar Pradesh Circle,243641,243641
1,Lucknow NSH,Bareilly ICH,L2,Uttar Pradesh Circle,243720,243720
1,Lucknow NSH,Bareilly ICH,L2,Uttar Pradesh Circle,243722,243727
1,Lucknow NSH,Bareilly ICH,L2,Uttar Pradesh Circle,243751,243751
1,Lucknow NSH,Gonda ICH,L2,Uttar Pradesh Circle,271001,271003
1,Lucknow NSH,Gonda ICH,L2,Uttar Pradesh Circle,271122,271126
1,Lucknow NSH,Gonda ICH,L2,Uttar Pradesh Circle,271129,271129
1,Lucknow NSH,Gonda ICH,L2,Uttar Pradesh Circle,271201,271206
1,Lucknow NSH,Gonda ICH,L2,Uttar Pradesh Circle,271207,271210
1,Lucknow NSH,Gonda ICH,L2,Uttar Pradesh Circle,271212,271215
1,Lucknow NSH,Gonda ICH,L2,Uttar Pradesh Circle,271301,271311
1,Lucknow NSH,Gonda ICH,L2,Uttar Pradesh Circle,271312,271313
1,Lucknow NSH,Gonda ICH,L2,Uttar Pradesh Circle,271319,271319
1,Lucknow NSH,Gonda ICH,L2,Uttar Pradesh Circle,271401,271403
1,Lucknow NSH,Gonda ICH,L2,Uttar Pradesh Circle,271502,271504
1,Lucknow NSH,Gonda ICH,L2,Uttar Pradesh Circle,271601,271602
1,Lucknow NSH,Gonda ICH,L2,Uttar Pradesh Circle,271603,271604
1,Lucknow NSH,Gonda ICH,L2,Uttar Pradesh Circle,271607,271607
1,Lucknow NSH,Gonda ICH,L2,Uttar Pradesh Circle,271609,271609
1,Lucknow NSH,Gonda ICH,L2,Uttar Pradesh Circle,271801,271804
1,Lucknow NSH,Gonda ICH,L2,Uttar Pradesh Circle,271805,271806
1,Lucknow NSH,Gonda ICH,L2,Uttar Pradesh Circle,271821,271821
1,Lucknow NSH,Gonda ICH,L2,Uttar Pradesh Circle,271824,271825
1,Lucknow NSH,Gonda ICH,L2,Uttar Pradesh Circle,271830,271831
1,Lucknow NSH,Gonda ICH,L2,Uttar Pradesh Circle,271835,271835
1,Lucknow NSH,Gonda ICH,L2,Uttar Pradesh Circle,271840,271841
1,Lucknow NSH,Gonda ICH,L2,Uttar Pradesh Circle,271845,271845
1,Lucknow NSH,Gonda ICH,L2,Uttar Pradesh Circle,271851,271851
1,Lucknow NSH,Gonda ICH,L2,Uttar Pradesh Circle,271855,271855
1,Lucknow NSH,Gonda ICH,L2,Uttar Pradesh Circle,271861,271861
1,Lucknow NSH,Gonda ICH,L2,Uttar Pradesh Circle,271865,271865
1,Lucknow NSH,Gonda ICH,L2,Uttar Pradesh Circle,271870,271872
1,Lucknow NSH,Gonda ICH,L2,Uttar Pradesh Circle,271875,271875
1,Lucknow NSH,Gonda ICH,L2,Uttar Pradesh Circle,271881,271882
1,Lucknow NSH,Gonda ICH,L2,Uttar Pradesh Circle,271885,271885
1,Lucknow NSH,Gonda ICH,L2,Uttar Pradesh Circle,271901,271904
1,Lucknow NSH,Basti ICH,L2,Uttar Pradesh Circle,272001,272002
1,Lucknow NSH,Basti ICH,L2,Uttar Pradesh Circle,272123,272131
1,Lucknow NSH,Basti ICH,L2,Uttar Pradesh Circle,272148,272148
1,Lucknow NSH,Basti ICH,L2,Uttar Pradesh Circle,272150,272155
1,Lucknow NSH,Basti ICH,L2,Uttar Pradesh Circle,272161,272165
1,Lucknow NSH,Basti ICH,L2,Uttar Pradesh Circle,272171,272173
1,Lucknow NSH,Basti ICH,L2,Uttar Pradesh Circle,272175,272178
1,Lucknow NSH,Basti ICH,L2,Uttar Pradesh Circle,272181,272182
1,Lucknow NSH,Basti ICH,L2,Uttar Pradesh Circle,272189,272195
1,Lucknow NSH,Basti ICH,L2,Uttar Pradesh Circle,272199,272199
1,Lucknow NSH,Basti ICH,L2,Uttar Pradesh Circle,272201,272208
1,Lucknow NSH,Basti ICH,L2,Uttar Pradesh Circle,272270,272271
1,Lucknow NSH,Basti ICH,L2,Uttar Pradesh Circle,272301,272302
1,Lucknow NSH,Gorakhpur ICH,L2,Uttar Pradesh Circle,273001,273017
1,Lucknow NSH,Gorakhpur ICH,L2,Uttar Pradesh Circle,273151,273152
1,Lucknow NSH,Gorakhpur ICH,L2,Uttar Pradesh Circle,273157,273165
1,Lucknow NSH,Gorakhpur ICH,L2,Uttar Pradesh Circle,273201,273203
1,Lucknow NSH,Gorakhpur ICH,L2,Uttar Pradesh Circle,273207,273207
1,Lucknow NSH,Gorakhpur ICH,L2,Uttar Pradesh Circle,273209,273209
1,Lucknow NSH,Gorakhpur ICH,L2,Uttar Pradesh Circle,273211,273213
1,Lucknow NSH,Gorakhpur ICH,L2,Uttar Pradesh Circle,273301,273312
1,Lucknow NSH,Gorakhpur ICH,L2,Uttar Pradesh Circle,273401,273413
1,Lucknow NSH,Gorakhpur ICH,L2,Uttar Pradesh Circle,274001,274001
1,Lucknow NSH,Gorakhpur ICH,L2,Uttar Pradesh Circle,274149,274149
1,Lucknow NSH,Gorakhpur ICH,L2,Uttar Pradesh Circle,274182,274182
1,Lucknow NSH,Gorakhpur ICH,L2,Uttar Pradesh Circle,274201,274208
1,Lucknow NSH,Gorakhpur ICH,L2,Uttar Pradesh Circle,274301,274309
1,Lucknow NSH,Gorakhpur ICH,L2,Uttar Pradesh Circle,274401,274409
1,Lucknow NSH,Gorakhpur ICH,L2,Uttar Pradesh Circle,274501,274509
1,Lucknow NSH,Gorakhpur ICH,L2,Uttar Pradesh Circle,274601,274604
1,Lucknow NSH,Gorakhpur ICH,L2,Uttar Pradesh Circle,274701,274705
1,Lucknow NSH,Gorakhpur ICH,L2,Uttar Pradesh Circle,274801,274808
1,Prayagraj NSH,Mirzapur ICH,L2,Uttar Pradesh Circle,231001,231001
1,Prayagraj NSH,Mirzapur ICH,L2,Uttar Pradesh Circle,231205,231213
1,Prayagraj NSH,Mirzapur ICH,L2,Uttar Pradesh Circle,231215,231226
1,Prayagraj NSH,Mirzapur ICH,L2,Uttar Pradesh Circle,231301,231307
1,Prayagraj NSH,Mirzapur ICH,L2,Uttar Pradesh Circle,231308,231309
1,Prayagraj NSH,Mirzapur ICH,L2,Uttar Pradesh Circle,231310,231314
1,Prayagraj NSH,Mirzapur ICH,L2,Uttar Pradesh Circle,231501,231501
1,Varanasi NSH,Jaunpur ICH,L2,Uttar Pradesh Circle,222105,222181
1,Varanasi NSH,Jaunpur ICH,L2,Uttar Pradesh Circle,223101,223105
1,Varanasi NSH,Mau ICH,L2,Uttar Pradesh Circle,221601,221603
1,Varanasi NSH,Mau ICH,L2,Uttar Pradesh Circle,221701,221701
1,Varanasi NSH,Mau ICH,L2,Uttar Pradesh Circle,221705,221706
1,Varanasi NSH,Mau ICH,L2,Uttar Pradesh Circle,221709,221709
1,Varanasi NSH,Mau ICH,L2,Uttar Pradesh Circle,221711,221713
1,Varanasi NSH,Mau ICH,L2,Uttar Pradesh Circle,221715,221718
1,Varanasi NSH,Mau ICH,L2,Uttar Pradesh Circle,223221,223227
1,Varanasi NSH,Mau ICH,L2,Uttar Pradesh Circle,275101,275101
1,Varanasi NSH,Jaunpur ICH,L2,Uttar Pradesh Circle,222001,222004
1,Varanasi NSH,Jaunpur ICH,L2,Uttar Pradesh Circle,222201,222205
1,Varanasi NSH,Mau ICH,L2,Uttar Pradesh Circle,275102,275103
1,Varanasi NSH,Mau ICH,L2,Uttar Pradesh Circle,275105,275105
1,Varanasi NSH,Mau ICH,L2,Uttar Pradesh Circle,275301,275307
1,Varanasi NSH,Mau ICH,L2,Uttar Pradesh Circle,276001,276001
1,Varanasi NSH,Mau ICH,L2,Uttar Pradesh Circle,276121,276129
1,Varanasi NSH,Mau ICH,L2,Uttar Pradesh Circle,276131,276131
1,Varanasi NSH,Mau ICH,L2,Uttar Pradesh Circle,276135,276143
1,Varanasi NSH,Mau ICH,L2,Uttar Pradesh Circle,276201,276208
1,Varanasi NSH,Mau ICH,L2,Uttar Pradesh Circle,276288,276288
1,Varanasi NSH,Mau ICH,L2,Uttar Pradesh Circle,276402,276403
1,Varanasi NSH,Mau ICH,L2,Uttar Pradesh Circle,276404,276406
1,Varanasi NSH,Mau ICH,L2,Uttar Pradesh Circle,277001,277001
1,Varanasi NSH,Mau ICH,L2,Uttar Pradesh Circle,277121,277121
1,Varanasi NSH,Mau ICH,L2,Uttar Pradesh Circle,277123,277124
1,Varanasi NSH,Mau ICH,L2,Uttar Pradesh Circle,277201,277205
1,Varanasi NSH,Mau ICH,L2,Uttar Pradesh Circle,277207,277211
1,Varanasi NSH,Mau ICH,L2,Uttar Pradesh Circle,277213,277214
1,Varanasi NSH,Mau ICH,L2,Uttar Pradesh Circle,277216,277216
1,Varanasi NSH,Mau ICH,L2,Uttar Pradesh Circle,277219,277219
1,Varanasi NSH,Mau ICH,L2,Uttar Pradesh Circle,277301,277304
1,Varanasi NSH,Mau ICH,L2,Uttar Pradesh Circle,277401,277403
1,Varanasi NSH,Mau ICH,L2,Uttar Pradesh Circle,277501,277503
1,Varanasi NSH,Mau ICH,L2,Uttar Pradesh Circle,277504,277504
1,Varanasi NSH,Mau ICH,L2,Uttar Pradesh Circle,277506,277506
1,Kolkata NSH,Kolkata NSH,L1,West Bengal Circle,700001,700057
1,Kolkata NSH,Kolkata NSH,L1,West Bengal Circle,700058,700058
1,Kolkata NSH,Kolkata NSH,L1,West Bengal Circle,700059,700095
1,Kolkata NSH,Kolkata NSH,L1,West Bengal Circle,700096,700096
1,Kolkata NSH,Kolkata NSH,L1,West Bengal Circle,700097,700097
1,Kolkata NSH,Kolkata NSH,L1,West Bengal Circle,700099,700102
1,Kolkata NSH,Kolkata NSH,L1,West Bengal Circle,700103,700104
1,Kolkata NSH,Kolkata NSH,L1,West Bengal Circle,700105,700108
1,Kolkata NSH,Kolkata NSH,L1,West Bengal Circle,700109,700128
1,Kolkata NSH,Kolkata NSH,L1,West Bengal Circle,700129,700129
1,Kolkata NSH,Kolkata NSH,L1,West Bengal Circle,700130,700130
1,Kolkata NSH,Kolkata NSH,L1,West Bengal Circle,700131,700134
1,Kolkata NSH,Kolkata NSH,L1,West Bengal Circle,700135,700155
1,Kolkata NSH,Kolkata NSH,L1,West Bengal Circle,700156,700163
1,Kolkata NSH,Ranaghat ICH,L2,West Bengal Circle,741101,741103
1,Kolkata NSH,Ranaghat ICH,L2,West Bengal Circle,741121,741127
1,Kolkata NSH,Ranaghat ICH,L2,West Bengal Circle,741137,741140
1,Kolkata NSH,Ranaghat ICH,L2,West Bengal Circle,741150,741167
1,Kolkata NSH,Ranaghat ICH,L2,West Bengal Circle,741181,741181
1,Kolkata NSH,Ranaghat ICH,L2,West Bengal Circle,741201,741202
1,Kolkata NSH,Ranaghat ICH,L2,West Bengal Circle,741221,741223
1,Kolkata NSH,Ranaghat ICH,L2,West Bengal Circle,741232,741232
1,Kolkata NSH,Ranaghat ICH,L2,West Bengal Circle,741234,741235
1,Kolkata NSH,Ranaghat ICH,L2,West Bengal Circle,741238,741238
1,Kolkata NSH,Ranaghat ICH,L2,West Bengal Circle,741245,741257
1,Kolkata NSH,Ranaghat ICH,L2,West Bengal Circle,741301,741302
1,Kolkata NSH,Ranaghat ICH,L2,West Bengal Circle,741313,741313
1,Kolkata NSH,Ranaghat ICH,L2,West Bengal Circle,741315,741317
1,Kolkata NSH,Ranaghat ICH,L2,West Bengal Circle,741319,741319
1,Kolkata NSH,Ranaghat ICH,L2,West Bengal Circle,741401,741402
1,Kolkata NSH,Ranaghat ICH,L2,West Bengal Circle,741404,741404
1,Kolkata NSH,Ranaghat ICH,L2,West Bengal Circle,741501,741509
1,Kolkata NSH,Sealdah ICH,L2,West Bengal Circle,743122,743130
1,Kolkata NSH,Sealdah ICH,L2,West Bengal Circle,743133,743136
1,Kolkata NSH,Sealdah ICH,L2,West Bengal Circle,743144,743145
1,Kolkata NSH,Sealdah ICH,L2,West Bengal Circle,743193,743194
1,Kolkata NSH,Sealdah ICH,L2,West Bengal Circle,743221,743223
1,Kolkata NSH,Sealdah ICH,L2,West Bengal Circle,743232,743235
1,Kolkata NSH,Sealdah ICH,L2,West Bengal Circle,743245,743249
1,Kolkata NSH,Sealdah ICH,L2,West Bengal Circle,743251,743252
1,Kolkata NSH,Sealdah ICH,L2,West Bengal Circle,743262,743263
1,Kolkata NSH,Sealdah ICH,L2,West Bengal Circle,743268,743268
1,Kolkata NSH,Sealdah ICH,L2,West Bengal Circle,743270,743273
1,Kolkata NSH,Sealdah ICH,L2,West Bengal Circle,743286,743287
1,Kolkata NSH,Sealdah ICH,L2,West Bengal Circle,743289,743294
1,Kolkata NSH,Sealdah ICH,L2,West Bengal Circle,743297,743297
1,Kolkata NSH,Sealdah ICH,L2,West Bengal Circle,743312,743312
1,Kolkata NSH,Sealdah ICH,L2,West Bengal Circle,743318,743318
1,Kolkata NSH,Sealdah ICH,L2,West Bengal Circle,743329,743332
1,Kolkata NSH,Sealdah ICH,L2,West Bengal Circle,743336,743338
1,Kolkata NSH,Sealdah ICH,L2,West Bengal Circle,743345,743345
1,Kolkata NSH,Sealdah ICH,L2,West Bengal Circle,743347,743349
1,Kolkata NSH,Sealdah ICH,L2,West Bengal Circle,743351,743351
1,Kolkata NSH,Sealdah ICH,L2,West Bengal Circle,743354,743357
1,Kolkata NSH,Sealdah ICH,L2,West Bengal Circle,743363,743363
1,Kolkata NSH,Sealdah ICH,L2,West Bengal Circle,743368,743368
1,Kolkata NSH,Sealdah ICH,L2,West Bengal Circle,743370,743378
1,Kolkata NSH,Sealdah ICH,L2,West Bengal Circle,743383,743383
1,Kolkata NSH,Sealdah ICH,L2,West Bengal Circle,743387,743387
1,Kolkata NSH,Sealdah ICH,L2,West Bengal Circle,743395,743395
1,Kolkata NSH,Sealdah ICH,L2,West Bengal Circle,743399,743399
1,Kolkata NSH,Sealdah ICH,L2,West Bengal Circle,743401,743401
1,Kolkata NSH,Sealdah ICH,L2,West Bengal Circle,743405,743405
1,Kolkata NSH,Sealdah ICH,L2,West Bengal Circle,743411,743412
1,Kolkata NSH,Sealdah ICH,L2,West Bengal Circle,743422,743429
1,Kolkata NSH,Sealdah ICH,L2,West Bengal Circle,743435,743435
1,Kolkata NSH,Sealdah ICH,L2,West Bengal Circle,743437,743439
1,Kolkata NSH,Sealdah ICH,L2,West Bengal Circle,743442,743442
1,Kolkata NSH,Sealdah ICH,L2,West Bengal Circle,743445,743446
1,Kolkata NSH,Sealdah ICH,L2,West Bengal Circle,743456,743456
1,Kolkata NSH,Sealdah ICH,L2,West Bengal Circle,743502,743504
1,Kolkata NSH,Sealdah ICH,L2,West Bengal Circle,743513,743513
1,Kolkata NSH,Sealdah ICH,L2,West Bengal Circle,743609,743611
1,Kolkata NSH,Sealdah ICH,L2,West Bengal Circle,743613,743613
1,Kolkata NSH,Sealdah ICH,L2,West Bengal Circle,743701,743702
1,Kolkata NSH,Sealdah ICH,L2,West Bengal Circle,743704,743704
1,Kolkata NSH,Sealdah ICH,L2,West Bengal Circle,743710,743711
1,Kolkata NSH,Sainthia ICH,L2,West Bengal Circle,731101,731104
1,Kolkata NSH,Sainthia ICH,L2,West Bengal Circle,731121,731121
1,Kolkata NSH,Sainthia ICH,L2,West Bengal Circle,731123,731127
1,Kolkata NSH,Sainthia ICH,L2,West Bengal Circle,731129,731130
1,Kolkata NSH,Sainthia ICH,L2,West Bengal Circle,731132,731133
1,Kolkata NSH,Sainthia ICH,L2,West Bengal Circle,731201,731202
1,Kolkata NSH,Sainthia ICH,L2,West Bengal Circle,731204,731204
1,Kolkata NSH,Sainthia ICH,L2,West Bengal Circle,731214,731216
1,Kolkata NSH,Sainthia ICH,L2,West Bengal Circle,731218,731224
1,Kolkata NSH,Sainthia ICH,L2,West Bengal Circle,731233,731238
1,Kolkata NSH,Sainthia ICH,L2,West Bengal Circle,731240,731245
1,Kolkata NSH,Sainthia ICH,L2,West Bengal Circle,731301,731304
1,Kolkata NSH,Howrah ICH,L2,West Bengal Circle,711101,711115
1,Kolkata NSH,Howrah ICH,L2,West Bengal Circle,711201,711206
1,Kolkata NSH,Howrah ICH,L2,West Bengal Circle,711225,711227
1,Kolkata NSH,Howrah ICH,L2,West Bengal Circle,711301,711310
1,Kolkata NSH,Howrah ICH,L2,West Bengal Circle,711312,711317
1,Kolkata NSH,Howrah ICH,L2,West Bengal Circle,711322,711322
1,Kolkata NSH,Howrah ICH,L2,West Bengal Circle,711331,711331
1,Kolkata NSH,Howrah ICH,L2,West Bengal Circle,711401,711401
1,Kolkata NSH,Howrah ICH,L2,West Bengal Circle,711403,711405
1,Kolkata NSH,Howrah ICH,L2,West Bengal Circle,711408,711414
1,Kolkata NSH,Howrah ICH,L2,West Bengal Circle,712101,712105
1,Kolkata NSH,Howrah ICH,L2,West Bengal Circle,712121,712125
1,Kolkata NSH,Howrah ICH,L2,West Bengal Circle,712134,712139
1,Kolkata NSH,Howrah ICH,L2,West Bengal Circle,712146,712149
1,Kolkata NSH,Howrah ICH,L2,West Bengal Circle,712152,712152
1,Kolkata NSH,Howrah ICH,L2,West Bengal Circle,712201,712204
1,Kolkata NSH,Howrah ICH,L2,West Bengal Circle,712221,712223
1,Kolkata NSH,Howrah ICH,L2,West Bengal Circle,712232,712235
1,Kolkata NSH,Howrah ICH,L2,West Bengal Circle,712245,712246
1,Kolkata NSH,Howrah ICH,L2,West Bengal Circle,712248,712250
1,Kolkata NSH,Howrah ICH,L2,West Bengal Circle,712258,712258
1,Kolkata NSH,Howrah ICH,L2,West Bengal Circle,712291,712291
1,Kolkata NSH,Howrah ICH,L2,West Bengal Circle,712301,712306
1,Kolkata NSH,Howrah ICH,L2,West Bengal Circle,712308,712309
1,Kolkata NSH,Howrah ICH,L2,West Bengal Circle,712310,712311
1,Kolkata NSH,Howrah ICH,L2,West Bengal Circle,712401,712410
1,Kolkata NSH,Howrah ICH,L2,West Bengal Circle,712412,712417
1,Kolkata NSH,Howrah ICH,L2,West Bengal Circle,712501,712504
1,Kolkata NSH,Howrah ICH,L2,West Bengal Circle,712512,712515
1,Kolkata NSH,Howrah ICH,L2,West Bengal Circle,712601,712602
1,Kolkata NSH,Howrah ICH,L2,West Bengal Circle,712611,712617
1,Kolkata NSH,Howrah ICH,L2,West Bengal Circle,712701,712702
1,Kolkata NSH,Howrah ICH,L2,West Bengal Circle,712706,712706
1,Kolkata NSH,Berhampore ICH,L2,West Bengal Circle,742101,742104
1,Kolkata NSH,Berhampore ICH,L2,West Bengal Circle,742113,742113
1,Kolkata NSH,Berhampore ICH,L2,West Bengal Circle,742121,742123
1,Kolkata NSH,Berhampore ICH,L2,West Bengal Circle,742132,742138
1,Kolkata NSH,Berhampore ICH,L2,West Bengal Circle,742140,742140
1,Kolkata NSH,Berhampore ICH,L2,West Bengal Circle,742147,742149
1,Kolkata NSH,Berhampore ICH,L2,West Bengal Circle,742151,742151
1,Kolkata NSH,Berhampore ICH,L2,West Bengal Circle,742159,742161
1,Kolkata NSH,Berhampore ICH,L2,West Bengal Circle,742163,742166
1,Kolkata NSH,Berhampore ICH,L2,West Bengal Circle,742168,742168
1,Kolkata NSH,Berhampore ICH,L2,West Bengal Circle,742174,742175
1,Kolkata NSH,Berhampore ICH,L2,West Bengal Circle,742184,742184
1,Kolkata NSH,Berhampore ICH,L2,West Bengal Circle,742187,742187
1,Kolkata NSH,Berhampore ICH,L2,West Bengal Circle,742189,742189
1,Kolkata NSH,Berhampore ICH,L2,West Bengal Circle,742201,742202
1,Kolkata NSH,Berhampore ICH,L2,West Bengal Circle,742212,742213
1,Kolkata NSH,Berhampore ICH,L2,West Bengal Circle,742223,742227
1,Kolkata NSH,Berhampore ICH,L2,West Bengal Circle,742235,742238
1,Kolkata NSH,Berhampore ICH,L2,West Bengal Circle,742301,742306
1,Kolkata NSH,Berhampore ICH,L2,West Bengal Circle,742308,742308
1,Kolkata NSH,Berhampore ICH,L2,West Bengal Circle,742401,742402
1,Kolkata NSH,Berhampore ICH,L2,West Bengal Circle,742404,742410
1,Kolkata NSH,Burdwan ICH,L2,West Bengal Circle,713101,713101
1,Kolkata NSH,Burdwan ICH,L2,West Bengal Circle,713102,713102
1,Kolkata NSH,Burdwan ICH,L2,West Bengal Circle,713103,713104
1,Kolkata NSH,Burdwan ICH,L2,West Bengal Circle,713121,713132
1,Kolkata NSH,Burdwan ICH,L2,West Bengal Circle,713140,713154
1,Kolkata NSH,Burdwan ICH,L2,West Bengal Circle,713166,713166
1,Kolkata NSH,Burdwan ICH,L2,West Bengal Circle,713201,713217
1,Kolkata NSH,Burdwan ICH,L2,West Bengal Circle,713401,713401
1,Kolkata NSH,Burdwan ICH,L2,West Bengal Circle,713403,713409
1,Kolkata NSH,Burdwan ICH,L2,West Bengal Circle,713420,713424
1,Kolkata NSH,Burdwan ICH,L2,West Bengal Circle,713426,713428
1,Kolkata NSH,Burdwan ICH,L2,West Bengal Circle,713502,713502
1,Kolkata NSH,Burdwan ICH,L2,West Bengal Circle,713512,713515
1,Kolkata NSH,Burdwan ICH,L2,West Bengal Circle,713519,713520
1,Kolkata NSH,Asansol ICH,L2,West Bengal Circle,713301,713305
1,Kolkata NSH,Asansol ICH,L2,West Bengal Circle,713315,713315
1,Kolkata NSH,Asansol ICH,L2,West Bengal Circle,713321,713326
1,Kolkata NSH,Asansol ICH,L2,West Bengal Circle,713330,713344
1,Kolkata NSH,Asansol ICH,L2,West Bengal Circle,713346,713347
1,Kolkata NSH,Asansol ICH,L2,West Bengal Circle,713357,713363
1,Kolkata NSH,Asansol ICH,L2,West Bengal Circle,713365,713365
1,Kolkata NSH,Asansol ICH,L2,West Bengal Circle,713369,713373
1,Kolkata NSH,Asansol ICH,L2,West Bengal Circle,713376,713376
1,Kolkata NSH,Asansol ICH,L2,West Bengal Circle,713378,713378
1,Kolkata NSH,Asansol ICH,L2,West Bengal Circle,713381,713381
1,Kolkata NSH,Asansol ICH,L2,West Bengal Circle,713384,713386
1,Kolkata NSH,Kharagpur ICH,L2,West Bengal Circle,721101,721102
1,Kolkata NSH,Kharagpur ICH,L2,West Bengal Circle,721121,721129
1,Kolkata NSH,Kharagpur ICH,L2,West Bengal Circle,721131,721133
1,Kolkata NSH,Kharagpur ICH,L2,West Bengal Circle,721135,721136
1,Kolkata NSH,Kharagpur ICH,L2,West Bengal Circle,721140,721140
1,Kolkata NSH,Kharagpur ICH,L2,West Bengal Circle,721143,721147
1,Kolkata NSH,Kharagpur ICH,L2,West Bengal Circle,721149,721150
1,Kolkata NSH,Kharagpur ICH,L2,West Bengal Circle,721155,721157
1,Kolkata NSH,Kharagpur ICH,L2,West Bengal Circle,721159,721166
1,Kolkata NSH,Kharagpur ICH,L2,West Bengal Circle,721201,721260
1,Kolkata NSH,Kharagpur ICH,L2,West Bengal Circle,721301,721306
1,Kolkata NSH,Kharagpur ICH,L2,West Bengal Circle,721400,721499
1,Kolkata NSH,Kharagpur ICH,L2,West Bengal Circle,721500,721599
1,Kolkata NSH,Panskura ICH,L2,West Bengal Circle,721130,721130
1,Kolkata NSH,Panskura ICH,L2,West Bengal Circle,721134,721134
1,Kolkata NSH,Panskura ICH,L2,West Bengal Circle,721137,721137
1,Kolkata NSH,Panskura ICH,L2,West Bengal Circle,721139,721139
1,Kolkata NSH,Panskura ICH,L2,West Bengal Circle,721148,721148
1,Kolkata NSH,Panskura ICH,L2,West Bengal Circle,721151,721154
1,Kolkata NSH,Panskura ICH,L2,West Bengal Circle,721158,721158
1,Kolkata NSH,Panskura ICH,L2,West Bengal Circle,721171,721172
1,Kolkata NSH,Panskura ICH,L2,West Bengal Circle,721600,721699
1,Kolkata NSH,Bankura ICH,L2,West Bengal Circle,722101,722102
1,Kolkata NSH,Bankura ICH,L2,West Bengal Circle,722121,722122
1,Kolkata NSH,Bankura ICH,L2,West Bengal Circle,722132,722144
1,Kolkata NSH,Bankura ICH,L2,West Bengal Circle,722146,722158
1,Kolkata NSH,Bankura ICH,L2,West Bengal Circle,722160,722162
1,Kolkata NSH,Bankura ICH,L2,West Bengal Circle,722164,722164
1,Kolkata NSH,Bankura ICH,L2,West Bengal Circle,722173,722173
1,Kolkata NSH,Bankura ICH,L2,West Bengal Circle,722176,722176
1,Kolkata NSH,Bankura ICH,L2,West Bengal Circle,722183,722183
1,Kolkata NSH,Bankura ICH,L2,West Bengal Circle,722201,722208
1,Kolkata NSH,Purulia ICH,L2,West Bengal Circle,723101,723104
1,Kolkata NSH,Purulia ICH,L2,West Bengal Circle,723121,723121
1,Kolkata NSH,Purulia ICH,L2,West Bengal Circle,723126,723134
1,Kolkata NSH,Purulia ICH,L2,West Bengal Circle,723142,723143
1,Kolkata NSH,Purulia ICH,L2,West Bengal Circle,723145,723149
1,Kolkata NSH,Purulia ICH,L2,West Bengal Circle,723151,723156
1,Kolkata NSH,Purulia ICH,L2,West Bengal Circle,723201,723202
1,Kolkata NSH,Purulia ICH,L2,West Bengal Circle,723212,723213
1,Kolkata NSH,Purulia ICH,L2,West Bengal Circle,723215,723215
1,Kolkata NSH,Port Blair ICH,L2,West Bengal Circle,744101,744102
1,Kolkata NSH,Port Blair ICH,L2,West Bengal Circle,744103,744103
1,Kolkata NSH,Port Blair ICH,L2,West Bengal Circle,744104,744104
1,Kolkata NSH,Port Blair ICH,L2,West Bengal Circle,744105,744105
1,Kolkata NSH,Port Blair ICH,L2,West Bengal Circle,744106,744106
1,Kolkata NSH,Port Blair ICH,L2,West Bengal Circle,744107,744107
1,Kolkata NSH,Port Blair ICH,L2,West Bengal Circle,744112,744112
1,Kolkata NSH,Port Blair ICH,L2,West Bengal Circle,744201,744207
1,Kolkata NSH,Port Blair ICH,L2,West Bengal Circle,744209,744211
1,Kolkata NSH,Port Blair ICH,L2,West Bengal Circle,744301,744304
1,Guwahati NSH,Dibrugarh ICH,L2,Assam Circle,792000,792050
1,Guwahati NSH,Dibrugarh ICH,L2,Assam Circle,792052,792060
1,Guwahati NSH,Dibrugarh ICH,L2,Assam Circle,792062,792999
1,Guwahati NSH,Silchar ICH,L2,Assam Circle,788815,788817
1,Guwahati NSH,Silchar ICH,L2,Assam Circle,788821,788829
1,Guwahati NSH,Silchar ICH,L2,Assam Circle,788833,788930
1,Patna NSH,Patna NSH,L1,Bihar Circle,803101,803108
1,Patna NSH,ICH KATIHAR,L2,Bihar Circle,854101,854104
1,Patna NSH,ICH KATIHAR,L2,Bihar Circle,854106,854108
1,Raipur NSH,Durg ICH,L2,Chhattisgarh Circle,490020,490020
1,Raipur NSH,Durg ICH,L2,Chhattisgarh Circle,490021,490021
1,Raipur NSH,Durg ICH,L2,Chhattisgarh Circle,490022,490022
1,Raipur NSH,Durg ICH,L2,Chhattisgarh Circle,490023,491996
1,New Delhi NSH,ICH Leh,L2,Jammu and Kashmir Circle,194402,194999
1,Jammu NSH,Jammu NSH,L1,Jammu and Kashmir Circle,180000,180000
1,Jammu NSH,Jammu NSH,L1,Jammu and Kashmir Circle,185235,185999
1,Srinagar NSH,Srinagar NSH,L1,Jammu and Kashmir Circle,193506,193999
1,NSH Gurgaon,NSH Gurgaon,L1,Haryana Circle,122001,123999
1,Rohtak NSH,Rohtak NSH,L1,Haryana Circle,126000,127999
1,Mangaluru NSH,Mangaluru NSH,L1,Karnataka Circle,574000,574999
1,Mangaluru NSH,Mangaluru NSH,L1,Karnataka Circle,576001,576999
1,Bengaluru NSH,DAVANAGERE ICH,L2,Karnataka Circle,577551,577599
1,Bengaluru NSH,Arsikere ICH,L2,Karnataka Circle,577116,577182
1,Bengaluru NSH,SHIVAMOGGA ICH,L2,Karnataka Circle,577211,577212
1,Bengaluru NSH,SHIVAMOGGA ICH,L2,Karnataka Circle,577214,577214
1,Bengaluru NSH,SHIVAMOGGA ICH,L2,Karnataka Circle,577216,577216
1,Bengaluru NSH,SHIVAMOGGA ICH,L2,Karnataka Circle,577220,577220
1,Bengaluru NSH,SHIVAMOGGA ICH,L2,Karnataka Circle,577222,577222
1,Hubballi Dharwad NSH,Hosapete ICH,L2,Karnataka Circle,583100,583200
1,Hubballi Dharwad NSH,Hosapete ICH,L2,Karnataka Circle,583204,583210
1,Hubballi Dharwad NSH,Hosapete ICH,L2,Karnataka Circle,583212,583224
1,Hubballi Dharwad NSH,Hosapete ICH,L2,Karnataka Circle,583226,583299
1,Nagpur NSH,Nagpur NSH,L1,Maharashtra Circle,441201,441204
1,Kolkata NSH,Sealdah ICH,L2,West Bengal Circle,743165,743166
1,Ambala NSH,ICH KALKA,L2,Himachal Pradesh Circle,171102,171102
1,Ambala NSH,ICH KALKA,L2,Himachal Pradesh Circle,173000,173101
1,Ambala NSH,IC HUB MANDI,L2,Himachal Pradesh Circle,174000,174100
1,Ambala NSH,IC HUB MANDI,L2,Himachal Pradesh Circle,174104,174299
1,Ambala NSH,IC HUB MANDI,L2,Himachal Pradesh Circle,174310,174310
1,Ambala NSH,IC HUB MANDI,L2,Himachal Pradesh Circle,175000,175001
1,Ambala NSH,IC HUB MANDI,L2,Himachal Pradesh Circle,175002,175999
1,Ambala NSH,IC HUB MANDI,L2,Himachal Pradesh Circle,176090,176090
1,Siliguri NSH,Siliguri NSH,L1,West Bengal Circle,733201,733202
1,Siliguri NSH,Siliguri NSH,L1,West Bengal Circle,733207,733210
1,Siliguri NSH,Siliguri NSH,L1,West Bengal Circle,733215,733215
1,Siliguri NSH,Siliguri NSH,L1,West Bengal Circle,734001,734001
1,Siliguri NSH,Siliguri NSH,L1,West Bengal Circle,734002,734002
1,Siliguri NSH,Siliguri NSH,L1,West Bengal Circle,734003,734007
1,Siliguri NSH,Siliguri NSH,L1,West Bengal Circle,734008,734010
1,Siliguri NSH,Siliguri NSH,L1,West Bengal Circle,734011,734012
1,Siliguri NSH,Siliguri NSH,L1,West Bengal Circle,734013,734014
1,Siliguri NSH,Siliguri NSH,L1,West Bengal Circle,734015,734015
1,Siliguri NSH,Siliguri NSH,L1,West Bengal Circle,734091,734091
1,Siliguri NSH,Siliguri NSH,L1,West Bengal Circle,734101,734105
1,Siliguri NSH,Siliguri NSH,L1,West Bengal Circle,734201,734201
1,Siliguri NSH,Siliguri NSH,L1,West Bengal Circle,734203,734204
1,Siliguri NSH,Siliguri NSH,L1,West Bengal Circle,734209,734209
1,Siliguri NSH,Siliguri NSH,L1,West Bengal Circle,734213,734218
1,Siliguri NSH,Siliguri NSH,L1,West Bengal Circle,734220,734224
1,Siliguri NSH,Siliguri NSH,L1,West Bengal Circle,734226,734226
1,Siliguri NSH,Siliguri NSH,L1,West Bengal Circle,734301,734301
1,Siliguri NSH,Siliguri NSH,L1,West Bengal Circle,734311,734316
1,Siliguri NSH,Siliguri NSH,L1,West Bengal Circle,734421,734421
1,Siliguri NSH,Siliguri NSH,L1,West Bengal Circle,734423,734427
1,Siliguri NSH,Siliguri NSH,L1,West Bengal Circle,734429,734429
1,Siliguri NSH,Siliguri NSH,L1,West Bengal Circle,734434,734434
1,Siliguri NSH,Siliguri NSH,L1,West Bengal Circle,734501,734501
1,Siliguri NSH,Siliguri NSH,L1,West Bengal Circle,734503,734503
1,Siliguri NSH,Siliguri NSH,L1,West Bengal Circle,735101,735102
1,Siliguri NSH,Siliguri NSH,L1,West Bengal Circle,735121,735122
1,Siliguri NSH,Siliguri NSH,L1,West Bengal Circle,735132,735135
1,Siliguri NSH,Siliguri NSH,L1,West Bengal Circle,735202,735234
1,Siliguri NSH,Siliguri NSH,L1,West Bengal Circle,735301,735305
1,Siliguri NSH,Siliguri NSH,L1,West Bengal Circle,736101,736101
1,Siliguri NSH,Siliguri NSH,L1,West Bengal Circle,736121,736123
1,Siliguri NSH,Siliguri NSH,L1,West Bengal Circle,736131,736131
1,Siliguri NSH,Siliguri NSH,L1,West Bengal Circle,736133,736135
1,Siliguri NSH,Siliguri NSH,L1,West Bengal Circle,736145,736146
1,Siliguri NSH,Siliguri NSH,L1,West Bengal Circle,736156,736160
1,Siliguri NSH,Siliguri NSH,L1,West Bengal Circle,736165,736165
1,Siliguri NSH,Siliguri NSH,L1,West Bengal Circle,736167,736172
1,Siliguri NSH,Siliguri NSH,L1,West Bengal Circle,736176,736176
1,Siliguri NSH,Siliguri NSH,L1,West Bengal Circle,736179,736179
1,Siliguri NSH,Siliguri NSH,L1,West Bengal Circle,736182,736182
1,Siliguri NSH,Siliguri NSH,L1,West Bengal Circle,736201,736208
1,Siliguri NSH,Siliguri NSH,L1,West Bengal Circle,736209,736209
1,Siliguri NSH,Siliguri NSH,L1,West Bengal Circle,737101,737103
1,Siliguri NSH,Siliguri NSH,L1,West Bengal Circle,737106,737107
1,Siliguri NSH,Siliguri NSH,L1,West Bengal Circle,737111,737111
1,Siliguri NSH,Siliguri NSH,L1,West Bengal Circle,737113,737113
1,Siliguri NSH,Siliguri NSH,L1,West Bengal Circle,737116,737116
1,Siliguri NSH,Siliguri NSH,L1,West Bengal Circle,737120,737121
1,Siliguri NSH,Siliguri NSH,L1,West Bengal Circle,737126,737126
1,Siliguri NSH,Siliguri NSH,L1,West Bengal Circle,737128,737128
1,Siliguri NSH,Siliguri NSH,L1,West Bengal Circle,737131,737136
1,Siliguri NSH,Siliguri NSH,L1,West Bengal Circle,737139,737139
1,Dehradun NSH,Dehradun NSH,L1,Uttarakhand Circle,249124,249124
1,Dehradun NSH,Dehradun NSH,L1,Uttarakhand Circle,249136,249137
1,Dehradun NSH,Rudrapur ICH,L2,Uttarakhand Circle,244720,244720
1,Dehradun NSH,Haridwar ICH,L2,Uttarakhand Circle,247658,247658
1,Dehradun NSH,Haridwar ICH,L2,Uttarakhand Circle,249412,249412
1,Dehradun NSH,Pithoragarh ICH,L2,Uttarakhand Circle,262550,262550
1,Jaipur NSH,Jaipur NSH,L1,Rajasthan Circle,303706,303706
1,Jaipur NSH,Jaipur NSH,L1,Rajasthan Circle,303712,303712
1,Jaipur NSH,Jaipur NSH,L1,Rajasthan Circle,303801,303801
1,Jaipur NSH,Jaipur NSH,L1,Rajasthan Circle,303803,303803
1,Jaipur NSH,Jaipur NSH,L1,Rajasthan Circle,303804,303807
1,Jaipur NSH,Jaipur NSH,L1,Rajasthan Circle,303901,303901
1,Jaipur NSH,Jaipur NSH,L1,Rajasthan Circle,303903,303905
1,Jaipur NSH,Jaipur NSH,L1,Rajasthan Circle,303908,303908
1,JODHPUR NSH,JODHPUR NSH,L1,Rajasthan Circle,342011,342011
1,Jaipur NSH,Ajmer ICH,L2,Rajasthan Circle,306604,306604
1,Jaipur NSH,Ajmer ICH,L2,Rajasthan Circle,312025,312025
1,Jaipur NSH,Ajmer ICH,L2,Rajasthan Circle,312628,312629
1,Jaipur NSH,Udaipur ICH,L2,Rajasthan Circle,313806,313806
1,Jaipur NSH,Kota ICH,L2,Rajasthan Circle,323305,323305
1,Jaipur NSH,Udaipur ICH,L2,Rajasthan Circle,327801,327801
1,Jaipur NSH,Sikar ICH,L2,Rajasthan Circle,333010,333010
1,JODHPUR NSH,BIKANER ICH,L2,Rajasthan Circle,334025,334025
1,JODHPUR NSH,BIKANER ICH,L2,Rajasthan Circle,341002,341003
1,JODHPUR NSH,JODHPUR NSH,L1,Rajasthan Circle,342028,342030
1,JODHPUR NSH,JODHPUR NSH,L1,Rajasthan Circle,342032,342032
1,JODHPUR NSH,JODHPUR NSH,L1,Rajasthan Circle,342306,342312
1,Guwahati NSH,Itanagar ICH,L2,North Eastern Circle,791003,791004
1,Guwahati NSH,Itanagar ICH,L2,North Eastern Circle,791105,791105
1,Guwahati NSH,Imphal ICH,L2,North Eastern Circle,795007,795007
1,Guwahati NSH,Imphal ICH,L2,North Eastern Circle,795009,795009
1,Guwahati NSH,Agartala ICH,L2,North Eastern Circle,799266,799266
1,Guwahati NSH,Agartala ICH,L2,North Eastern Circle,799282,799282
1,Hubballi Dharwad NSH,Hubballi Dharwad NSH,L1,Karnataka Circle,581237,581237
1,Bengaluru NSH,SHIVAMOGGA ICH,L2,Karnataka Circle,577226,577227
1,Bengaluru NSH,SHIVAMOGGA ICH,L2,Karnataka Circle,577232,577233
1,Bengaluru NSH,SHIVAMOGGA ICH,L2,Karnataka Circle,577243,577243
1,Bengaluru NSH,Mysuru ICH,L2,Karnataka Circle,571190,571190
1,Hubballi Dharwad NSH,Bagalkot ICH,L2,Karnataka Circle,587331,587331
1,Shimla NSH,Shimla NSH,L1,Himachal Pradesh Circle,171201,171226
1,Shimla NSH,Shimla NSH,L1,Himachal Pradesh Circle,171301,171301
1,Pathankot NSH,Pathankot NSH,L1,Himachal Pradesh Circle,176029,176033
1,Pathankot NSH,Pathankot NSH,L1,Himachal Pradesh Circle,176036,176037
1,Pathankot NSH,Pathankot NSH,L1,Himachal Pradesh Circle,176047,176047
1,Pathankot NSH,Pathankot NSH,L1,Himachal Pradesh Circle,176052,176052
1,Pathankot NSH,Pathankot NSH,L1,Himachal Pradesh Circle,176054,176054
1,Pathankot NSH,Pathankot NSH,L1,Himachal Pradesh Circle,176059,176067
1,Pathankot NSH,Pathankot NSH,L1,Himachal Pradesh Circle,176071,176071
1,Pathankot NSH,Pathankot NSH,L1,Himachal Pradesh Circle,176073,176073
1,Pathankot NSH,Pathankot NSH,L1,Himachal Pradesh Circle,176075,176077
1,Pathankot NSH,Pathankot NSH,L1,Himachal Pradesh Circle,176081,176089
1,Pathankot NSH,Pathankot NSH,L1,Himachal Pradesh Circle,176091,176098
1,Pathankot NSH,Pathankot NSH,L1,Himachal Pradesh Circle,176101,176103
1,Pathankot NSH,Pathankot NSH,L1,Himachal Pradesh Circle,176107,176107
1,Pathankot NSH,Pathankot NSH,L1,Himachal Pradesh Circle,176115,176115
1,Pathankot NSH,Pathankot NSH,L1,Himachal Pradesh Circle,176125,176125
1,Pathankot NSH,Pathankot NSH,L1,Himachal Pradesh Circle,176128,176128
1,Pathankot NSH,Pathankot NSH,L1,Himachal Pradesh Circle,176200,176211
1,Pathankot NSH,Pathankot NSH,L1,Himachal Pradesh Circle,176214,176218
1,Pathankot NSH,Pathankot NSH,L1,Himachal Pradesh Circle,176225,176225
1,Pathankot NSH,Pathankot NSH,L1,Himachal Pradesh Circle,176301,176321
1,Pathankot NSH,Pathankot NSH,L1,Himachal Pradesh Circle,176323,176326
1,Pathankot NSH,Pathankot NSH,L1,Himachal Pradesh Circle,176330,176330
1,Pathankot NSH,Pathankot NSH,L1,Himachal Pradesh Circle,176401,176403
1,Pathankot NSH,Pathankot NSH,L1,Himachal Pradesh Circle,176501,176502
1,Pathankot NSH,Pathankot NSH,L1,Himachal Pradesh Circle,177034,177034
1,Pathankot NSH,Pathankot NSH,L1,Himachal Pradesh Circle,177043,177043
1,Pathankot NSH,Pathankot NSH,L1,Himachal Pradesh Circle,177101,177101
1,Pathankot NSH,Pathankot NSH,L1,Himachal Pradesh Circle,177103,177108
1,Pathankot NSH,Pathankot NSH,L1,Himachal Pradesh Circle,177111,177114
1,Pathankot NSH,Pathankot NSH,L1,Himachal Pradesh Circle,177117,177117
1,Siliguri NSH,Malda ICH,L1,West Bengal Circle,732101,732103
1,Siliguri NSH,Malda ICH,L1,West Bengal Circle,732121,732128
1,Siliguri NSH,Malda ICH,L1,West Bengal Circle,732138,732142
1,Siliguri NSH,Malda ICH,L1,West Bengal Circle,732144,732144
1,Siliguri NSH,Malda ICH,L1,West Bengal Circle,732201,732210
1,Siliguri NSH,Malda ICH,L1,West Bengal Circle,732215,732216
1,Siliguri NSH,Malda ICH,L1,West Bengal Circle,733101,733103
1,Siliguri NSH,Malda ICH,L1,West Bengal Circle,733121,733130
1,Siliguri NSH,Malda ICH,L1,West Bengal Circle,733132,733134
1,Siliguri NSH,Malda ICH,L1,West Bengal Circle,733139,733139
1,Siliguri NSH,Malda ICH,L1,West Bengal Circle,733140,733143
1,Siliguri NSH,Malda ICH,L1,West Bengal Circle,733145,733145
1,Siliguri NSH,Malda ICH,L1,West Bengal Circle,733156,733156
1,Siliguri NSH,Malda ICH,L1,West Bengal Circle,733158,733158
1,Ludhiana NSH,Ludhiana NSH,L1,Punjab Circle,148002,148002
1,Ludhiana NSH,Ludhiana NSH,L1,Punjab Circle,148109,148109
1,Chandigarh NSH,Chandigarh NSH,L1,Punjab Circle,140001,140001
1,Ludhiana NSH,Ferozepur ICH,L2,Punjab Circle,152003,152003
1,Ludhiana NSH,Ferozepur ICH,L2,Punjab Circle,152004,152004
1,Ludhiana NSH,Ferozepur ICH,L2,Punjab Circle,152005,152005
1,Ludhiana NSH,Amritsar ICH,L2,Punjab Circle,143002,143002
1,Ludhiana NSH,Amritsar ICH,L2,Punjab Circle,143005,143005
1,Jaipur NSH,Jaipur NSH,L1,Rajasthan Circle,321608,321609
1,Jaipur NSH,Jaipur NSH,L1,Rajasthan Circle,321612,321613
1,Jaipur NSH,Jaipur NSH,L1,Rajasthan Circle,322240,322240
1,Nashik Road NSH,Nashik Road NSH,L1,Maharashtra Circle,422401,422401
1,Nagpur NSH,Nagpur NSH,L1,Maharashtra Circle,441124,441124
1,Nagpur NSH,Nagpur NSH,L1,Maharashtra Circle,442003,442003
1,Nagpur NSH,Nagpur NSH,L1,Maharashtra Circle,442107,442107
1,Nagpur NSH,Nagpur NSH,L1,Maharashtra Circle,442111,442111
1,Mumbai NSH,Mumbai NSH,L1,Maharashtra Circle,401108,401108
1,Mumbai NSH,Mumbai NSH,L1,Maharashtra Circle,401205,401206
1,Mumbai NSH,Mumbai NSH,L1,Maharashtra Circle,401301,401301
1,Mumbai NSH,Mumbai NSH,L1,Maharashtra Circle,401302,401302
1,Pune NSH,Kolhapur ICH,L2,Maharashtra Circle,416231,416231
1,Pune NSH,Kolhapur ICH,L2,Maharashtra Circle,416527,416527
1,Nashik Road NSH,Chhatrapati Sambhajinagar ICH,L2,Maharashtra Circle,431215,431215
1,Nashik Road NSH,Parbhani ICH,L2,Maharashtra Circle,431543,431543
1,Nashik Road NSH,Parbhani ICH,L2,Maharashtra Circle,431720,431720
1,Nashik Road NSH,NANDED ICH,L2,Maharashtra Circle,431721,431721
1,Nashik Road NSH,NANDED ICH,L2,Maharashtra Circle,431722,431722
1,Nashik Road NSH,NANDED ICH,L2,Maharashtra Circle,431723,431723
1,Nashik Road NSH,NANDED ICH,L2,Maharashtra Circle,431724,431724
1,THANE NSH,Panvel ICH,L2,Maharashtra Circle,410205,410205
1,Patna NSH,Muzaffarpur ICH,L2,Bihar Circle,842001,842003
1,Patna NSH,ICH Motihari,L2,Bihar Circle,845437,845441
1,Patna NSH,ICH Motihari,L2,Bihar Circle,845449,845454
1,Patna NSH,ICH KATIHAR,L2,Bihar Circle,854109,854109
1,Patna NSH,Patna NSH,L1,Bihar Circle,801503,801503
1,Patna NSH,Patna NSH,L1,Bihar Circle,801505,801507
1,Patna NSH,Patna NSH,L1,Bihar Circle,802224,802224
1,Patna NSH,Kiul ICH,L2,Bihar Circle,805113,805114
1,Patna NSH,Kiul ICH,L2,Bihar Circle,805132,805132
1,Patna NSH,Kiul ICH,L2,Bihar Circle,805141,805142
1,Patna NSH,Kiul ICH,L2,Bihar Circle,811306,811306
1,Patna NSH,Patna NSH,L1,Bihar Circle,843110,843110
1,Patna NSH,Patna NSH,L1,Bihar Circle,843114,843114
1,Indore NSH,Indore NSH,L1,Madhya Pradesh Circle,452008,452008
1,Indore NSH,KHANDWA ICH,L2,Madhya Pradesh Circle,451114,451114
1,Indore NSH,Ratlam ICH,L2,Madhya Pradesh Circle,457111,457111
1,Bhopal NSH,Guna ICH,L2,Madhya Pradesh Circle,473330,473330
1,Bhopal NSH,Jabalpur ICH,L2,Madhya Pradesh Circle,482007,482007
1,Bhopal NSH,Katni ICH,L2,Madhya Pradesh Circle,484881,484881
1,Visakhapatnam NSH,Visakhapatnam NSH,L1,Andhra Pradesh Circle,530011,530015
1,Visakhapatnam NSH,Visakhapatnam NSH,L1,Andhra Pradesh Circle,531040,531040
1,Vijayawada NSH,Eluru ICH,L2,Andhra Pradesh Circle,534004,534006
1,Guwahati NSH,Dibrugarh ICH,L2,Assam Circle,785675,785676
1,Guwahati NSH,Nagaon ICH,L2,Assam Circle,782001,782004
1,Bhubaneswar NSH,Bhubaneswar NSH,L1,Odisha Circle,751035,751035
1,Bhubaneswar NSH,Jajpur Road ICH,L2,Odisha Circle,755062,755063
1,Madurai NSH,Madurai NSH,L1,Tamilnadu Circle,623512,623519
1,Madurai NSH,Madurai NSH,L1,Tamilnadu Circle,625520,625523
1,Chennai NSH,Chennai NSH,L1,Tamilnadu Circle,603103,603103
1,Chennai NSH,Chennai NSH,L1,Tamilnadu Circle,603112,603112
1,Madurai NSH,Virudhunagar ICH,L2,Tamilnadu Circle,626101,626110
1,Madurai NSH,Tirunelveli ICH,L2,Tamilnadu Circle,627011,627012
1,Madurai NSH,Tirunelveli ICH,L2,Tamilnadu Circle,627818,627818
1,Madurai NSH,Tirunelveli ICH,L2,Tamilnadu Circle,627851,627862
1,Madurai NSH,Tirunelveli ICH,L2,Tamilnadu Circle,627953,627953
1,Madurai NSH,Tirunelveli ICH,L2,Tamilnadu Circle,627951,627951
1,Madurai NSH,Tuticorin ICH,L2,Tamilnadu Circle,628155,628155
1,Chennai NSH,Vellore ICH,L1,Tamilnadu Circle,631001,631006
1,Chennai NSH,Vellore ICH,L1,Tamilnadu Circle,631051,631052
1,Chennai NSH,Vellore ICH,L1,Tamilnadu Circle,631101,631102
1,Chennai NSH,Vellore ICH,L1,Tamilnadu Circle,631151,631152
1,Chennai NSH,Vellore ICH,L1,Tamilnadu Circle,631201,631213
1,Chennai NSH,Vellore ICH,L1,Tamilnadu Circle,631301,631304
1,Chennai NSH,Vellore ICH,L1,Tamilnadu Circle,631402,631402
1,Chennai NSH,Vellore ICH,L1,Tamilnadu Circle,631501,631503
1,Chennai NSH,Vellore ICH,L1,Tamilnadu Circle,631551,631553
1,Chennai NSH,Vellore ICH,L1,Tamilnadu Circle,631561,631561
1,Chennai NSH,Vellore ICH,L1,Tamilnadu Circle,631601,631601
1,Chennai NSH,Vellore ICH,L1,Tamilnadu Circle,631603,631606
1,Chennai NSH,Vellore ICH,L1,Tamilnadu Circle,631701,631702
1,Chennai NSH,Vellore ICH,L1,Tamilnadu Circle,632001,632002
1,Chennai NSH,Vellore ICH,L1,Tamilnadu Circle,632004,632004
1,Chennai NSH,Vellore ICH,L1,Tamilnadu Circle,632006,632009
1,Chennai NSH,Vellore ICH,L1,Tamilnadu Circle,632010,632011
1,Chennai NSH,Vellore ICH,L1,Tamilnadu Circle,632012,632014
1,Chennai NSH,Vellore ICH,L1,Tamilnadu Circle,632055,632055
1,Chennai NSH,Vellore ICH,L1,Tamilnadu Circle,632057,632059
1,Chennai NSH,Vellore ICH,L1,Tamilnadu Circle,632101,632107
1,Chennai NSH,Vellore ICH,L1,Tamilnadu Circle,632113,632115
1,Chennai NSH,Vellore ICH,L1,Tamilnadu Circle,632201,632204
1,Chennai NSH,Vellore ICH,L1,Tamilnadu Circle,632209,632209
1,Chennai NSH,Vellore ICH,L1,Tamilnadu Circle,632301,632301
1,Chennai NSH,Vellore ICH,L1,Tamilnadu Circle,632311,632319
1,Chennai NSH,Vellore ICH,L1,Tamilnadu Circle,632326,632326
1,Chennai NSH,Vellore ICH,L1,Tamilnadu Circle,632401,632401
1,Chennai NSH,Vellore ICH,L1,Tamilnadu Circle,632403,632406
1,Chennai NSH,Vellore ICH,L1,Tamilnadu Circle,632501,632521
1,Chennai NSH,Vellore ICH,L1,Tamilnadu Circle,632531,632531
1,Chennai NSH,Vellore ICH,L1,Tamilnadu Circle,632601,632604
1,Chennai NSH,Jolarpettai ICH,L1,Tamilnadu Circle,635001,635002
1,Chennai NSH,Jolarpettai ICH,L1,Tamilnadu Circle,635101,635124
1,Chennai NSH,Jolarpettai ICH,L1,Tamilnadu Circle,635126,635126
1,Chennai NSH,Jolarpettai ICH,L1,Tamilnadu Circle,635130,635130
1,Chennai NSH,Jolarpettai ICH,L1,Tamilnadu Circle,635203,635204
1,Chennai NSH,Jolarpettai ICH,L1,Tamilnadu Circle,635206,635207
1,Chennai NSH,Jolarpettai ICH,L1,Tamilnadu Circle,635304,635304
1,Chennai NSH,Jolarpettai ICH,L1,Tamilnadu Circle,635306,635307
1,Chennai NSH,Jolarpettai ICH,L1,Tamilnadu Circle,635601,635602
1,Chennai NSH,Jolarpettai ICH,L1,Tamilnadu Circle,635651,635655
1,Chennai NSH,Jolarpettai ICH,L1,Tamilnadu Circle,635701,635703
1,Chennai NSH,Jolarpettai ICH,L1,Tamilnadu Circle,635710,635710
1,Chennai NSH,Jolarpettai ICH,L1,Tamilnadu Circle,635751,635752
1,Chennai NSH,Jolarpettai ICH,L1,Tamilnadu Circle,635754,635754
1,Chennai NSH,Jolarpettai ICH,L1,Tamilnadu Circle,635801,635815
1,Chennai NSH,Jolarpettai ICH,L1,Tamilnadu Circle,635851,635851
1,Chennai NSH,Jolarpettai ICH,L1,Tamilnadu Circle,635852,635854
1,Chennai NSH,Jolarpettai ICH,L1,Tamilnadu Circle,635901,635901
1,Varanasi NSH,Varanasi NSH,L1,Uttar Pradesh Circle,221011,221012
1,Varanasi NSH,Varanasi NSH,L1,Uttar Pradesh Circle,221101,221101
1,Varanasi NSH,Varanasi NSH,L1,Uttar Pradesh Circle,221103,221112
1,Varanasi NSH,Varanasi NSH,L1,Uttar Pradesh Circle,221115,221116
1,Varanasi NSH,Varanasi NSH,L1,Uttar Pradesh Circle,233221,233234
1,Ghaziabad NSH,Ghaziabad NSH,L1,Uttar Pradesh Circle,201309,201320
1,Ghaziabad NSH,Ghaziabad NSH,L1,Uttar Pradesh Circle,203135,203135
1,Ghaziabad NSH,Ghaziabad NSH,L1,Uttar Pradesh Circle,203150,203150
1,Lucknow NSH,Lucknow NSH,L1,Uttar Pradesh Circle,228125,228125
1,Lucknow NSH,Gorakhpur ICH,L2,Uttar Pradesh Circle,273155,273155
1,Varanasi NSH,Mau ICH,L2,Uttar Pradesh Circle,276301,276306
1,Lucknow NSH,Kheri ICH,L2,Uttar Pradesh Circle,261301,261304
1,Lucknow NSH,Ayodhya ICH,L2,Uttar Pradesh Circle,224238,224239
1,Lucknow NSH,Shahjahanpur ICH,L2,Uttar Pradesh Circle,241401,241407
1,Chennai NSH,Villupuram RMS  MIX,L2,Tamilnadu Circle,606201,606209
1,1CBPO,1CBPO,L1,APS CIRCLE,900056,900056
1,2CBPO,2CBPO,L1,APS CIRCLE,900099,900099